[0:02:03.839503686] [3553]  INFO Camera camera_manager.cpp:340 libcamera v0.7.1+212-bc1ad58b
[0:02:03.920759479] [3565]  INFO AtomispPipeline atomisp.cpp:2298 AtomISP hardware revision 0x00002010
[0:02:03.920972121] [3565] DEBUG AtomispPipeline atomisp.cpp:2321 Sensor found for /dev/media0
[0:02:03.922442327] [3565] DEBUG V4L2 v4l2_device.cpp:741 'mt9m114 ifp 2-0048': Control: White Balance, Automatic (0x0098090c)
[0:02:03.923152392] [3565] DEBUG V4L2 v4l2_device.cpp:741 'mt9m114 ifp 2-0048': Control: Auto Exposure (0x009a0901)
[0:02:03.923470799] [3565] DEBUG V4L2 v4l2_device.cpp:741 'mt9m114 ifp 2-0048': Control: Red Pixel Value (0x009e0904)
[0:02:03.923587751] [3565] DEBUG V4L2 v4l2_device.cpp:741 'mt9m114 ifp 2-0048': Control: Green (Red) Pixel Value (0x009e0905)
[0:02:03.923690741] [3565] DEBUG V4L2 v4l2_device.cpp:741 'mt9m114 ifp 2-0048': Control: Blue Pixel Value (0x009e0906)
[0:02:03.923877132] [3565] DEBUG V4L2 v4l2_device.cpp:741 'mt9m114 ifp 2-0048': Control: Pixel Rate (0x009f0902)
[0:02:03.923986172] [3565] DEBUG V4L2 v4l2_device.cpp:741 'mt9m114 ifp 2-0048': Control: Test Pattern (0x009f0903)
[0:02:03.925206286] [3565] DEBUG V4L2 v4l2_device.cpp:741 'Atom ISP': Control: Atomisp run mode (0x009a0d14)
[0:02:03.925438040] [3565] DEBUG V4L2 v4l2_device.cpp:741 'Atom ISP': Control: Continuous raw ringbuffer size (0x009a0d17)
[0:02:03.925550093] [3565] DEBUG V4L2 v4l2_device.cpp:741 'Atom ISP': Control: Continuous viewfinder (0x009a0d18)
[0:02:03.925658108] [3565] DEBUG V4L2 v4l2_device.cpp:741 'Atom ISP': Control: Atomisp vf postprocess (0x009a0d19)
[0:02:03.925806673] [3565] DEBUG V4L2 v4l2_device.cpp:741 'Atom ISP': Control: Lock Unlock Raw Buffer (0x009a0d1d)
[0:02:03.925911601] [3565] DEBUG V4L2 v4l2_device.cpp:741 'Atom ISP': Control: Disable digital zoom (0x009a0d20)
[0:02:03.926218144] [3565] DEBUG AtomispPipeline atomisp.cpp:683 Found capture device ATOMISP video output
[0:02:03.926438974] [3565] DEBUG CameraSensor camera_sensor_raw.cpp:213 mt9m114 pixel array 2-0048: unsupported number of sinks (0) or sources (1)
[0:02:03.926858121] [3565] DEBUG V4L2 v4l2_device.cpp:741 'mt9m114 pixel array 2-0048': Control: Exposure (0x00980911)
[0:02:03.927069550] [3565] DEBUG V4L2 v4l2_device.cpp:741 'mt9m114 pixel array 2-0048': Control: Horizontal Flip (0x00980914)
[0:02:03.927194015] [3565] DEBUG V4L2 v4l2_device.cpp:741 'mt9m114 pixel array 2-0048': Control: Vertical Flip (0x00980915)
[0:02:03.927305143] [3565] DEBUG V4L2 v4l2_device.cpp:741 'mt9m114 pixel array 2-0048': Control: Camera Orientation (0x009a0922)
[0:02:03.927461658] [3565] DEBUG V4L2 v4l2_device.cpp:741 'mt9m114 pixel array 2-0048': Control: Camera Sensor Rotation (0x009a0923)
[0:02:03.927577636] [3565] DEBUG V4L2 v4l2_device.cpp:741 'mt9m114 pixel array 2-0048': Control: Vertical Blanking (0x009e0901)
[0:02:03.927686751] [3565] DEBUG V4L2 v4l2_device.cpp:741 'mt9m114 pixel array 2-0048': Control: Horizontal Blanking (0x009e0902)
[0:02:03.927791815] [3565] DEBUG V4L2 v4l2_device.cpp:741 'mt9m114 pixel array 2-0048': Control: Analogue Gain (0x009e0903)
[0:02:03.927906343] [3565] DEBUG V4L2 v4l2_device.cpp:741 'mt9m114 pixel array 2-0048': Control: Pixel Rate (0x009f0902)
[0:02:03.932637718] [3565] DEBUG CameraSensor camera_sensor_legacy.cpp:537 'mt9m114 pixel array 2-0048': V4L2_CID_TEST_PATTERN is not supported
[0:02:03.933049189] [3565] DEBUG CameraSensor camera_sensor.cpp:463 Entity 'mt9m114 pixel array 2-0048' matched by CameraSensorLegacy
[0:02:03.934368842] [3565] DEBUG V4L2 v4l2_device.cpp:741 'mt9m114 pixel array 2-0048': Control: Exposure (0x00980911)
[0:02:03.934573296] [3565] DEBUG V4L2 v4l2_device.cpp:741 'mt9m114 pixel array 2-0048': Control: Horizontal Flip (0x00980914)
[0:02:03.934681899] [3565] DEBUG V4L2 v4l2_device.cpp:741 'mt9m114 pixel array 2-0048': Control: Vertical Flip (0x00980915)
[0:02:03.934790413] [3565] DEBUG V4L2 v4l2_device.cpp:741 'mt9m114 pixel array 2-0048': Control: Camera Orientation (0x009a0922)
[0:02:03.934943979] [3565] DEBUG V4L2 v4l2_device.cpp:741 'mt9m114 pixel array 2-0048': Control: Camera Sensor Rotation (0x009a0923)
[0:02:03.935122883] [3565] DEBUG V4L2 v4l2_device.cpp:741 'mt9m114 pixel array 2-0048': Control: Vertical Blanking (0x009e0901)
[0:02:03.935227360] [3565] DEBUG V4L2 v4l2_device.cpp:741 'mt9m114 pixel array 2-0048': Control: Horizontal Blanking (0x009e0902)
[0:02:03.935329900] [3565] DEBUG V4L2 v4l2_device.cpp:741 'mt9m114 pixel array 2-0048': Control: Analogue Gain (0x009e0903)
[0:02:03.935434689] [3565] DEBUG V4L2 v4l2_device.cpp:741 'mt9m114 pixel array 2-0048': Control: Pixel Rate (0x009f0902)
[0:02:03.935984163] [3565] DEBUG V4L2 v4l2_device.cpp:741 'Atom ISP': Control: Atomisp run mode (0x009a0d14)
[0:02:03.936212381] [3565] DEBUG V4L2 v4l2_device.cpp:741 'Atom ISP': Control: Continuous raw ringbuffer size (0x009a0d17)
[0:02:03.936330933] [3565] DEBUG V4L2 v4l2_device.cpp:741 'Atom ISP': Control: Continuous viewfinder (0x009a0d18)
[0:02:03.936434348] [3565] DEBUG V4L2 v4l2_device.cpp:741 'Atom ISP': Control: Atomisp vf postprocess (0x009a0d19)
[0:02:03.936574851] [3565] DEBUG V4L2 v4l2_device.cpp:741 'Atom ISP': Control: Lock Unlock Raw Buffer (0x009a0d1d)
[0:02:03.936677691] [3565] DEBUG V4L2 v4l2_device.cpp:741 'Atom ISP': Control: Disable digital zoom (0x009a0d20)
[0:02:03.964524317] [3565] DEBUG V4L2 v4l2_videodevice.cpp:632 /dev/video1[200:cap]: Opened device PCI:0000:00:03.0: atomisp: ATOM ISP
[0:02:03.965584140] [3565] DEBUG V4L2 v4l2_device.cpp:741 'mt9m114 ifp 2-0048': Control: White Balance, Automatic (0x0098090c)
[0:02:03.965888171] [3565] DEBUG V4L2 v4l2_device.cpp:741 'mt9m114 ifp 2-0048': Control: Auto Exposure (0x009a0901)
[0:02:03.966201915] [3565] DEBUG V4L2 v4l2_device.cpp:741 'mt9m114 ifp 2-0048': Control: Red Pixel Value (0x009e0904)
[0:02:03.966362156] [3565] DEBUG V4L2 v4l2_device.cpp:741 'mt9m114 ifp 2-0048': Control: Green (Red) Pixel Value (0x009e0905)
[0:02:03.966480358] [3565] DEBUG V4L2 v4l2_device.cpp:741 'mt9m114 ifp 2-0048': Control: Blue Pixel Value (0x009e0906)
[0:02:03.966594861] [3565] DEBUG V4L2 v4l2_device.cpp:741 'mt9m114 ifp 2-0048': Control: Pixel Rate (0x009f0902)
[0:02:03.966698001] [3565] DEBUG V4L2 v4l2_device.cpp:741 'mt9m114 ifp 2-0048': Control: Test Pattern (0x009f0903)
[0:02:03.968102193] [3565] DEBUG AtomispPipeline atomisp.cpp:1127 Link 'mt9m114 pixel array 2-0048'[0] -> 'mt9m114 ifp 2-0048'[0]: configured with format 648x488-SGRBG10_1X10/RAW
[0:02:03.968411462] [3565] DEBUG AtomispPipeline atomisp.cpp:1127 Link 'mt9m114 ifp 2-0048'[1] -> 'ATOM ISP CSI2-port0'[0]: configured with format 640x480-UYVY8_1X16/Unset
[0:02:03.968511639] [3565] DEBUG AtomispPipeline atomisp.cpp:1127 Link 'ATOM ISP CSI2-port0'[1] -> 'Atom ISP'[0]: configured with format 640x480-UYVY8_1X16/Unset
[0:02:03.968639642] [3565] DEBUG AtomispPipeline atomisp.cpp:1127 Link 'Atom ISP'[1] -> 'ATOMISP video output'[0]: configured with format 640x480-0x0000/Unset
[0:02:03.969408145] [3565] DEBUG AtomispPipeline atomisp.cpp:887 Adding configuration for 640x480 in pixel formats [ NV21, YU12, NV12, YV12, Y444, NV16, 422P, YUYV, UYVY ]
[0:02:03.969547661] [3565] DEBUG AtomispPipeline atomisp.cpp:915 Skipping AtomISP binning-mode config for 648x488-UYVY (binning mode has DVS padding mismatch)
[0:02:03.969618787] [3565] DEBUG AtomispPipeline atomisp.cpp:915 Skipping AtomISP binning-mode config for 648x488-YUYV (binning mode has DVS padding mismatch)
[0:02:03.970182512] [3565] DEBUG AtomispPipeline atomisp.cpp:1127 Link 'mt9m114 pixel array 2-0048'[0] -> 'mt9m114 ifp 2-0048'[0]: configured with format 1296x976-SGRBG10_1X10/RAW
[0:02:03.970307564] [3565] DEBUG AtomispPipeline atomisp.cpp:1127 Link 'mt9m114 ifp 2-0048'[1] -> 'ATOM ISP CSI2-port0'[0]: configured with format 1288x968-UYVY8_1X16/Unset
[0:02:03.970388579] [3565] DEBUG AtomispPipeline atomisp.cpp:1127 Link 'ATOM ISP CSI2-port0'[1] -> 'Atom ISP'[0]: configured with format 1288x968-UYVY8_1X16/Unset
[0:02:03.970457630] [3565] DEBUG AtomispPipeline atomisp.cpp:1127 Link 'Atom ISP'[1] -> 'ATOMISP video output'[0]: configured with format 1288x968-0x0000/Unset
[0:02:03.970946390] [3565] DEBUG AtomispPipeline atomisp.cpp:887 Adding configuration for 1288x968 in pixel formats [ NV21, YU12, NV12, YV12, Y444, NV16, 422P, YUYV, UYVY ]
[0:02:03.972144891] [3565]  INFO Camera camera_manager.cpp:223 Adding camera '\_SB_.PCI0.I2C3.CAML' for pipeline handler atomisp
[0:02:03.972350695] [3565] DEBUG AtomispPipeline atomisp.cpp:2445 Matched on device: /dev/media0
[0:02:03.972780842] [3553] DEBUG V4L2Compat v4l2_compat_manager.cpp:75 Started camera manager
[0:02:03.973558933] [3553] DEBUG V4L2Compat v4l2_compat_manager.cpp:153 No camera found for /dev/video0
[0:02:03.974097145] [3553] DEBUG V4L2Compat v4l2_camera_proxy.cpp:66 [] open()
[0:02:03.976259753] [3565] DEBUG AtomispPipeline atomisp.cpp:1436 Largest processed stream size is 1296x976
[0:02:03.976353355] [3565] DEBUG AtomispPipeline atomisp.cpp:1438 Largest raw stream size is 0x0
[0:02:03.976448494] [3565] DEBUG AtomispPipeline atomisp.cpp:1541 Picked 1296x976-SGRBG10_1X10/Unset -> 1296x976-UYVY for max processed stream size 1296x976 and max raw stream size 0x0
[0:02:03.976562597] [3565] DEBUG AtomispPipeline atomisp.cpp:1626 Unspecified color space set to sYCC
[0:02:03.976729375] [3565] DEBUG AtomispPipeline atomisp.cpp:1690 Adjusting bufferCount from 0 to 4
[0:02:03.977366589] [3553] DEBUG V4L2Compat v4l2_camera_proxy.cpp:219 V4L2 proxy layout: format=UYVY activeSize=1296x976 exposedSize=1312x976 bytesperline=2624 sizeimage=2564096 packedPaddingWidthQuirk=1
[0:02:03.977620582] [3553]  WARN V4L2Compat v4l2_camera_proxy.cpp:243 Camera does not support FrameDurationLimits
[0:02:03.977844799] [3553] DEBUG V4L2Compat v4l2_compat_manager.cpp:168 Opened /dev/video1 -> fd 205
[0:02:03.978089066] [3553] DEBUG V4L2Compat v4l2_camera_proxy.cpp:304 [/dev/video1 (fd:205)] vidioc_querycap()
[0:02:03.978274470] [3553] DEBUG V4L2Compat v4l2_camera_proxy.cpp:101 [/dev/video1 (fd:205)] close()
[0:02:03.984619305] [3553] DEBUG V4L2Compat v4l2_compat_manager.cpp:153 No camera found for /dev/video0
[0:02:03.985178854] [3553] DEBUG V4L2Compat v4l2_camera_proxy.cpp:66 [] open()
[0:02:03.987535516] [3565] DEBUG AtomispPipeline atomisp.cpp:1436 Largest processed stream size is 1296x976
[0:02:03.987649244] [3565] DEBUG AtomispPipeline atomisp.cpp:1438 Largest raw stream size is 0x0
[0:02:03.987729745] [3565] DEBUG AtomispPipeline atomisp.cpp:1541 Picked 1296x976-SGRBG10_1X10/Unset -> 1296x976-UYVY for max processed stream size 1296x976 and max raw stream size 0x0
[0:02:03.987816035] [3565] DEBUG AtomispPipeline atomisp.cpp:1626 Unspecified color space set to sYCC
[0:02:03.987955850] [3565] DEBUG AtomispPipeline atomisp.cpp:1690 Adjusting bufferCount from 0 to 4
[0:02:03.988492949] [3553] DEBUG V4L2Compat v4l2_camera_proxy.cpp:219 V4L2 proxy layout: format=UYVY activeSize=1296x976 exposedSize=1312x976 bytesperline=2624 sizeimage=2564096 packedPaddingWidthQuirk=1
[0:02:03.988736067] [3553]  WARN V4L2Compat v4l2_camera_proxy.cpp:243 Camera does not support FrameDurationLimits
[0:02:03.988939808] [3553] DEBUG V4L2Compat v4l2_compat_manager.cpp:168 Opened /dev/video1 -> fd 205
[0:02:03.989197051] [3553] DEBUG V4L2Compat v4l2_camera_proxy.cpp:304 [/dev/video1 (fd:205)] vidioc_querycap()
[0:02:03.989362967] [3553] DEBUG V4L2Compat v4l2_camera_proxy.cpp:304 [/dev/video1 (fd:205)] vidioc_querycap()
[0:02:03.989524758] [3553] DEBUG V4L2Compat v4l2_camera_proxy.cpp:101 [/dev/video1 (fd:205)] close()
[0:02:04.005776402] [3553] DEBUG V4L2Compat v4l2_compat_manager.cpp:153 No camera found for /dev/video0
[0:02:04.006448929] [3553] DEBUG V4L2Compat v4l2_camera_proxy.cpp:66 [] open()
[0:02:04.007422849] [3565] DEBUG AtomispPipeline atomisp.cpp:1436 Largest processed stream size is 1296x976
[0:02:04.007540752] [3565] DEBUG AtomispPipeline atomisp.cpp:1438 Largest raw stream size is 0x0
[0:02:04.007621329] [3565] DEBUG AtomispPipeline atomisp.cpp:1541 Picked 1296x976-SGRBG10_1X10/Unset -> 1296x976-UYVY for max processed stream size 1296x976 and max raw stream size 0x0
[0:02:04.007708418] [3565] DEBUG AtomispPipeline atomisp.cpp:1626 Unspecified color space set to sYCC
[0:02:04.007850746] [3565] DEBUG AtomispPipeline atomisp.cpp:1690 Adjusting bufferCount from 0 to 4
[0:02:04.008334094] [3553] DEBUG V4L2Compat v4l2_camera_proxy.cpp:219 V4L2 proxy layout: format=UYVY activeSize=1296x976 exposedSize=1312x976 bytesperline=2624 sizeimage=2564096 packedPaddingWidthQuirk=1
[0:02:04.008553036] [3553]  WARN V4L2Compat v4l2_camera_proxy.cpp:243 Camera does not support FrameDurationLimits
[0:02:04.008759565] [3553] DEBUG V4L2Compat v4l2_compat_manager.cpp:168 Opened /dev/video1 -> fd 205
[0:02:04.008928719] [3553] DEBUG V4L2Compat v4l2_camera_proxy.cpp:304 [/dev/video1 (fd:205)] vidioc_querycap()
[0:02:04.009169936] [3553] DEBUG V4L2Compat v4l2_camera_proxy.cpp:436 [/dev/video1 (fd:205)] vidioc_try_fmt()
[0:02:04.009644109] [3565] DEBUG AtomispPipeline atomisp.cpp:1436 Largest processed stream size is 1296x976
[0:02:04.009720185] [3565] DEBUG AtomispPipeline atomisp.cpp:1438 Largest raw stream size is 0x0
[0:02:04.009804637] [3565] DEBUG AtomispPipeline atomisp.cpp:1541 Picked 1296x976-SGRBG10_1X10/Unset -> 1296x976-UYVY for max processed stream size 1296x976 and max raw stream size 0x0
[0:02:04.009892164] [3565] DEBUG AtomispPipeline atomisp.cpp:1626 Unspecified color space set to sYCC
[0:02:04.010037617] [3565] DEBUG AtomispPipeline atomisp.cpp:1690 Adjusting bufferCount from 0 to 4
[0:02:04.010350324] [3553] DEBUG AtomispPipeline atomisp.cpp:1436 Largest processed stream size is 128x96
[0:02:04.010530352] [3553] DEBUG AtomispPipeline atomisp.cpp:1438 Largest raw stream size is 0x0
[0:02:04.010772445] [3553] DEBUG AtomispPipeline atomisp.cpp:1541 Picked 1296x976-SGRBG10_1X10/Unset -> 1296x976-YUYV for max processed stream size 128x96 and max raw stream size 0x0
[0:02:04.011073189] [3553] DEBUG AtomispPipeline atomisp.cpp:1592 Adjusting processed pixel format from MJPEG to YUYV
[0:02:04.011276206] [3553] DEBUG AtomispPipeline atomisp.cpp:1648 Adjusting size from 128x96 to 1296x976
[0:02:04.011701765] [3553] DEBUG V4L2Compat v4l2_camera_proxy.cpp:436 [/dev/video1 (fd:205)] vidioc_try_fmt()
[0:02:04.012171350] [3565] DEBUG AtomispPipeline atomisp.cpp:1436 Largest processed stream size is 1296x976
[0:02:04.012246714] [3565] DEBUG AtomispPipeline atomisp.cpp:1438 Largest raw stream size is 0x0
[0:02:04.012336653] [3565] DEBUG AtomispPipeline atomisp.cpp:1541 Picked 1296x976-SGRBG10_1X10/Unset -> 1296x976-UYVY for max processed stream size 1296x976 and max raw stream size 0x0
[0:02:04.012434293] [3565] DEBUG AtomispPipeline atomisp.cpp:1626 Unspecified color space set to sYCC
[0:02:04.012548433] [3565] DEBUG AtomispPipeline atomisp.cpp:1690 Adjusting bufferCount from 0 to 4
[0:02:04.012858864] [3553] DEBUG AtomispPipeline atomisp.cpp:1436 Largest processed stream size is 160x120
[0:02:04.013085657] [3553] DEBUG AtomispPipeline atomisp.cpp:1438 Largest raw stream size is 0x0
[0:02:04.013313949] [3553] DEBUG AtomispPipeline atomisp.cpp:1541 Picked 1296x976-SGRBG10_1X10/Unset -> 1296x976-YUYV for max processed stream size 160x120 and max raw stream size 0x0
[0:02:04.013538379] [3553] DEBUG AtomispPipeline atomisp.cpp:1592 Adjusting processed pixel format from MJPEG to YUYV
[0:02:04.013718982] [3553] DEBUG AtomispPipeline atomisp.cpp:1648 Adjusting size from 160x120 to 1296x976
[0:02:04.014207743] [3553] DEBUG V4L2Compat v4l2_camera_proxy.cpp:436 [/dev/video1 (fd:205)] vidioc_try_fmt()
[0:02:04.014697578] [3565] DEBUG AtomispPipeline atomisp.cpp:1436 Largest processed stream size is 1296x976
[0:02:04.014775905] [3565] DEBUG AtomispPipeline atomisp.cpp:1438 Largest raw stream size is 0x0
[0:02:04.014864532] [3565] DEBUG AtomispPipeline atomisp.cpp:1541 Picked 1296x976-SGRBG10_1X10/Unset -> 1296x976-UYVY for max processed stream size 1296x976 and max raw stream size 0x0
[0:02:04.014964109] [3565] DEBUG AtomispPipeline atomisp.cpp:1626 Unspecified color space set to sYCC
[0:02:04.015134062] [3565] DEBUG AtomispPipeline atomisp.cpp:1690 Adjusting bufferCount from 0 to 4
[0:02:04.015448394] [3553] DEBUG AtomispPipeline atomisp.cpp:1436 Largest processed stream size is 176x144
[0:02:04.015652073] [3553] DEBUG AtomispPipeline atomisp.cpp:1438 Largest raw stream size is 0x0
[0:02:04.015872578] [3553] DEBUG AtomispPipeline atomisp.cpp:1541 Picked 1296x976-SGRBG10_1X10/Unset -> 1296x976-YUYV for max processed stream size 176x144 and max raw stream size 0x0
[0:02:04.016253461] [3553] DEBUG AtomispPipeline atomisp.cpp:1592 Adjusting processed pixel format from MJPEG to YUYV
[0:02:04.016457028] [3553] DEBUG AtomispPipeline atomisp.cpp:1648 Adjusting size from 176x144 to 1296x976
[0:02:04.016877349] [3553] DEBUG V4L2Compat v4l2_camera_proxy.cpp:436 [/dev/video1 (fd:205)] vidioc_try_fmt()
[0:02:04.017451424] [3565] DEBUG AtomispPipeline atomisp.cpp:1436 Largest processed stream size is 1296x976
[0:02:04.017528838] [3565] DEBUG AtomispPipeline atomisp.cpp:1438 Largest raw stream size is 0x0
[0:02:04.017618902] [3565] DEBUG AtomispPipeline atomisp.cpp:1541 Picked 1296x976-SGRBG10_1X10/Unset -> 1296x976-UYVY for max processed stream size 1296x976 and max raw stream size 0x0
[0:02:04.017724530] [3565] DEBUG AtomispPipeline atomisp.cpp:1626 Unspecified color space set to sYCC
[0:02:04.017869058] [3565] DEBUG AtomispPipeline atomisp.cpp:1690 Adjusting bufferCount from 0 to 4
[0:02:04.018261766] [3553] DEBUG AtomispPipeline atomisp.cpp:1436 Largest processed stream size is 320x240
[0:02:04.018456758] [3553] DEBUG AtomispPipeline atomisp.cpp:1438 Largest raw stream size is 0x0
[0:02:04.018693088] [3553] DEBUG AtomispPipeline atomisp.cpp:1541 Picked 1296x976-SGRBG10_1X10/Unset -> 1296x976-YUYV for max processed stream size 320x240 and max raw stream size 0x0
[0:02:04.018922505] [3553] DEBUG AtomispPipeline atomisp.cpp:1592 Adjusting processed pixel format from MJPEG to YUYV
[0:02:04.019190036] [3553] DEBUG AtomispPipeline atomisp.cpp:1648 Adjusting size from 320x240 to 1296x976
[0:02:04.019578294] [3553] DEBUG V4L2Compat v4l2_camera_proxy.cpp:436 [/dev/video1 (fd:205)] vidioc_try_fmt()
[0:02:04.020090142] [3565] DEBUG AtomispPipeline atomisp.cpp:1436 Largest processed stream size is 1296x976
[0:02:04.020183282] [3565] DEBUG AtomispPipeline atomisp.cpp:1438 Largest raw stream size is 0x0
[0:02:04.020288196] [3565] DEBUG AtomispPipeline atomisp.cpp:1541 Picked 1296x976-SGRBG10_1X10/Unset -> 1296x976-UYVY for max processed stream size 1296x976 and max raw stream size 0x0
[0:02:04.020409624] [3565] DEBUG AtomispPipeline atomisp.cpp:1626 Unspecified color space set to sYCC
[0:02:04.020558565] [3565] DEBUG AtomispPipeline atomisp.cpp:1690 Adjusting bufferCount from 0 to 4
[0:02:04.020881521] [3553] DEBUG AtomispPipeline atomisp.cpp:1436 Largest processed stream size is 352x288
[0:02:04.021136602] [3553] DEBUG AtomispPipeline atomisp.cpp:1438 Largest raw stream size is 0x0
[0:02:04.021361694] [3553] DEBUG AtomispPipeline atomisp.cpp:1541 Picked 1296x976-SGRBG10_1X10/Unset -> 1296x976-YUYV for max processed stream size 352x288 and max raw stream size 0x0
[0:02:04.021585699] [3553] DEBUG AtomispPipeline atomisp.cpp:1592 Adjusting processed pixel format from MJPEG to YUYV
[0:02:04.021772665] [3553] DEBUG AtomispPipeline atomisp.cpp:1648 Adjusting size from 352x288 to 1296x976
[0:02:04.022143736] [3553] DEBUG V4L2Compat v4l2_camera_proxy.cpp:436 [/dev/video1 (fd:205)] vidioc_try_fmt()
[0:02:04.022536794] [3565] DEBUG AtomispPipeline atomisp.cpp:1436 Largest processed stream size is 1296x976
[0:02:04.022635971] [3565] DEBUG AtomispPipeline atomisp.cpp:1438 Largest raw stream size is 0x0
[0:02:04.022736623] [3565] DEBUG AtomispPipeline atomisp.cpp:1541 Picked 1296x976-SGRBG10_1X10/Unset -> 1296x976-UYVY for max processed stream size 1296x976 and max raw stream size 0x0
[0:02:04.022856138] [3565] DEBUG AtomispPipeline atomisp.cpp:1626 Unspecified color space set to sYCC
[0:02:04.023043492] [3565] DEBUG AtomispPipeline atomisp.cpp:1690 Adjusting bufferCount from 0 to 4
[0:02:04.023293747] [3553] DEBUG AtomispPipeline atomisp.cpp:1436 Largest processed stream size is 640x480
[0:02:04.023392862] [3553] DEBUG AtomispPipeline atomisp.cpp:1438 Largest raw stream size is 0x0
[0:02:04.023512977] [3553] DEBUG AtomispPipeline atomisp.cpp:1541 Picked 1296x976-SGRBG10_1X10/Unset -> 1296x976-YUYV for max processed stream size 640x480 and max raw stream size 0x0
[0:02:04.023674818] [3553] DEBUG AtomispPipeline atomisp.cpp:1592 Adjusting processed pixel format from MJPEG to YUYV
[0:02:04.023783070] [3553] DEBUG AtomispPipeline atomisp.cpp:1648 Adjusting size from 640x480 to 1296x976
[0:02:04.023998687] [3553] DEBUG V4L2Compat v4l2_camera_proxy.cpp:436 [/dev/video1 (fd:205)] vidioc_try_fmt()
[0:02:04.024430746] [3565] DEBUG AtomispPipeline atomisp.cpp:1436 Largest processed stream size is 1296x976
[0:02:04.024525473] [3565] DEBUG AtomispPipeline atomisp.cpp:1438 Largest raw stream size is 0x0
[0:02:04.024627113] [3565] DEBUG AtomispPipeline atomisp.cpp:1541 Picked 1296x976-SGRBG10_1X10/Unset -> 1296x976-UYVY for max processed stream size 1296x976 and max raw stream size 0x0
[0:02:04.024751216] [3565] DEBUG AtomispPipeline atomisp.cpp:1626 Unspecified color space set to sYCC
[0:02:04.024903144] [3565] DEBUG AtomispPipeline atomisp.cpp:1690 Adjusting bufferCount from 0 to 4
[0:02:04.025170925] [3553] DEBUG AtomispPipeline atomisp.cpp:1436 Largest processed stream size is 704x576
[0:02:04.025273402] [3553] DEBUG AtomispPipeline atomisp.cpp:1438 Largest raw stream size is 0x0
[0:02:04.025393542] [3553] DEBUG AtomispPipeline atomisp.cpp:1541 Picked 1296x976-SGRBG10_1X10/Unset -> 1296x976-YUYV for max processed stream size 704x576 and max raw stream size 0x0
[0:02:04.025518719] [3553] DEBUG AtomispPipeline atomisp.cpp:1592 Adjusting processed pixel format from MJPEG to YUYV
[0:02:04.025621047] [3553] DEBUG AtomispPipeline atomisp.cpp:1648 Adjusting size from 704x576 to 1296x976
[0:02:04.025828576] [3553] DEBUG V4L2Compat v4l2_camera_proxy.cpp:436 [/dev/video1 (fd:205)] vidioc_try_fmt()
[0:02:04.026216084] [3565] DEBUG AtomispPipeline atomisp.cpp:1436 Largest processed stream size is 1296x976
[0:02:04.026317211] [3565] DEBUG AtomispPipeline atomisp.cpp:1438 Largest raw stream size is 0x0
[0:02:04.026419439] [3565] DEBUG AtomispPipeline atomisp.cpp:1541 Picked 1296x976-SGRBG10_1X10/Unset -> 1296x976-UYVY for max processed stream size 1296x976 and max raw stream size 0x0
[0:02:04.026536679] [3565] DEBUG AtomispPipeline atomisp.cpp:1626 Unspecified color space set to sYCC
[0:02:04.026684957] [3565] DEBUG AtomispPipeline atomisp.cpp:1690 Adjusting bufferCount from 0 to 4
[0:02:04.027092528] [3553] DEBUG AtomispPipeline atomisp.cpp:1436 Largest processed stream size is 800x600
[0:02:04.027269994] [3553] DEBUG AtomispPipeline atomisp.cpp:1438 Largest raw stream size is 0x0
[0:02:04.027486174] [3553] DEBUG AtomispPipeline atomisp.cpp:1541 Picked 1296x976-SGRBG10_1X10/Unset -> 1296x976-YUYV for max processed stream size 800x600 and max raw stream size 0x0
[0:02:04.027707816] [3553] DEBUG AtomispPipeline atomisp.cpp:1592 Adjusting processed pixel format from MJPEG to YUYV
[0:02:04.027892545] [3553] DEBUG AtomispPipeline atomisp.cpp:1648 Adjusting size from 800x600 to 1296x976
[0:02:04.028358617] [3553] DEBUG V4L2Compat v4l2_camera_proxy.cpp:436 [/dev/video1 (fd:205)] vidioc_try_fmt()
[0:02:04.028840515] [3565] DEBUG AtomispPipeline atomisp.cpp:1436 Largest processed stream size is 1296x976
[0:02:04.028932492] [3565] DEBUG AtomispPipeline atomisp.cpp:1438 Largest raw stream size is 0x0
[0:02:04.029152034] [3565] DEBUG AtomispPipeline atomisp.cpp:1541 Picked 1296x976-SGRBG10_1X10/Unset -> 1296x976-UYVY for max processed stream size 1296x976 and max raw stream size 0x0
[0:02:04.029278424] [3565] DEBUG AtomispPipeline atomisp.cpp:1626 Unspecified color space set to sYCC
[0:02:04.029426902] [3565] DEBUG AtomispPipeline atomisp.cpp:1690 Adjusting bufferCount from 0 to 4
[0:02:04.029764722] [3553] DEBUG AtomispPipeline atomisp.cpp:1436 Largest processed stream size is 960x720
[0:02:04.029931225] [3553] DEBUG AtomispPipeline atomisp.cpp:1438 Largest raw stream size is 0x0
[0:02:04.030260207] [3553] DEBUG AtomispPipeline atomisp.cpp:1541 Picked 1296x976-SGRBG10_1X10/Unset -> 1296x976-YUYV for max processed stream size 960x720 and max raw stream size 0x0
[0:02:04.030488250] [3553] DEBUG AtomispPipeline atomisp.cpp:1592 Adjusting processed pixel format from MJPEG to YUYV
[0:02:04.030672553] [3553] DEBUG AtomispPipeline atomisp.cpp:1648 Adjusting size from 960x720 to 1296x976
[0:02:04.031180689] [3553] DEBUG V4L2Compat v4l2_camera_proxy.cpp:436 [/dev/video1 (fd:205)] vidioc_try_fmt()
[0:02:04.031687337] [3565] DEBUG AtomispPipeline atomisp.cpp:1436 Largest processed stream size is 1296x976
[0:02:04.031788015] [3565] DEBUG AtomispPipeline atomisp.cpp:1438 Largest raw stream size is 0x0
[0:02:04.031898379] [3565] DEBUG AtomispPipeline atomisp.cpp:1541 Picked 1296x976-SGRBG10_1X10/Unset -> 1296x976-UYVY for max processed stream size 1296x976 and max raw stream size 0x0
[0:02:04.032065895] [3565] DEBUG AtomispPipeline atomisp.cpp:1626 Unspecified color space set to sYCC
[0:02:04.032227861] [3565] DEBUG AtomispPipeline atomisp.cpp:1690 Adjusting bufferCount from 0 to 4
[0:02:04.032563006] [3553] DEBUG AtomispPipeline atomisp.cpp:1436 Largest processed stream size is 1280x720
[0:02:04.032739747] [3553] DEBUG AtomispPipeline atomisp.cpp:1438 Largest raw stream size is 0x0
[0:02:04.032958152] [3553] DEBUG AtomispPipeline atomisp.cpp:1541 Picked 1296x976-SGRBG10_1X10/Unset -> 1296x976-YUYV for max processed stream size 1280x720 and max raw stream size 0x0
[0:02:04.033262196] [3553] DEBUG AtomispPipeline atomisp.cpp:1592 Adjusting processed pixel format from MJPEG to YUYV
[0:02:04.033451500] [3553] DEBUG AtomispPipeline atomisp.cpp:1648 Adjusting size from 1280x720 to 1296x976
[0:02:04.033839983] [3553] DEBUG V4L2Compat v4l2_camera_proxy.cpp:436 [/dev/video1 (fd:205)] vidioc_try_fmt()
[0:02:04.034400770] [3565] DEBUG AtomispPipeline atomisp.cpp:1436 Largest processed stream size is 1296x976
[0:02:04.034512847] [3565] DEBUG AtomispPipeline atomisp.cpp:1438 Largest raw stream size is 0x0
[0:02:04.034624012] [3565] DEBUG AtomispPipeline atomisp.cpp:1541 Picked 1296x976-SGRBG10_1X10/Unset -> 1296x976-UYVY for max processed stream size 1296x976 and max raw stream size 0x0
[0:02:04.034752315] [3565] DEBUG AtomispPipeline atomisp.cpp:1626 Unspecified color space set to sYCC
[0:02:04.034907268] [3565] DEBUG AtomispPipeline atomisp.cpp:1690 Adjusting bufferCount from 0 to 4
[0:02:04.035276913] [3553] DEBUG AtomispPipeline atomisp.cpp:1436 Largest processed stream size is 1024x768
[0:02:04.035454230] [3553] DEBUG AtomispPipeline atomisp.cpp:1438 Largest raw stream size is 0x0
[0:02:04.035674297] [3553] DEBUG AtomispPipeline atomisp.cpp:1541 Picked 1296x976-SGRBG10_1X10/Unset -> 1296x976-YUYV for max processed stream size 1024x768 and max raw stream size 0x0
[0:02:04.035898764] [3553] DEBUG AtomispPipeline atomisp.cpp:1592 Adjusting processed pixel format from MJPEG to YUYV
[0:02:04.036215433] [3553] DEBUG AtomispPipeline atomisp.cpp:1648 Adjusting size from 1024x768 to 1296x976
[0:02:04.036608779] [3553] DEBUG V4L2Compat v4l2_camera_proxy.cpp:436 [/dev/video1 (fd:205)] vidioc_try_fmt()
[0:02:04.037175578] [3565] DEBUG AtomispPipeline atomisp.cpp:1436 Largest processed stream size is 1296x976
[0:02:04.037287618] [3565] DEBUG AtomispPipeline atomisp.cpp:1438 Largest raw stream size is 0x0
[0:02:04.037406058] [3565] DEBUG AtomispPipeline atomisp.cpp:1541 Picked 1296x976-SGRBG10_1X10/Unset -> 1296x976-UYVY for max processed stream size 1296x976 and max raw stream size 0x0
[0:02:04.037543261] [3565] DEBUG AtomispPipeline atomisp.cpp:1626 Unspecified color space set to sYCC
[0:02:04.037701265] [3565] DEBUG AtomispPipeline atomisp.cpp:1690 Adjusting bufferCount from 0 to 4
[0:02:04.038152874] [3553] DEBUG AtomispPipeline atomisp.cpp:1436 Largest processed stream size is 1440x1080
[0:02:04.038334528] [3553] DEBUG AtomispPipeline atomisp.cpp:1438 Largest raw stream size is 0x0
[0:02:04.038549720] [3553] DEBUG AtomispPipeline atomisp.cpp:1541 Picked 1296x976-SGRBG10_1X10/Unset -> 1296x976-YUYV for max processed stream size 1440x1080 and max raw stream size 0x0
[0:02:04.038773850] [3553] DEBUG AtomispPipeline atomisp.cpp:1592 Adjusting processed pixel format from MJPEG to YUYV
[0:02:04.038960554] [3553] DEBUG AtomispPipeline atomisp.cpp:1648 Adjusting size from 1440x1080 to 1296x976
[0:02:04.039415176] [3553] DEBUG V4L2Compat v4l2_camera_proxy.cpp:436 [/dev/video1 (fd:205)] vidioc_try_fmt()
[0:02:04.039988225] [3565] DEBUG AtomispPipeline atomisp.cpp:1436 Largest processed stream size is 1296x976
[0:02:04.040164879] [3565] DEBUG AtomispPipeline atomisp.cpp:1438 Largest raw stream size is 0x0
[0:02:04.040288357] [3565] DEBUG AtomispPipeline atomisp.cpp:1541 Picked 1296x976-SGRBG10_1X10/Unset -> 1296x976-UYVY for max processed stream size 1296x976 and max raw stream size 0x0
[0:02:04.040424472] [3565] DEBUG AtomispPipeline atomisp.cpp:1626 Unspecified color space set to sYCC
[0:02:04.040601226] [3565] DEBUG AtomispPipeline atomisp.cpp:1690 Adjusting bufferCount from 0 to 4
[0:02:04.040975959] [3553] DEBUG AtomispPipeline atomisp.cpp:1436 Largest processed stream size is 1920x1080
[0:02:04.041284490] [3553] DEBUG AtomispPipeline atomisp.cpp:1438 Largest raw stream size is 0x0
[0:02:04.041505895] [3553] DEBUG AtomispPipeline atomisp.cpp:1541 Picked 1296x976-SGRBG10_1X10/Unset -> 1296x976-YUYV for max processed stream size 1920x1080 and max raw stream size 0x0
[0:02:04.041733750] [3553] DEBUG AtomispPipeline atomisp.cpp:1592 Adjusting processed pixel format from MJPEG to YUYV
[0:02:04.041919016] [3553] DEBUG AtomispPipeline atomisp.cpp:1648 Adjusting size from 1920x1080 to 1296x976
[0:02:04.042374451] [3553] DEBUG V4L2Compat v4l2_camera_proxy.cpp:436 [/dev/video1 (fd:205)] vidioc_try_fmt()
[0:02:04.042884049] [3565] DEBUG AtomispPipeline atomisp.cpp:1436 Largest processed stream size is 1296x976
[0:02:04.042988526] [3565] DEBUG AtomispPipeline atomisp.cpp:1438 Largest raw stream size is 0x0
[0:02:04.043169130] [3565] DEBUG AtomispPipeline atomisp.cpp:1541 Picked 1296x976-SGRBG10_1X10/Unset -> 1296x976-UYVY for max processed stream size 1296x976 and max raw stream size 0x0
[0:02:04.043305383] [3565] DEBUG AtomispPipeline atomisp.cpp:1626 Unspecified color space set to sYCC
[0:02:04.043469349] [3565] DEBUG AtomispPipeline atomisp.cpp:1690 Adjusting bufferCount from 0 to 4
[0:02:04.043825969] [3553] DEBUG AtomispPipeline atomisp.cpp:1436 Largest processed stream size is 128x96
[0:02:04.043996173] [3553] DEBUG AtomispPipeline atomisp.cpp:1438 Largest raw stream size is 0x0
[0:02:04.044318792] [3553] DEBUG AtomispPipeline atomisp.cpp:1541 Picked 1296x976-SGRBG10_1X10/Unset -> 1296x976-YUYV for max processed stream size 128x96 and max raw stream size 0x0
[0:02:04.044545072] [3553] DEBUG AtomispPipeline atomisp.cpp:1592 Adjusting processed pixel format from MJPEG to YUYV
[0:02:04.044725838] [3553] DEBUG AtomispPipeline atomisp.cpp:1648 Adjusting size from 128x96 to 1296x976
[0:02:04.045172148] [3553] DEBUG V4L2Compat v4l2_camera_proxy.cpp:436 [/dev/video1 (fd:205)] vidioc_try_fmt()
[0:02:04.045681796] [3565] DEBUG AtomispPipeline atomisp.cpp:1436 Largest processed stream size is 1296x976
[0:02:04.045787648] [3565] DEBUG AtomispPipeline atomisp.cpp:1438 Largest raw stream size is 0x0
[0:02:04.045910701] [3565] DEBUG AtomispPipeline atomisp.cpp:1541 Picked 1296x976-SGRBG10_1X10/Unset -> 1296x976-UYVY for max processed stream size 1296x976 and max raw stream size 0x0
[0:02:04.046102092] [3565] DEBUG AtomispPipeline atomisp.cpp:1626 Unspecified color space set to sYCC
[0:02:04.046265583] [3565] DEBUG AtomispPipeline atomisp.cpp:1690 Adjusting bufferCount from 0 to 4
[0:02:04.046618891] [3553] DEBUG AtomispPipeline atomisp.cpp:1436 Largest processed stream size is 160x120
[0:02:04.046806270] [3553] DEBUG AtomispPipeline atomisp.cpp:1438 Largest raw stream size is 0x0
[0:02:04.047118526] [3553] DEBUG AtomispPipeline atomisp.cpp:1541 Picked 1296x976-SGRBG10_1X10/Unset -> 1296x976-YUYV for max processed stream size 160x120 and max raw stream size 0x0
[0:02:04.047372682] [3553] DEBUG AtomispPipeline atomisp.cpp:1592 Adjusting processed pixel format from MJPEG to YUYV
[0:02:04.047561423] [3553] DEBUG AtomispPipeline atomisp.cpp:1648 Adjusting size from 160x120 to 1296x976
[0:02:04.047957956] [3553] DEBUG V4L2Compat v4l2_camera_proxy.cpp:436 [/dev/video1 (fd:205)] vidioc_try_fmt()
[0:02:04.048597058] [3565] DEBUG AtomispPipeline atomisp.cpp:1436 Largest processed stream size is 1296x976
[0:02:04.048744336] [3565] DEBUG AtomispPipeline atomisp.cpp:1438 Largest raw stream size is 0x0
[0:02:04.048877701] [3565] DEBUG AtomispPipeline atomisp.cpp:1541 Picked 1296x976-SGRBG10_1X10/Unset -> 1296x976-UYVY for max processed stream size 1296x976 and max raw stream size 0x0
[0:02:04.049069418] [3565] DEBUG AtomispPipeline atomisp.cpp:1626 Unspecified color space set to sYCC
[0:02:04.049265022] [3565] DEBUG AtomispPipeline atomisp.cpp:1690 Adjusting bufferCount from 0 to 4
[0:02:04.049646555] [3553] DEBUG AtomispPipeline atomisp.cpp:1436 Largest processed stream size is 176x144
[0:02:04.049832809] [3553] DEBUG AtomispPipeline atomisp.cpp:1438 Largest raw stream size is 0x0
[0:02:04.050156153] [3553] DEBUG AtomispPipeline atomisp.cpp:1541 Picked 1296x976-SGRBG10_1X10/Unset -> 1296x976-YUYV for max processed stream size 176x144 and max raw stream size 0x0
[0:02:04.050398696] [3553] DEBUG AtomispPipeline atomisp.cpp:1592 Adjusting processed pixel format from MJPEG to YUYV
[0:02:04.050589012] [3553] DEBUG AtomispPipeline atomisp.cpp:1648 Adjusting size from 176x144 to 1296x976
[0:02:04.050983771] [3553] DEBUG V4L2Compat v4l2_camera_proxy.cpp:436 [/dev/video1 (fd:205)] vidioc_try_fmt()
[0:02:04.051622197] [3565] DEBUG AtomispPipeline atomisp.cpp:1436 Largest processed stream size is 1296x976
[0:02:04.051749024] [3565] DEBUG AtomispPipeline atomisp.cpp:1438 Largest raw stream size is 0x0
[0:02:04.051887552] [3565] DEBUG AtomispPipeline atomisp.cpp:1541 Picked 1296x976-SGRBG10_1X10/Unset -> 1296x976-UYVY for max processed stream size 1296x976 and max raw stream size 0x0
[0:02:04.052093381] [3565] DEBUG AtomispPipeline atomisp.cpp:1626 Unspecified color space set to sYCC
[0:02:04.052291748] [3565] DEBUG AtomispPipeline atomisp.cpp:1690 Adjusting bufferCount from 0 to 4
[0:02:04.052657231] [3553] DEBUG AtomispPipeline atomisp.cpp:1436 Largest processed stream size is 320x240
[0:02:04.052828172] [3553] DEBUG AtomispPipeline atomisp.cpp:1438 Largest raw stream size is 0x0
[0:02:04.053141991] [3553] DEBUG AtomispPipeline atomisp.cpp:1541 Picked 1296x976-SGRBG10_1X10/Unset -> 1296x976-YUYV for max processed stream size 320x240 and max raw stream size 0x0
[0:02:04.053378771] [3553] DEBUG AtomispPipeline atomisp.cpp:1592 Adjusting processed pixel format from MJPEG to YUYV
[0:02:04.053564575] [3553] DEBUG AtomispPipeline atomisp.cpp:1648 Adjusting size from 320x240 to 1296x976
[0:02:04.053967684] [3553] DEBUG V4L2Compat v4l2_camera_proxy.cpp:436 [/dev/video1 (fd:205)] vidioc_try_fmt()
[0:02:04.054609497] [3565] DEBUG AtomispPipeline atomisp.cpp:1436 Largest processed stream size is 1296x976
[0:02:04.054723987] [3565] DEBUG AtomispPipeline atomisp.cpp:1438 Largest raw stream size is 0x0
[0:02:04.054857040] [3565] DEBUG AtomispPipeline atomisp.cpp:1541 Picked 1296x976-SGRBG10_1X10/Unset -> 1296x976-UYVY for max processed stream size 1296x976 and max raw stream size 0x0
[0:02:04.055070694] [3565] DEBUG AtomispPipeline atomisp.cpp:1626 Unspecified color space set to sYCC
[0:02:04.055262923] [3565] DEBUG AtomispPipeline atomisp.cpp:1690 Adjusting bufferCount from 0 to 4
[0:02:04.055645882] [3553] DEBUG AtomispPipeline atomisp.cpp:1436 Largest processed stream size is 352x288
[0:02:04.055822548] [3553] DEBUG AtomispPipeline atomisp.cpp:1438 Largest raw stream size is 0x0
[0:02:04.056128104] [3553] DEBUG AtomispPipeline atomisp.cpp:1541 Picked 1296x976-SGRBG10_1X10/Unset -> 1296x976-YUYV for max processed stream size 352x288 and max raw stream size 0x0
[0:02:04.056365384] [3553] DEBUG AtomispPipeline atomisp.cpp:1592 Adjusting processed pixel format from MJPEG to YUYV
[0:02:04.056553626] [3553] DEBUG AtomispPipeline atomisp.cpp:1648 Adjusting size from 352x288 to 1296x976
[0:02:04.056937096] [3553] DEBUG V4L2Compat v4l2_camera_proxy.cpp:436 [/dev/video1 (fd:205)] vidioc_try_fmt()
[0:02:04.057599023] [3565] DEBUG AtomispPipeline atomisp.cpp:1436 Largest processed stream size is 1296x976
[0:02:04.057729526] [3565] DEBUG AtomispPipeline atomisp.cpp:1438 Largest raw stream size is 0x0
[0:02:04.057875091] [3565] DEBUG AtomispPipeline atomisp.cpp:1541 Picked 1296x976-SGRBG10_1X10/Unset -> 1296x976-UYVY for max processed stream size 1296x976 and max raw stream size 0x0
[0:02:04.058160860] [3565] DEBUG AtomispPipeline atomisp.cpp:1626 Unspecified color space set to sYCC
[0:02:04.058364702] [3565] DEBUG AtomispPipeline atomisp.cpp:1690 Adjusting bufferCount from 0 to 4
[0:02:04.058746847] [3553] DEBUG AtomispPipeline atomisp.cpp:1436 Largest processed stream size is 640x480
[0:02:04.058910338] [3553] DEBUG AtomispPipeline atomisp.cpp:1438 Largest raw stream size is 0x0
[0:02:04.059226857] [3553] DEBUG AtomispPipeline atomisp.cpp:1541 Picked 1296x976-SGRBG10_1X10/Unset -> 1296x976-YUYV for max processed stream size 640x480 and max raw stream size 0x0
[0:02:04.059444612] [3553] DEBUG AtomispPipeline atomisp.cpp:1592 Adjusting processed pixel format from MJPEG to YUYV
[0:02:04.059630853] [3553] DEBUG AtomispPipeline atomisp.cpp:1648 Adjusting size from 640x480 to 1296x976
[0:02:04.060074600] [3553] DEBUG V4L2Compat v4l2_camera_proxy.cpp:436 [/dev/video1 (fd:205)] vidioc_try_fmt()
[0:02:04.060650962] [3565] DEBUG AtomispPipeline atomisp.cpp:1436 Largest processed stream size is 1296x976
[0:02:04.060782690] [3565] DEBUG AtomispPipeline atomisp.cpp:1438 Largest raw stream size is 0x0
[0:02:04.060931006] [3565] DEBUG AtomispPipeline atomisp.cpp:1541 Picked 1296x976-SGRBG10_1X10/Unset -> 1296x976-UYVY for max processed stream size 1296x976 and max raw stream size 0x0
[0:02:04.061151786] [3565] DEBUG AtomispPipeline atomisp.cpp:1626 Unspecified color space set to sYCC
[0:02:04.061357177] [3565] DEBUG AtomispPipeline atomisp.cpp:1690 Adjusting bufferCount from 0 to 4
[0:02:04.061730835] [3553] DEBUG AtomispPipeline atomisp.cpp:1436 Largest processed stream size is 704x576
[0:02:04.061909477] [3553] DEBUG AtomispPipeline atomisp.cpp:1438 Largest raw stream size is 0x0
[0:02:04.062213470] [3553] DEBUG AtomispPipeline atomisp.cpp:1541 Picked 1296x976-SGRBG10_1X10/Unset -> 1296x976-YUYV for max processed stream size 704x576 and max raw stream size 0x0
[0:02:04.062441163] [3553] DEBUG AtomispPipeline atomisp.cpp:1592 Adjusting processed pixel format from MJPEG to YUYV
[0:02:04.062628929] [3553] DEBUG AtomispPipeline atomisp.cpp:1648 Adjusting size from 704x576 to 1296x976
[0:02:04.063070814] [3553] DEBUG V4L2Compat v4l2_camera_proxy.cpp:436 [/dev/video1 (fd:205)] vidioc_try_fmt()
[0:02:04.063641026] [3565] DEBUG AtomispPipeline atomisp.cpp:1436 Largest processed stream size is 1296x976
[0:02:04.063781179] [3565] DEBUG AtomispPipeline atomisp.cpp:1438 Largest raw stream size is 0x0
[0:02:04.063931157] [3565] DEBUG AtomispPipeline atomisp.cpp:1541 Picked 1296x976-SGRBG10_1X10/Unset -> 1296x976-UYVY for max processed stream size 1296x976 and max raw stream size 0x0
[0:02:04.064174749] [3565] DEBUG AtomispPipeline atomisp.cpp:1626 Unspecified color space set to sYCC
[0:02:04.064388679] [3565] DEBUG AtomispPipeline atomisp.cpp:1690 Adjusting bufferCount from 0 to 4
[0:02:04.064764237] [3553] DEBUG AtomispPipeline atomisp.cpp:1436 Largest processed stream size is 800x600
[0:02:04.064937516] [3553] DEBUG AtomispPipeline atomisp.cpp:1438 Largest raw stream size is 0x0
[0:02:04.065253960] [3553] DEBUG AtomispPipeline atomisp.cpp:1541 Picked 1296x976-SGRBG10_1X10/Unset -> 1296x976-YUYV for max processed stream size 800x600 and max raw stream size 0x0
[0:02:04.065480740] [3553] DEBUG AtomispPipeline atomisp.cpp:1592 Adjusting processed pixel format from MJPEG to YUYV
[0:02:04.065665256] [3553] DEBUG AtomispPipeline atomisp.cpp:1648 Adjusting size from 800x600 to 1296x976
[0:02:04.066133391] [3553] DEBUG V4L2Compat v4l2_camera_proxy.cpp:436 [/dev/video1 (fd:205)] vidioc_try_fmt()
[0:02:04.066709403] [3565] DEBUG AtomispPipeline atomisp.cpp:1436 Largest processed stream size is 1296x976
[0:02:04.066840368] [3565] DEBUG AtomispPipeline atomisp.cpp:1438 Largest raw stream size is 0x0
[0:02:04.066989221] [3565] DEBUG AtomispPipeline atomisp.cpp:1541 Picked 1296x976-SGRBG10_1X10/Unset -> 1296x976-UYVY for max processed stream size 1296x976 and max raw stream size 0x0
[0:02:04.067238402] [3565] DEBUG AtomispPipeline atomisp.cpp:1626 Unspecified color space set to sYCC
[0:02:04.067478307] [3565] DEBUG AtomispPipeline atomisp.cpp:1690 Adjusting bufferCount from 0 to 4
[0:02:04.067862052] [3553] DEBUG AtomispPipeline atomisp.cpp:1436 Largest processed stream size is 960x720
[0:02:04.068127446] [3553] DEBUG AtomispPipeline atomisp.cpp:1438 Largest raw stream size is 0x0
[0:02:04.068346438] [3553] DEBUG AtomispPipeline atomisp.cpp:1541 Picked 1296x976-SGRBG10_1X10/Unset -> 1296x976-YUYV for max processed stream size 960x720 and max raw stream size 0x0
[0:02:04.068567692] [3553] DEBUG AtomispPipeline atomisp.cpp:1592 Adjusting processed pixel format from MJPEG to YUYV
[0:02:04.068756146] [3553] DEBUG AtomispPipeline atomisp.cpp:1648 Adjusting size from 960x720 to 1296x976
[0:02:04.069218206] [3553] DEBUG V4L2Compat v4l2_camera_proxy.cpp:436 [/dev/video1 (fd:205)] vidioc_try_fmt()
[0:02:04.069798681] [3565] DEBUG AtomispPipeline atomisp.cpp:1436 Largest processed stream size is 1296x976
[0:02:04.069937609] [3565] DEBUG AtomispPipeline atomisp.cpp:1438 Largest raw stream size is 0x0
[0:02:04.070146926] [3565] DEBUG AtomispPipeline atomisp.cpp:1541 Picked 1296x976-SGRBG10_1X10/Unset -> 1296x976-UYVY for max processed stream size 1296x976 and max raw stream size 0x0
[0:02:04.070321679] [3565] DEBUG AtomispPipeline atomisp.cpp:1626 Unspecified color space set to sYCC
[0:02:04.070529634] [3565] DEBUG AtomispPipeline atomisp.cpp:1690 Adjusting bufferCount from 0 to 4
[0:02:04.070889141] [3553] DEBUG AtomispPipeline atomisp.cpp:1436 Largest processed stream size is 1280x720
[0:02:04.071130084] [3553] DEBUG AtomispPipeline atomisp.cpp:1438 Largest raw stream size is 0x0
[0:02:04.071348489] [3553] DEBUG AtomispPipeline atomisp.cpp:1541 Picked 1296x976-SGRBG10_1X10/Unset -> 1296x976-YUYV for max processed stream size 1280x720 and max raw stream size 0x0
[0:02:04.071572243] [3553] DEBUG AtomispPipeline atomisp.cpp:1592 Adjusting processed pixel format from MJPEG to YUYV
[0:02:04.071758860] [3553] DEBUG AtomispPipeline atomisp.cpp:1648 Adjusting size from 1280x720 to 1296x976
[0:02:04.072196394] [3553] DEBUG V4L2Compat v4l2_camera_proxy.cpp:436 [/dev/video1 (fd:205)] vidioc_try_fmt()
[0:02:04.072809007] [3565] DEBUG AtomispPipeline atomisp.cpp:1436 Largest processed stream size is 1296x976
[0:02:04.072954223] [3565] DEBUG AtomispPipeline atomisp.cpp:1438 Largest raw stream size is 0x0
[0:02:04.073207153] [3565] DEBUG AtomispPipeline atomisp.cpp:1541 Picked 1296x976-SGRBG10_1X10/Unset -> 1296x976-UYVY for max processed stream size 1296x976 and max raw stream size 0x0
[0:02:04.073397344] [3565] DEBUG AtomispPipeline atomisp.cpp:1626 Unspecified color space set to sYCC
[0:02:04.073620699] [3565] DEBUG AtomispPipeline atomisp.cpp:1690 Adjusting bufferCount from 0 to 4
[0:02:04.074088122] [3553] DEBUG AtomispPipeline atomisp.cpp:1436 Largest processed stream size is 1024x768
[0:02:04.074271663] [3553] DEBUG AtomispPipeline atomisp.cpp:1438 Largest raw stream size is 0x0
[0:02:04.074490668] [3553] DEBUG AtomispPipeline atomisp.cpp:1541 Picked 1296x976-SGRBG10_1X10/Unset -> 1296x976-YUYV for max processed stream size 1024x768 and max raw stream size 0x0
[0:02:04.074712922] [3553] DEBUG AtomispPipeline atomisp.cpp:1592 Adjusting processed pixel format from MJPEG to YUYV
[0:02:04.074894789] [3553] DEBUG AtomispPipeline atomisp.cpp:1648 Adjusting size from 1024x768 to 1296x976
[0:02:04.075341148] [3553] DEBUG V4L2Compat v4l2_camera_proxy.cpp:436 [/dev/video1 (fd:205)] vidioc_try_fmt()
[0:02:04.075949961] [3565] DEBUG AtomispPipeline atomisp.cpp:1436 Largest processed stream size is 1296x976
[0:02:04.076165778] [3565] DEBUG AtomispPipeline atomisp.cpp:1438 Largest raw stream size is 0x0
[0:02:04.076335582] [3565] DEBUG AtomispPipeline atomisp.cpp:1541 Picked 1296x976-SGRBG10_1X10/Unset -> 1296x976-UYVY for max processed stream size 1296x976 and max raw stream size 0x0
[0:02:04.076523623] [3565] DEBUG AtomispPipeline atomisp.cpp:1626 Unspecified color space set to sYCC
[0:02:04.076750165] [3565] DEBUG AtomispPipeline atomisp.cpp:1690 Adjusting bufferCount from 0 to 4
[0:02:04.077213463] [3553] DEBUG AtomispPipeline atomisp.cpp:1436 Largest processed stream size is 1440x1080
[0:02:04.077397242] [3553] DEBUG AtomispPipeline atomisp.cpp:1438 Largest raw stream size is 0x0
[0:02:04.077615821] [3553] DEBUG AtomispPipeline atomisp.cpp:1541 Picked 1296x976-SGRBG10_1X10/Unset -> 1296x976-YUYV for max processed stream size 1440x1080 and max raw stream size 0x0
[0:02:04.077844576] [3553] DEBUG AtomispPipeline atomisp.cpp:1592 Adjusting processed pixel format from MJPEG to YUYV
[0:02:04.078109007] [3553] DEBUG AtomispPipeline atomisp.cpp:1648 Adjusting size from 1440x1080 to 1296x976
[0:02:04.078511928] [3553] DEBUG V4L2Compat v4l2_camera_proxy.cpp:436 [/dev/video1 (fd:205)] vidioc_try_fmt()
[0:02:04.079170917] [3565] DEBUG AtomispPipeline atomisp.cpp:1436 Largest processed stream size is 1296x976
[0:02:04.079314657] [3565] DEBUG AtomispPipeline atomisp.cpp:1438 Largest raw stream size is 0x0
[0:02:04.079476673] [3565] DEBUG AtomispPipeline atomisp.cpp:1541 Picked 1296x976-SGRBG10_1X10/Unset -> 1296x976-UYVY for max processed stream size 1296x976 and max raw stream size 0x0
[0:02:04.079668602] [3565] DEBUG AtomispPipeline atomisp.cpp:1626 Unspecified color space set to sYCC
[0:02:04.079889844] [3565] DEBUG AtomispPipeline atomisp.cpp:1690 Adjusting bufferCount from 0 to 4
[0:02:04.080331254] [3553] DEBUG AtomispPipeline atomisp.cpp:1436 Largest processed stream size is 1920x1080
[0:02:04.080505770] [3553] DEBUG AtomispPipeline atomisp.cpp:1438 Largest raw stream size is 0x0
[0:02:04.080726074] [3553] DEBUG AtomispPipeline atomisp.cpp:1541 Picked 1296x976-SGRBG10_1X10/Unset -> 1296x976-YUYV for max processed stream size 1920x1080 and max raw stream size 0x0
[0:02:04.080946342] [3553] DEBUG AtomispPipeline atomisp.cpp:1592 Adjusting processed pixel format from MJPEG to YUYV
[0:02:04.081229460] [3553] DEBUG AtomispPipeline atomisp.cpp:1648 Adjusting size from 1920x1080 to 1296x976
[0:02:04.081618931] [3553] DEBUG V4L2Compat v4l2_camera_proxy.cpp:436 [/dev/video1 (fd:205)] vidioc_try_fmt()
[0:02:04.082278470] [3565] DEBUG AtomispPipeline atomisp.cpp:1436 Largest processed stream size is 1296x976
[0:02:04.082434548] [3565] DEBUG AtomispPipeline atomisp.cpp:1438 Largest raw stream size is 0x0
[0:02:04.082597739] [3565] DEBUG AtomispPipeline atomisp.cpp:1541 Picked 1296x976-SGRBG10_1X10/Unset -> 1296x976-UYVY for max processed stream size 1296x976 and max raw stream size 0x0
[0:02:04.082784893] [3565] DEBUG AtomispPipeline atomisp.cpp:1626 Unspecified color space set to sYCC
[0:02:04.083069724] [3565] DEBUG AtomispPipeline atomisp.cpp:1690 Adjusting bufferCount from 0 to 4
[0:02:04.083468582] [3553] DEBUG AtomispPipeline atomisp.cpp:1436 Largest processed stream size is 128x96
[0:02:04.083646136] [3553] DEBUG AtomispPipeline atomisp.cpp:1438 Largest raw stream size is 0x0
[0:02:04.083865116] [3553] DEBUG AtomispPipeline atomisp.cpp:1541 Picked 1296x976-SGRBG10_1X10/Unset -> 1296x976-YUYV for max processed stream size 128x96 and max raw stream size 0x0
[0:02:04.084194273] [3553] DEBUG AtomispPipeline atomisp.cpp:1592 Adjusting processed pixel format from YUV420 to YUYV
[0:02:04.084386677] [3553] DEBUG AtomispPipeline atomisp.cpp:1648 Adjusting size from 128x96 to 1296x976
[0:02:04.084750110] [3553] DEBUG V4L2Compat v4l2_camera_proxy.cpp:436 [/dev/video1 (fd:205)] vidioc_try_fmt()
[0:02:04.085422499] [3565] DEBUG AtomispPipeline atomisp.cpp:1436 Largest processed stream size is 1296x976
[0:02:04.085573764] [3565] DEBUG AtomispPipeline atomisp.cpp:1438 Largest raw stream size is 0x0
[0:02:04.085741293] [3565] DEBUG AtomispPipeline atomisp.cpp:1541 Picked 1296x976-SGRBG10_1X10/Unset -> 1296x976-UYVY for max processed stream size 1296x976 and max raw stream size 0x0
[0:02:04.085919572] [3565] DEBUG AtomispPipeline atomisp.cpp:1626 Unspecified color space set to sYCC
[0:02:04.086244204] [3565] DEBUG AtomispPipeline atomisp.cpp:1690 Adjusting bufferCount from 0 to 4
[0:02:04.086780065] [3553] DEBUG AtomispPipeline atomisp.cpp:1436 Largest processed stream size is 160x120
[0:02:04.086924343] [3553] DEBUG AtomispPipeline atomisp.cpp:1438 Largest raw stream size is 0x0
[0:02:04.087134510] [3553] DEBUG AtomispPipeline atomisp.cpp:1541 Picked 1296x976-SGRBG10_1X10/Unset -> 1296x976-YUYV for max processed stream size 160x120 and max raw stream size 0x0
[0:02:04.087269925] [3553] DEBUG AtomispPipeline atomisp.cpp:1592 Adjusting processed pixel format from YUV420 to YUYV
[0:02:04.087367890] [3553] DEBUG AtomispPipeline atomisp.cpp:1648 Adjusting size from 160x120 to 1296x976
[0:02:04.087649008] [3553] DEBUG V4L2Compat v4l2_camera_proxy.cpp:436 [/dev/video1 (fd:205)] vidioc_try_fmt()
[0:02:04.088205683] [3565] DEBUG AtomispPipeline atomisp.cpp:1436 Largest processed stream size is 1296x976
[0:02:04.088308897] [3565] DEBUG AtomispPipeline atomisp.cpp:1438 Largest raw stream size is 0x0
[0:02:04.088428825] [3565] DEBUG AtomispPipeline atomisp.cpp:1541 Picked 1296x976-SGRBG10_1X10/Unset -> 1296x976-UYVY for max processed stream size 1296x976 and max raw stream size 0x0
[0:02:04.088557115] [3565] DEBUG AtomispPipeline atomisp.cpp:1626 Unspecified color space set to sYCC
[0:02:04.088716568] [3565] DEBUG AtomispPipeline atomisp.cpp:1690 Adjusting bufferCount from 0 to 4
[0:02:04.089081339] [3553] DEBUG AtomispPipeline atomisp.cpp:1436 Largest processed stream size is 176x144
[0:02:04.089224392] [3553] DEBUG AtomispPipeline atomisp.cpp:1438 Largest raw stream size is 0x0
[0:02:04.089407333] [3553] DEBUG AtomispPipeline atomisp.cpp:1541 Picked 1296x976-SGRBG10_1X10/Unset -> 1296x976-YUYV for max processed stream size 176x144 and max raw stream size 0x0
[0:02:04.089596150] [3553] DEBUG AtomispPipeline atomisp.cpp:1592 Adjusting processed pixel format from YUV420 to YUYV
[0:02:04.089754328] [3553] DEBUG AtomispPipeline atomisp.cpp:1648 Adjusting size from 176x144 to 1296x976
[0:02:04.090118386] [3553] DEBUG V4L2Compat v4l2_camera_proxy.cpp:436 [/dev/video1 (fd:205)] vidioc_try_fmt()
[0:02:04.090702510] [3565] DEBUG AtomispPipeline atomisp.cpp:1436 Largest processed stream size is 1296x976
[0:02:04.090850826] [3565] DEBUG AtomispPipeline atomisp.cpp:1438 Largest raw stream size is 0x0
[0:02:04.091097844] [3565] DEBUG AtomispPipeline atomisp.cpp:1541 Picked 1296x976-SGRBG10_1X10/Unset -> 1296x976-UYVY for max processed stream size 1296x976 and max raw stream size 0x0
[0:02:04.091305398] [3565] DEBUG AtomispPipeline atomisp.cpp:1626 Unspecified color space set to sYCC
[0:02:04.091553441] [3565] DEBUG AtomispPipeline atomisp.cpp:1690 Adjusting bufferCount from 0 to 4
[0:02:04.091938212] [3553] DEBUG AtomispPipeline atomisp.cpp:1436 Largest processed stream size is 320x240
[0:02:04.092177767] [3553] DEBUG AtomispPipeline atomisp.cpp:1438 Largest raw stream size is 0x0
[0:02:04.092366033] [3553] DEBUG AtomispPipeline atomisp.cpp:1541 Picked 1296x976-SGRBG10_1X10/Unset -> 1296x976-YUYV for max processed stream size 320x240 and max raw stream size 0x0
[0:02:04.092561162] [3553] DEBUG AtomispPipeline atomisp.cpp:1592 Adjusting processed pixel format from YUV420 to YUYV
[0:02:04.092722716] [3553] DEBUG AtomispPipeline atomisp.cpp:1648 Adjusting size from 320x240 to 1296x976
[0:02:04.093128162] [3553] DEBUG V4L2Compat v4l2_camera_proxy.cpp:436 [/dev/video1 (fd:205)] vidioc_try_fmt()
[0:02:04.093737262] [3565] DEBUG AtomispPipeline atomisp.cpp:1436 Largest processed stream size is 1296x976
[0:02:04.093900116] [3565] DEBUG AtomispPipeline atomisp.cpp:1438 Largest raw stream size is 0x0
[0:02:04.094168434] [3565] DEBUG AtomispPipeline atomisp.cpp:1541 Picked 1296x976-SGRBG10_1X10/Unset -> 1296x976-UYVY for max processed stream size 1296x976 and max raw stream size 0x0
[0:02:04.094391689] [3565] DEBUG AtomispPipeline atomisp.cpp:1626 Unspecified color space set to sYCC
[0:02:04.094744146] [3565] DEBUG AtomispPipeline atomisp.cpp:1690 Adjusting bufferCount from 0 to 4
[0:02:04.095198593] [3553] DEBUG AtomispPipeline atomisp.cpp:1436 Largest processed stream size is 352x288
[0:02:04.095357809] [3553] DEBUG AtomispPipeline atomisp.cpp:1438 Largest raw stream size is 0x0
[0:02:04.095525312] [3553] DEBUG AtomispPipeline atomisp.cpp:1541 Picked 1296x976-SGRBG10_1X10/Unset -> 1296x976-YUYV for max processed stream size 352x288 and max raw stream size 0x0
[0:02:04.095747380] [3553] DEBUG AtomispPipeline atomisp.cpp:1592 Adjusting processed pixel format from YUV420 to YUYV
[0:02:04.095889620] [3553] DEBUG AtomispPipeline atomisp.cpp:1648 Adjusting size from 352x288 to 1296x976
[0:02:04.096237002] [3553] DEBUG V4L2Compat v4l2_camera_proxy.cpp:436 [/dev/video1 (fd:205)] vidioc_try_fmt()
[0:02:04.096844853] [3565] DEBUG AtomispPipeline atomisp.cpp:1436 Largest processed stream size is 1296x976
[0:02:04.097061807] [3565] DEBUG AtomispPipeline atomisp.cpp:1438 Largest raw stream size is 0x0
[0:02:04.097267512] [3565] DEBUG AtomispPipeline atomisp.cpp:1541 Picked 1296x976-SGRBG10_1X10/Unset -> 1296x976-UYVY for max processed stream size 1296x976 and max raw stream size 0x0
[0:02:04.097488441] [3565] DEBUG AtomispPipeline atomisp.cpp:1626 Unspecified color space set to sYCC
[0:02:04.097754622] [3565] DEBUG AtomispPipeline atomisp.cpp:1690 Adjusting bufferCount from 0 to 4
[0:02:04.098201094] [3553] DEBUG AtomispPipeline atomisp.cpp:1436 Largest processed stream size is 640x480
[0:02:04.098357160] [3553] DEBUG AtomispPipeline atomisp.cpp:1438 Largest raw stream size is 0x0
[0:02:04.098542001] [3553] DEBUG AtomispPipeline atomisp.cpp:1541 Picked 1296x976-SGRBG10_1X10/Unset -> 1296x976-YUYV for max processed stream size 640x480 and max raw stream size 0x0
[0:02:04.098737418] [3553] DEBUG AtomispPipeline atomisp.cpp:1592 Adjusting processed pixel format from YUV420 to YUYV
[0:02:04.098896521] [3553] DEBUG AtomispPipeline atomisp.cpp:1648 Adjusting size from 640x480 to 1296x976
[0:02:04.099297517] [3553] DEBUG V4L2Compat v4l2_camera_proxy.cpp:436 [/dev/video1 (fd:205)] vidioc_try_fmt()
[0:02:04.099923518] [3565] DEBUG AtomispPipeline atomisp.cpp:1436 Largest processed stream size is 1296x976
[0:02:04.100187786] [3565] DEBUG AtomispPipeline atomisp.cpp:1438 Largest raw stream size is 0x0
[0:02:04.100385203] [3565] DEBUG AtomispPipeline atomisp.cpp:1541 Picked 1296x976-SGRBG10_1X10/Unset -> 1296x976-UYVY for max processed stream size 1296x976 and max raw stream size 0x0
[0:02:04.100601632] [3565] DEBUG AtomispPipeline atomisp.cpp:1626 Unspecified color space set to sYCC
[0:02:04.100868600] [3565] DEBUG AtomispPipeline atomisp.cpp:1690 Adjusting bufferCount from 0 to 4
[0:02:04.101309322] [3553] DEBUG AtomispPipeline atomisp.cpp:1436 Largest processed stream size is 704x576
[0:02:04.101456875] [3553] DEBUG AtomispPipeline atomisp.cpp:1438 Largest raw stream size is 0x0
[0:02:04.101645879] [3553] DEBUG AtomispPipeline atomisp.cpp:1541 Picked 1296x976-SGRBG10_1X10/Unset -> 1296x976-YUYV for max processed stream size 704x576 and max raw stream size 0x0
[0:02:04.101840546] [3553] DEBUG AtomispPipeline atomisp.cpp:1592 Adjusting processed pixel format from YUV420 to YUYV
[0:02:04.102066038] [3553] DEBUG AtomispPipeline atomisp.cpp:1648 Adjusting size from 704x576 to 1296x976
[0:02:04.102406833] [3553] DEBUG V4L2Compat v4l2_camera_proxy.cpp:436 [/dev/video1 (fd:205)] vidioc_try_fmt()
[0:02:04.103120473] [3565] DEBUG AtomispPipeline atomisp.cpp:1436 Largest processed stream size is 1296x976
[0:02:04.103301277] [3565] DEBUG AtomispPipeline atomisp.cpp:1438 Largest raw stream size is 0x0
[0:02:04.103492868] [3565] DEBUG AtomispPipeline atomisp.cpp:1541 Picked 1296x976-SGRBG10_1X10/Unset -> 1296x976-UYVY for max processed stream size 1296x976 and max raw stream size 0x0
[0:02:04.103708085] [3565] DEBUG AtomispPipeline atomisp.cpp:1626 Unspecified color space set to sYCC
[0:02:04.103968016] [3565] DEBUG AtomispPipeline atomisp.cpp:1690 Adjusting bufferCount from 0 to 4
[0:02:04.104421088] [3553] DEBUG AtomispPipeline atomisp.cpp:1436 Largest processed stream size is 800x600
[0:02:04.104565416] [3553] DEBUG AtomispPipeline atomisp.cpp:1438 Largest raw stream size is 0x0
[0:02:04.104753220] [3553] DEBUG AtomispPipeline atomisp.cpp:1541 Picked 1296x976-SGRBG10_1X10/Unset -> 1296x976-YUYV for max processed stream size 800x600 and max raw stream size 0x0
[0:02:04.104940537] [3553] DEBUG AtomispPipeline atomisp.cpp:1592 Adjusting processed pixel format from YUV420 to YUYV
[0:02:04.105231880] [3553] DEBUG AtomispPipeline atomisp.cpp:1648 Adjusting size from 800x600 to 1296x976
[0:02:04.105569587] [3553] DEBUG V4L2Compat v4l2_camera_proxy.cpp:436 [/dev/video1 (fd:205)] vidioc_try_fmt()
[0:02:04.106276027] [3565] DEBUG AtomispPipeline atomisp.cpp:1436 Largest processed stream size is 1296x976
[0:02:04.106444781] [3565] DEBUG AtomispPipeline atomisp.cpp:1438 Largest raw stream size is 0x0
[0:02:04.106640098] [3565] DEBUG AtomispPipeline atomisp.cpp:1541 Picked 1296x976-SGRBG10_1X10/Unset -> 1296x976-UYVY for max processed stream size 1296x976 and max raw stream size 0x0
[0:02:04.106853327] [3565] DEBUG AtomispPipeline atomisp.cpp:1626 Unspecified color space set to sYCC
[0:02:04.107168296] [3565] DEBUG AtomispPipeline atomisp.cpp:1690 Adjusting bufferCount from 0 to 4
[0:02:04.107557442] [3553] DEBUG AtomispPipeline atomisp.cpp:1436 Largest processed stream size is 960x720
[0:02:04.107704595] [3553] DEBUG AtomispPipeline atomisp.cpp:1438 Largest raw stream size is 0x0
[0:02:04.107892999] [3553] DEBUG AtomispPipeline atomisp.cpp:1541 Picked 1296x976-SGRBG10_1X10/Unset -> 1296x976-YUYV for max processed stream size 960x720 and max raw stream size 0x0
[0:02:04.108175842] [3553] DEBUG AtomispPipeline atomisp.cpp:1592 Adjusting processed pixel format from YUV420 to YUYV
[0:02:04.108338896] [3553] DEBUG AtomispPipeline atomisp.cpp:1648 Adjusting size from 960x720 to 1296x976
[0:02:04.108665815] [3553] DEBUG V4L2Compat v4l2_camera_proxy.cpp:436 [/dev/video1 (fd:205)] vidioc_try_fmt()
[0:02:04.109362818] [3565] DEBUG AtomispPipeline atomisp.cpp:1436 Largest processed stream size is 1296x976
[0:02:04.109537996] [3565] DEBUG AtomispPipeline atomisp.cpp:1438 Largest raw stream size is 0x0
[0:02:04.109727263] [3565] DEBUG AtomispPipeline atomisp.cpp:1541 Picked 1296x976-SGRBG10_1X10/Unset -> 1296x976-UYVY for max processed stream size 1296x976 and max raw stream size 0x0
[0:02:04.109935017] [3565] DEBUG AtomispPipeline atomisp.cpp:1626 Unspecified color space set to sYCC
[0:02:04.110271512] [3565] DEBUG AtomispPipeline atomisp.cpp:1690 Adjusting bufferCount from 0 to 4
[0:02:04.110657845] [3553] DEBUG AtomispPipeline atomisp.cpp:1436 Largest processed stream size is 1280x720
[0:02:04.110812086] [3553] DEBUG AtomispPipeline atomisp.cpp:1438 Largest raw stream size is 0x0
[0:02:04.110998190] [3553] DEBUG AtomispPipeline atomisp.cpp:1541 Picked 1296x976-SGRBG10_1X10/Unset -> 1296x976-YUYV for max processed stream size 1280x720 and max raw stream size 0x0
[0:02:04.111294358] [3553] DEBUG AtomispPipeline atomisp.cpp:1592 Adjusting processed pixel format from YUV420 to YUYV
[0:02:04.111455724] [3553] DEBUG AtomispPipeline atomisp.cpp:1648 Adjusting size from 1280x720 to 1296x976
[0:02:04.111795494] [3553] DEBUG V4L2Compat v4l2_camera_proxy.cpp:436 [/dev/video1 (fd:205)] vidioc_try_fmt()
[0:02:04.112477133] [3565] DEBUG AtomispPipeline atomisp.cpp:1436 Largest processed stream size is 1296x976
[0:02:04.112654950] [3565] DEBUG AtomispPipeline atomisp.cpp:1438 Largest raw stream size is 0x0
[0:02:04.112845891] [3565] DEBUG AtomispPipeline atomisp.cpp:1541 Picked 1296x976-SGRBG10_1X10/Unset -> 1296x976-UYVY for max processed stream size 1296x976 and max raw stream size 0x0
[0:02:04.113139672] [3565] DEBUG AtomispPipeline atomisp.cpp:1626 Unspecified color space set to sYCC
[0:02:04.113403566] [3565] DEBUG AtomispPipeline atomisp.cpp:1690 Adjusting bufferCount from 0 to 4
[0:02:04.113797699] [3553] DEBUG AtomispPipeline atomisp.cpp:1436 Largest processed stream size is 1024x768
[0:02:04.113945539] [3553] DEBUG AtomispPipeline atomisp.cpp:1438 Largest raw stream size is 0x0
[0:02:04.114199482] [3553] DEBUG AtomispPipeline atomisp.cpp:1541 Picked 1296x976-SGRBG10_1X10/Unset -> 1296x976-YUYV for max processed stream size 1024x768 and max raw stream size 0x0
[0:02:04.114398237] [3553] DEBUG AtomispPipeline atomisp.cpp:1592 Adjusting processed pixel format from YUV420 to YUYV
[0:02:04.114556765] [3553] DEBUG AtomispPipeline atomisp.cpp:1648 Adjusting size from 1024x768 to 1296x976
[0:02:04.114933760] [3553] DEBUG V4L2Compat v4l2_camera_proxy.cpp:436 [/dev/video1 (fd:205)] vidioc_try_fmt()
[0:02:04.115639613] [3565] DEBUG AtomispPipeline atomisp.cpp:1436 Largest processed stream size is 1296x976
[0:02:04.115798591] [3565] DEBUG AtomispPipeline atomisp.cpp:1438 Largest raw stream size is 0x0
[0:02:04.115986883] [3565] DEBUG AtomispPipeline atomisp.cpp:1541 Picked 1296x976-SGRBG10_1X10/Unset -> 1296x976-UYVY for max processed stream size 1296x976 and max raw stream size 0x0
[0:02:04.116280689] [3565] DEBUG AtomispPipeline atomisp.cpp:1626 Unspecified color space set to sYCC
[0:02:04.116525844] [3565] DEBUG AtomispPipeline atomisp.cpp:1690 Adjusting bufferCount from 0 to 4
[0:02:04.116902902] [3553] DEBUG AtomispPipeline atomisp.cpp:1436 Largest processed stream size is 1440x1080
[0:02:04.117128382] [3553] DEBUG AtomispPipeline atomisp.cpp:1438 Largest raw stream size is 0x0
[0:02:04.117326486] [3553] DEBUG AtomispPipeline atomisp.cpp:1541 Picked 1296x976-SGRBG10_1X10/Unset -> 1296x976-YUYV for max processed stream size 1440x1080 and max raw stream size 0x0
[0:02:04.117520578] [3553] DEBUG AtomispPipeline atomisp.cpp:1592 Adjusting processed pixel format from YUV420 to YUYV
[0:02:04.117678356] [3553] DEBUG AtomispPipeline atomisp.cpp:1648 Adjusting size from 1440x1080 to 1296x976
[0:02:04.118068202] [3553] DEBUG V4L2Compat v4l2_camera_proxy.cpp:436 [/dev/video1 (fd:205)] vidioc_try_fmt()
[0:02:04.118728891] [3565] DEBUG AtomispPipeline atomisp.cpp:1436 Largest processed stream size is 1296x976
[0:02:04.118898719] [3565] DEBUG AtomispPipeline atomisp.cpp:1438 Largest raw stream size is 0x0
[0:02:04.119148387] [3565] DEBUG AtomispPipeline atomisp.cpp:1541 Picked 1296x976-SGRBG10_1X10/Unset -> 1296x976-UYVY for max processed stream size 1296x976 and max raw stream size 0x0
[0:02:04.119364367] [3565] DEBUG AtomispPipeline atomisp.cpp:1626 Unspecified color space set to sYCC
[0:02:04.119625322] [3565] DEBUG AtomispPipeline atomisp.cpp:1690 Adjusting bufferCount from 0 to 4
[0:02:04.120081894] [3553] DEBUG AtomispPipeline atomisp.cpp:1436 Largest processed stream size is 1920x1080
[0:02:04.120240235] [3553] DEBUG AtomispPipeline atomisp.cpp:1438 Largest raw stream size is 0x0
[0:02:04.120431952] [3553] DEBUG AtomispPipeline atomisp.cpp:1541 Picked 1296x976-SGRBG10_1X10/Unset -> 1296x976-YUYV for max processed stream size 1920x1080 and max raw stream size 0x0
[0:02:04.120629293] [3553] DEBUG AtomispPipeline atomisp.cpp:1592 Adjusting processed pixel format from YUV420 to YUYV
[0:02:04.120788322] [3553] DEBUG AtomispPipeline atomisp.cpp:1648 Adjusting size from 1920x1080 to 1296x976
[0:02:04.121190180] [3553] DEBUG V4L2Compat v4l2_camera_proxy.cpp:436 [/dev/video1 (fd:205)] vidioc_try_fmt()
[0:02:04.121886032] [3565] DEBUG AtomispPipeline atomisp.cpp:1436 Largest processed stream size is 1296x976
[0:02:04.122173351] [3565] DEBUG AtomispPipeline atomisp.cpp:1438 Largest raw stream size is 0x0
[0:02:04.122401243] [3565] DEBUG AtomispPipeline atomisp.cpp:1541 Picked 1296x976-SGRBG10_1X10/Unset -> 1296x976-UYVY for max processed stream size 1296x976 and max raw stream size 0x0
[0:02:04.122650199] [3565] DEBUG AtomispPipeline atomisp.cpp:1626 Unspecified color space set to sYCC
[0:02:04.122954755] [3565] DEBUG AtomispPipeline atomisp.cpp:1690 Adjusting bufferCount from 0 to 4
[0:02:04.123494079] [3553] DEBUG AtomispPipeline atomisp.cpp:1436 Largest processed stream size is 128x96
[0:02:04.123669270] [3553] DEBUG AtomispPipeline atomisp.cpp:1438 Largest raw stream size is 0x0
[0:02:04.123887800] [3553] DEBUG AtomispPipeline atomisp.cpp:1541 Picked 1296x976-SGRBG10_1X10/Unset -> 1296x976-YUYV for max processed stream size 128x96 and max raw stream size 0x0
[0:02:04.124216269] [3553] DEBUG AtomispPipeline atomisp.cpp:1592 Adjusting processed pixel format from YVU420 to YUYV
[0:02:04.124406523] [3553] DEBUG AtomispPipeline atomisp.cpp:1648 Adjusting size from 128x96 to 1296x976
[0:02:04.124790331] [3553] DEBUG V4L2Compat v4l2_camera_proxy.cpp:436 [/dev/video1 (fd:205)] vidioc_try_fmt()
[0:02:04.125670325] [3565] DEBUG AtomispPipeline atomisp.cpp:1436 Largest processed stream size is 1296x976
[0:02:04.125869092] [3565] DEBUG AtomispPipeline atomisp.cpp:1438 Largest raw stream size is 0x0
[0:02:04.126189473] [3565] DEBUG AtomispPipeline atomisp.cpp:1541 Picked 1296x976-SGRBG10_1X10/Unset -> 1296x976-UYVY for max processed stream size 1296x976 and max raw stream size 0x0
[0:02:04.126438841] [3565] DEBUG AtomispPipeline atomisp.cpp:1626 Unspecified color space set to sYCC
[0:02:04.126739748] [3565] DEBUG AtomispPipeline atomisp.cpp:1690 Adjusting bufferCount from 0 to 4
[0:02:04.127236458] [3553] DEBUG AtomispPipeline atomisp.cpp:1436 Largest processed stream size is 160x120
[0:02:04.127414049] [3553] DEBUG AtomispPipeline atomisp.cpp:1438 Largest raw stream size is 0x0
[0:02:04.127632529] [3553] DEBUG AtomispPipeline atomisp.cpp:1541 Picked 1296x976-SGRBG10_1X10/Unset -> 1296x976-YUYV for max processed stream size 160x120 and max raw stream size 0x0
[0:02:04.127857246] [3553] DEBUG AtomispPipeline atomisp.cpp:1592 Adjusting processed pixel format from YVU420 to YUYV
[0:02:04.128111252] [3553] DEBUG AtomispPipeline atomisp.cpp:1648 Adjusting size from 160x120 to 1296x976
[0:02:04.128497322] [3553] DEBUG V4L2Compat v4l2_camera_proxy.cpp:436 [/dev/video1 (fd:205)] vidioc_try_fmt()
[0:02:04.129319077] [3565] DEBUG AtomispPipeline atomisp.cpp:1436 Largest processed stream size is 1296x976
[0:02:04.129513106] [3565] DEBUG AtomispPipeline atomisp.cpp:1438 Largest raw stream size is 0x0
[0:02:04.129728323] [3565] DEBUG AtomispPipeline atomisp.cpp:1541 Picked 1296x976-SGRBG10_1X10/Unset -> 1296x976-UYVY for max processed stream size 1296x976 and max raw stream size 0x0
[0:02:04.129974678] [3565] DEBUG AtomispPipeline atomisp.cpp:1626 Unspecified color space set to sYCC
[0:02:04.130351736] [3565] DEBUG AtomispPipeline atomisp.cpp:1690 Adjusting bufferCount from 0 to 4
[0:02:04.130795083] [3553] DEBUG AtomispPipeline atomisp.cpp:1436 Largest processed stream size is 176x144
[0:02:04.130969575] [3553] DEBUG AtomispPipeline atomisp.cpp:1438 Largest raw stream size is 0x0
[0:02:04.131291931] [3553] DEBUG AtomispPipeline atomisp.cpp:1541 Picked 1296x976-SGRBG10_1X10/Unset -> 1296x976-YUYV for max processed stream size 176x144 and max raw stream size 0x0
[0:02:04.131517936] [3553] DEBUG AtomispPipeline atomisp.cpp:1592 Adjusting processed pixel format from YVU420 to YUYV
[0:02:04.131702378] [3553] DEBUG AtomispPipeline atomisp.cpp:1648 Adjusting size from 176x144 to 1296x976
[0:02:04.132169475] [3553] DEBUG V4L2Compat v4l2_camera_proxy.cpp:436 [/dev/video1 (fd:205)] vidioc_try_fmt()
[0:02:04.132892515] [3565] DEBUG AtomispPipeline atomisp.cpp:1436 Largest processed stream size is 1296x976
[0:02:04.133184359] [3565] DEBUG AtomispPipeline atomisp.cpp:1438 Largest raw stream size is 0x0
[0:02:04.133407289] [3565] DEBUG AtomispPipeline atomisp.cpp:1541 Picked 1296x976-SGRBG10_1X10/Unset -> 1296x976-UYVY for max processed stream size 1296x976 and max raw stream size 0x0
[0:02:04.133652631] [3565] DEBUG AtomispPipeline atomisp.cpp:1626 Unspecified color space set to sYCC
[0:02:04.133955163] [3565] DEBUG AtomispPipeline atomisp.cpp:1690 Adjusting bufferCount from 0 to 4
[0:02:04.134468473] [3553] DEBUG AtomispPipeline atomisp.cpp:1436 Largest processed stream size is 320x240
[0:02:04.134635315] [3553] DEBUG AtomispPipeline atomisp.cpp:1438 Largest raw stream size is 0x0
[0:02:04.134850957] [3553] DEBUG AtomispPipeline atomisp.cpp:1541 Picked 1296x976-SGRBG10_1X10/Unset -> 1296x976-YUYV for max processed stream size 320x240 and max raw stream size 0x0
[0:02:04.135155276] [3553] DEBUG AtomispPipeline atomisp.cpp:1592 Adjusting processed pixel format from YVU420 to YUYV
[0:02:04.135342729] [3553] DEBUG AtomispPipeline atomisp.cpp:1648 Adjusting size from 320x240 to 1296x976
[0:02:04.135709962] [3553] DEBUG V4L2Compat v4l2_camera_proxy.cpp:436 [/dev/video1 (fd:205)] vidioc_try_fmt()
[0:02:04.136836949] [3565] DEBUG AtomispPipeline atomisp.cpp:1436 Largest processed stream size is 1296x976
[0:02:04.137070666] [3565] DEBUG AtomispPipeline atomisp.cpp:1438 Largest raw stream size is 0x0
[0:02:04.137342872] [3565] DEBUG AtomispPipeline atomisp.cpp:1541 Picked 1296x976-SGRBG10_1X10/Unset -> 1296x976-UYVY for max processed stream size 1296x976 and max raw stream size 0x0
[0:02:04.137561701] [3565] DEBUG AtomispPipeline atomisp.cpp:1626 Unspecified color space set to sYCC
[0:02:04.137833507] [3565] DEBUG AtomispPipeline atomisp.cpp:1690 Adjusting bufferCount from 0 to 4
[0:02:04.138300367] [3553] DEBUG AtomispPipeline atomisp.cpp:1436 Largest processed stream size is 352x288
[0:02:04.138458183] [3553] DEBUG AtomispPipeline atomisp.cpp:1438 Largest raw stream size is 0x0
[0:02:04.138648637] [3553] DEBUG AtomispPipeline atomisp.cpp:1541 Picked 1296x976-SGRBG10_1X10/Unset -> 1296x976-YUYV for max processed stream size 352x288 and max raw stream size 0x0
[0:02:04.138843716] [3553] DEBUG AtomispPipeline atomisp.cpp:1592 Adjusting processed pixel format from YVU420 to YUYV
[0:02:04.139085909] [3553] DEBUG AtomispPipeline atomisp.cpp:1648 Adjusting size from 352x288 to 1296x976
[0:02:04.139440404] [3553] DEBUG V4L2Compat v4l2_camera_proxy.cpp:436 [/dev/video1 (fd:205)] vidioc_try_fmt()
[0:02:04.140264646] [3565] DEBUG AtomispPipeline atomisp.cpp:1436 Largest processed stream size is 1296x976
[0:02:04.140460975] [3565] DEBUG AtomispPipeline atomisp.cpp:1438 Largest raw stream size is 0x0
[0:02:04.140677280] [3565] DEBUG AtomispPipeline atomisp.cpp:1541 Picked 1296x976-SGRBG10_1X10/Unset -> 1296x976-UYVY for max processed stream size 1296x976 and max raw stream size 0x0
[0:02:04.140923210] [3565] DEBUG AtomispPipeline atomisp.cpp:1626 Unspecified color space set to sYCC
[0:02:04.141296043] [3565] DEBUG AtomispPipeline atomisp.cpp:1690 Adjusting bufferCount from 0 to 4
[0:02:04.141740540] [3553] DEBUG AtomispPipeline atomisp.cpp:1436 Largest processed stream size is 640x480
[0:02:04.141910943] [3553] DEBUG AtomispPipeline atomisp.cpp:1438 Largest raw stream size is 0x0
[0:02:04.142229875] [3553] DEBUG AtomispPipeline atomisp.cpp:1541 Picked 1296x976-SGRBG10_1X10/Unset -> 1296x976-YUYV for max processed stream size 640x480 and max raw stream size 0x0
[0:02:04.142460055] [3553] DEBUG AtomispPipeline atomisp.cpp:1592 Adjusting processed pixel format from YVU420 to YUYV
[0:02:04.142642771] [3553] DEBUG AtomispPipeline atomisp.cpp:1648 Adjusting size from 640x480 to 1296x976
[0:02:04.143108869] [3553] DEBUG V4L2Compat v4l2_camera_proxy.cpp:436 [/dev/video1 (fd:205)] vidioc_try_fmt()
[0:02:04.143842497] [3565] DEBUG AtomispPipeline atomisp.cpp:1436 Largest processed stream size is 1296x976
[0:02:04.144123315] [3565] DEBUG AtomispPipeline atomisp.cpp:1438 Largest raw stream size is 0x0
[0:02:04.144357545] [3565] DEBUG AtomispPipeline atomisp.cpp:1541 Picked 1296x976-SGRBG10_1X10/Unset -> 1296x976-UYVY for max processed stream size 1296x976 and max raw stream size 0x0
[0:02:04.144608425] [3565] DEBUG AtomispPipeline atomisp.cpp:1626 Unspecified color space set to sYCC
[0:02:04.144905482] [3565] DEBUG AtomispPipeline atomisp.cpp:1690 Adjusting bufferCount from 0 to 4
[0:02:04.145425630] [3553] DEBUG AtomispPipeline atomisp.cpp:1436 Largest processed stream size is 704x576
[0:02:04.145590309] [3553] DEBUG AtomispPipeline atomisp.cpp:1438 Largest raw stream size is 0x0
[0:02:04.145806663] [3553] DEBUG AtomispPipeline atomisp.cpp:1541 Picked 1296x976-SGRBG10_1X10/Unset -> 1296x976-YUYV for max processed stream size 704x576 and max raw stream size 0x0
[0:02:04.146127108] [3553] DEBUG AtomispPipeline atomisp.cpp:1592 Adjusting processed pixel format from YVU420 to YUYV
[0:02:04.146320737] [3553] DEBUG AtomispPipeline atomisp.cpp:1648 Adjusting size from 704x576 to 1296x976
[0:02:04.146698957] [3553] DEBUG V4L2Compat v4l2_camera_proxy.cpp:436 [/dev/video1 (fd:205)] vidioc_try_fmt()
[0:02:04.147901670] [3565] DEBUG AtomispPipeline atomisp.cpp:1436 Largest processed stream size is 1296x976
[0:02:04.148207489] [3565] DEBUG AtomispPipeline atomisp.cpp:1438 Largest raw stream size is 0x0
[0:02:04.148434394] [3565] DEBUG AtomispPipeline atomisp.cpp:1541 Picked 1296x976-SGRBG10_1X10/Unset -> 1296x976-UYVY for max processed stream size 1296x976 and max raw stream size 0x0
[0:02:04.148753401] [3565] DEBUG AtomispPipeline atomisp.cpp:1626 Unspecified color space set to sYCC
[0:02:04.149102558] [3565] DEBUG AtomispPipeline atomisp.cpp:1690 Adjusting bufferCount from 0 to 4
[0:02:04.149566543] [3553] DEBUG AtomispPipeline atomisp.cpp:1436 Largest processed stream size is 800x600
[0:02:04.149736009] [3553] DEBUG AtomispPipeline atomisp.cpp:1438 Largest raw stream size is 0x0
[0:02:04.149955326] [3553] DEBUG AtomispPipeline atomisp.cpp:1541 Picked 1296x976-SGRBG10_1X10/Unset -> 1296x976-YUYV for max processed stream size 800x600 and max raw stream size 0x0
[0:02:04.150270683] [3553] DEBUG AtomispPipeline atomisp.cpp:1592 Adjusting processed pixel format from YVU420 to YUYV
[0:02:04.150457487] [3553] DEBUG AtomispPipeline atomisp.cpp:1648 Adjusting size from 800x600 to 1296x976
[0:02:04.150857145] [3553] DEBUG V4L2Compat v4l2_camera_proxy.cpp:436 [/dev/video1 (fd:205)] vidioc_try_fmt()
[0:02:04.151670912] [3565] DEBUG AtomispPipeline atomisp.cpp:1436 Largest processed stream size is 1296x976
[0:02:04.151868004] [3565] DEBUG AtomispPipeline atomisp.cpp:1438 Largest raw stream size is 0x0
[0:02:04.152177710] [3565] DEBUG AtomispPipeline atomisp.cpp:1541 Picked 1296x976-SGRBG10_1X10/Unset -> 1296x976-UYVY for max processed stream size 1296x976 and max raw stream size 0x0
[0:02:04.152426653] [3565] DEBUG AtomispPipeline atomisp.cpp:1626 Unspecified color space set to sYCC
[0:02:04.152731747] [3565] DEBUG AtomispPipeline atomisp.cpp:1690 Adjusting bufferCount from 0 to 4
[0:02:04.153236595] [3553] DEBUG AtomispPipeline atomisp.cpp:1436 Largest processed stream size is 960x720
[0:02:04.153424137] [3553] DEBUG AtomispPipeline atomisp.cpp:1438 Largest raw stream size is 0x0
[0:02:04.153643229] [3553] DEBUG AtomispPipeline atomisp.cpp:1541 Picked 1296x976-SGRBG10_1X10/Unset -> 1296x976-YUYV for max processed stream size 960x720 and max raw stream size 0x0
[0:02:04.153876196] [3553] DEBUG AtomispPipeline atomisp.cpp:1592 Adjusting processed pixel format from YVU420 to YUYV
[0:02:04.154138427] [3553] DEBUG AtomispPipeline atomisp.cpp:1648 Adjusting size from 960x720 to 1296x976
[0:02:04.154522073] [3553] DEBUG V4L2Compat v4l2_camera_proxy.cpp:436 [/dev/video1 (fd:205)] vidioc_try_fmt()
[0:02:04.155371691] [3565] DEBUG AtomispPipeline atomisp.cpp:1436 Largest processed stream size is 1296x976
[0:02:04.155572545] [3565] DEBUG AtomispPipeline atomisp.cpp:1438 Largest raw stream size is 0x0
[0:02:04.155789412] [3565] DEBUG AtomispPipeline atomisp.cpp:1541 Picked 1296x976-SGRBG10_1X10/Unset -> 1296x976-UYVY for max processed stream size 1296x976 and max raw stream size 0x0
[0:02:04.156119681] [3565] DEBUG AtomispPipeline atomisp.cpp:1626 Unspecified color space set to sYCC
[0:02:04.156432538] [3565] DEBUG AtomispPipeline atomisp.cpp:1690 Adjusting bufferCount from 0 to 4
[0:02:04.156885760] [3553] DEBUG AtomispPipeline atomisp.cpp:1436 Largest processed stream size is 1280x720
[0:02:04.157130940] [3553] DEBUG AtomispPipeline atomisp.cpp:1438 Largest raw stream size is 0x0
[0:02:04.157353320] [3553] DEBUG AtomispPipeline atomisp.cpp:1541 Picked 1296x976-SGRBG10_1X10/Unset -> 1296x976-YUYV for max processed stream size 1280x720 and max raw stream size 0x0
[0:02:04.157579875] [3553] DEBUG AtomispPipeline atomisp.cpp:1592 Adjusting processed pixel format from YVU420 to YUYV
[0:02:04.157763966] [3553] DEBUG AtomispPipeline atomisp.cpp:1648 Adjusting size from 1280x720 to 1296x976
[0:02:04.158201688] [3553] DEBUG V4L2Compat v4l2_camera_proxy.cpp:436 [/dev/video1 (fd:205)] vidioc_try_fmt()
[0:02:04.158922991] [3565] DEBUG AtomispPipeline atomisp.cpp:1436 Largest processed stream size is 1296x976
[0:02:04.159222084] [3565] DEBUG AtomispPipeline atomisp.cpp:1438 Largest raw stream size is 0x0
[0:02:04.159446327] [3565] DEBUG AtomispPipeline atomisp.cpp:1541 Picked 1296x976-SGRBG10_1X10/Unset -> 1296x976-UYVY for max processed stream size 1296x976 and max raw stream size 0x0
[0:02:04.159689482] [3565] DEBUG AtomispPipeline atomisp.cpp:1626 Unspecified color space set to sYCC
[0:02:04.160125216] [3565] DEBUG AtomispPipeline atomisp.cpp:1690 Adjusting bufferCount from 0 to 4
[0:02:04.160566738] [3553] DEBUG AtomispPipeline atomisp.cpp:1436 Largest processed stream size is 1024x768
[0:02:04.160729679] [3553] DEBUG AtomispPipeline atomisp.cpp:1438 Largest raw stream size is 0x0
[0:02:04.160948884] [3553] DEBUG AtomispPipeline atomisp.cpp:1541 Picked 1296x976-SGRBG10_1X10/Unset -> 1296x976-YUYV for max processed stream size 1024x768 and max raw stream size 0x0
[0:02:04.161273915] [3553] DEBUG AtomispPipeline atomisp.cpp:1592 Adjusting processed pixel format from YVU420 to YUYV
[0:02:04.161461907] [3553] DEBUG AtomispPipeline atomisp.cpp:1648 Adjusting size from 1024x768 to 1296x976
[0:02:04.161846815] [3553] DEBUG V4L2Compat v4l2_camera_proxy.cpp:436 [/dev/video1 (fd:205)] vidioc_try_fmt()
[0:02:04.162640044] [3565] DEBUG AtomispPipeline atomisp.cpp:1436 Largest processed stream size is 1296x976
[0:02:04.162825136] [3565] DEBUG AtomispPipeline atomisp.cpp:1438 Largest raw stream size is 0x0
[0:02:04.163132792] [3565] DEBUG AtomispPipeline atomisp.cpp:1541 Picked 1296x976-SGRBG10_1X10/Unset -> 1296x976-UYVY for max processed stream size 1296x976 and max raw stream size 0x0
[0:02:04.163387535] [3565] DEBUG AtomispPipeline atomisp.cpp:1626 Unspecified color space set to sYCC
[0:02:04.163687666] [3565] DEBUG AtomispPipeline atomisp.cpp:1690 Adjusting bufferCount from 0 to 4
[0:02:04.164215990] [3553] DEBUG AtomispPipeline atomisp.cpp:1436 Largest processed stream size is 1440x1080
[0:02:04.164387719] [3553] DEBUG AtomispPipeline atomisp.cpp:1438 Largest raw stream size is 0x0
[0:02:04.164617274] [3553] DEBUG AtomispPipeline atomisp.cpp:1541 Picked 1296x976-SGRBG10_1X10/Unset -> 1296x976-YUYV for max processed stream size 1440x1080 and max raw stream size 0x0
[0:02:04.164842203] [3553] DEBUG AtomispPipeline atomisp.cpp:1592 Adjusting processed pixel format from YVU420 to YUYV
[0:02:04.165099896] [3553] DEBUG AtomispPipeline atomisp.cpp:1648 Adjusting size from 1440x1080 to 1296x976
[0:02:04.165491917] [3553] DEBUG V4L2Compat v4l2_camera_proxy.cpp:436 [/dev/video1 (fd:205)] vidioc_try_fmt()
[0:02:04.166317085] [3565] DEBUG AtomispPipeline atomisp.cpp:1436 Largest processed stream size is 1296x976
[0:02:04.166516076] [3565] DEBUG AtomispPipeline atomisp.cpp:1438 Largest raw stream size is 0x0
[0:02:04.166735106] [3565] DEBUG AtomispPipeline atomisp.cpp:1541 Picked 1296x976-SGRBG10_1X10/Unset -> 1296x976-UYVY for max processed stream size 1296x976 and max raw stream size 0x0
[0:02:04.166983336] [3565] DEBUG AtomispPipeline atomisp.cpp:1626 Unspecified color space set to sYCC
[0:02:04.167377207] [3565] DEBUG AtomispPipeline atomisp.cpp:1690 Adjusting bufferCount from 0 to 4
[0:02:04.167832917] [3553] DEBUG AtomispPipeline atomisp.cpp:1436 Largest processed stream size is 1920x1080
[0:02:04.168091485] [3553] DEBUG AtomispPipeline atomisp.cpp:1438 Largest raw stream size is 0x0
[0:02:04.168327552] [3553] DEBUG AtomispPipeline atomisp.cpp:1541 Picked 1296x976-SGRBG10_1X10/Unset -> 1296x976-YUYV for max processed stream size 1920x1080 and max raw stream size 0x0
[0:02:04.168553744] [3553] DEBUG AtomispPipeline atomisp.cpp:1592 Adjusting processed pixel format from YVU420 to YUYV
[0:02:04.168734161] [3553] DEBUG AtomispPipeline atomisp.cpp:1648 Adjusting size from 1920x1080 to 1296x976
[0:02:04.169178683] [3553] DEBUG V4L2Compat v4l2_camera_proxy.cpp:436 [/dev/video1 (fd:205)] vidioc_try_fmt()
[0:02:04.169930573] [3565] DEBUG AtomispPipeline atomisp.cpp:1436 Largest processed stream size is 1296x976
[0:02:04.170228267] [3565] DEBUG AtomispPipeline atomisp.cpp:1438 Largest raw stream size is 0x0
[0:02:04.170453909] [3565] DEBUG AtomispPipeline atomisp.cpp:1541 Picked 1296x976-SGRBG10_1X10/Unset -> 1296x976-UYVY for max processed stream size 1296x976 and max raw stream size 0x0
[0:02:04.170698140] [3565] DEBUG AtomispPipeline atomisp.cpp:1626 Unspecified color space set to sYCC
[0:02:04.170996571] [3565] DEBUG AtomispPipeline atomisp.cpp:1690 Adjusting bufferCount from 0 to 4
[0:02:04.171576846] [3553] DEBUG AtomispPipeline atomisp.cpp:1436 Largest processed stream size is 128x96
[0:02:04.171749949] [3553] DEBUG AtomispPipeline atomisp.cpp:1438 Largest raw stream size is 0x0
[0:02:04.171969579] [3553] DEBUG AtomispPipeline atomisp.cpp:1541 Picked 1296x976-SGRBG10_1X10/Unset -> 1296x976-YUYV for max processed stream size 128x96 and max raw stream size 0x0
[0:02:04.172315199] [3553] DEBUG AtomispPipeline atomisp.cpp:1648 Adjusting size from 128x96 to 1296x976
[0:02:04.172708095] [3553] DEBUG V4L2Compat v4l2_camera_proxy.cpp:436 [/dev/video1 (fd:205)] vidioc_try_fmt()
[0:02:04.173496799] [3565] DEBUG AtomispPipeline atomisp.cpp:1436 Largest processed stream size is 1296x976
[0:02:04.173690678] [3565] DEBUG AtomispPipeline atomisp.cpp:1438 Largest raw stream size is 0x0
[0:02:04.173914758] [3565] DEBUG AtomispPipeline atomisp.cpp:1541 Picked 1296x976-SGRBG10_1X10/Unset -> 1296x976-UYVY for max processed stream size 1296x976 and max raw stream size 0x0
[0:02:04.174245152] [3565] DEBUG AtomispPipeline atomisp.cpp:1626 Unspecified color space set to sYCC
[0:02:04.174547934] [3565] DEBUG AtomispPipeline atomisp.cpp:1690 Adjusting bufferCount from 0 to 4
[0:02:04.175095383] [3553] DEBUG AtomispPipeline atomisp.cpp:1436 Largest processed stream size is 160x120
[0:02:04.175286787] [3553] DEBUG AtomispPipeline atomisp.cpp:1438 Largest raw stream size is 0x0
[0:02:04.175499904] [3553] DEBUG AtomispPipeline atomisp.cpp:1541 Picked 1296x976-SGRBG10_1X10/Unset -> 1296x976-YUYV for max processed stream size 160x120 and max raw stream size 0x0
[0:02:04.175736859] [3553] DEBUG AtomispPipeline atomisp.cpp:1648 Adjusting size from 160x120 to 1296x976
[0:02:04.176190881] [3553] DEBUG V4L2Compat v4l2_camera_proxy.cpp:436 [/dev/video1 (fd:205)] vidioc_try_fmt()
[0:02:04.176917859] [3565] DEBUG AtomispPipeline atomisp.cpp:1436 Largest processed stream size is 1296x976
[0:02:04.177218653] [3565] DEBUG AtomispPipeline atomisp.cpp:1438 Largest raw stream size is 0x0
[0:02:04.177447195] [3565] DEBUG AtomispPipeline atomisp.cpp:1541 Picked 1296x976-SGRBG10_1X10/Unset -> 1296x976-UYVY for max processed stream size 1296x976 and max raw stream size 0x0
[0:02:04.177703213] [3565] DEBUG AtomispPipeline atomisp.cpp:1626 Unspecified color space set to sYCC
[0:02:04.178076383] [3565] DEBUG AtomispPipeline atomisp.cpp:1690 Adjusting bufferCount from 0 to 4
[0:02:04.178525405] [3553] DEBUG AtomispPipeline atomisp.cpp:1436 Largest processed stream size is 176x144
[0:02:04.178686671] [3553] DEBUG AtomispPipeline atomisp.cpp:1438 Largest raw stream size is 0x0
[0:02:04.178900651] [3553] DEBUG AtomispPipeline atomisp.cpp:1541 Picked 1296x976-SGRBG10_1X10/Unset -> 1296x976-YUYV for max processed stream size 176x144 and max raw stream size 0x0
[0:02:04.179237445] [3553] DEBUG AtomispPipeline atomisp.cpp:1648 Adjusting size from 176x144 to 1296x976
[0:02:04.179628379] [3553] DEBUG V4L2Compat v4l2_camera_proxy.cpp:436 [/dev/video1 (fd:205)] vidioc_try_fmt()
[0:02:04.180438821] [3565] DEBUG AtomispPipeline atomisp.cpp:1436 Largest processed stream size is 1296x976
[0:02:04.180635362] [3565] DEBUG AtomispPipeline atomisp.cpp:1438 Largest raw stream size is 0x0
[0:02:04.180860192] [3565] DEBUG AtomispPipeline atomisp.cpp:1541 Picked 1296x976-SGRBG10_1X10/Unset -> 1296x976-UYVY for max processed stream size 1296x976 and max raw stream size 0x0
[0:02:04.181194299] [3565] DEBUG AtomispPipeline atomisp.cpp:1626 Unspecified color space set to sYCC
[0:02:04.181503081] [3565] DEBUG AtomispPipeline atomisp.cpp:1690 Adjusting bufferCount from 0 to 4
[0:02:04.181948515] [3553] DEBUG AtomispPipeline atomisp.cpp:1436 Largest processed stream size is 320x240
[0:02:04.182223521] [3553] DEBUG AtomispPipeline atomisp.cpp:1438 Largest raw stream size is 0x0
[0:02:04.182442513] [3553] DEBUG AtomispPipeline atomisp.cpp:1541 Picked 1296x976-SGRBG10_1X10/Unset -> 1296x976-YUYV for max processed stream size 320x240 and max raw stream size 0x0
[0:02:04.182675618] [3553] DEBUG AtomispPipeline atomisp.cpp:1648 Adjusting size from 320x240 to 1296x976
[0:02:04.183182754] [3553] DEBUG V4L2Compat v4l2_camera_proxy.cpp:436 [/dev/video1 (fd:205)] vidioc_try_fmt()
[0:02:04.183947832] [3565] DEBUG AtomispPipeline atomisp.cpp:1436 Largest processed stream size is 1296x976
[0:02:04.184245664] [3565] DEBUG AtomispPipeline atomisp.cpp:1438 Largest raw stream size is 0x0
[0:02:04.184463456] [3565] DEBUG AtomispPipeline atomisp.cpp:1541 Picked 1296x976-SGRBG10_1X10/Unset -> 1296x976-UYVY for max processed stream size 1296x976 and max raw stream size 0x0
[0:02:04.184712199] [3565] DEBUG AtomispPipeline atomisp.cpp:1626 Unspecified color space set to sYCC
[0:02:04.185085631] [3565] DEBUG AtomispPipeline atomisp.cpp:1690 Adjusting bufferCount from 0 to 4
[0:02:04.185542641] [3553] DEBUG AtomispPipeline atomisp.cpp:1436 Largest processed stream size is 352x288
[0:02:04.185714082] [3553] DEBUG AtomispPipeline atomisp.cpp:1438 Largest raw stream size is 0x0
[0:02:04.185930487] [3553] DEBUG AtomispPipeline atomisp.cpp:1541 Picked 1296x976-SGRBG10_1X10/Unset -> 1296x976-YUYV for max processed stream size 352x288 and max raw stream size 0x0
[0:02:04.186268619] [3553] DEBUG AtomispPipeline atomisp.cpp:1648 Adjusting size from 352x288 to 1296x976
[0:02:04.186667215] [3553] DEBUG V4L2Compat v4l2_camera_proxy.cpp:436 [/dev/video1 (fd:205)] vidioc_try_fmt()
[0:02:04.187474469] [3565] DEBUG AtomispPipeline atomisp.cpp:1436 Largest processed stream size is 1296x976
[0:02:04.187674886] [3565] DEBUG AtomispPipeline atomisp.cpp:1438 Largest raw stream size is 0x0
[0:02:04.187891091] [3565] DEBUG AtomispPipeline atomisp.cpp:1541 Picked 1296x976-SGRBG10_1X10/Unset -> 1296x976-UYVY for max processed stream size 1296x976 and max raw stream size 0x0
[0:02:04.188215573] [3565] DEBUG AtomispPipeline atomisp.cpp:1626 Unspecified color space set to sYCC
[0:02:04.188518879] [3565] DEBUG AtomispPipeline atomisp.cpp:1690 Adjusting bufferCount from 0 to 4
[0:02:04.188957051] [3553] DEBUG AtomispPipeline atomisp.cpp:1436 Largest processed stream size is 640x480
[0:02:04.189227932] [3553] DEBUG AtomispPipeline atomisp.cpp:1438 Largest raw stream size is 0x0
[0:02:04.189447899] [3553] DEBUG AtomispPipeline atomisp.cpp:1541 Picked 1296x976-SGRBG10_1X10/Unset -> 1296x976-YUYV for max processed stream size 640x480 and max raw stream size 0x0
[0:02:04.189683154] [3553] DEBUG AtomispPipeline atomisp.cpp:1648 Adjusting size from 640x480 to 1296x976
[0:02:04.190138288] [3553] DEBUG V4L2Compat v4l2_camera_proxy.cpp:436 [/dev/video1 (fd:205)] vidioc_try_fmt()
[0:02:04.190910755] [3565] DEBUG AtomispPipeline atomisp.cpp:1436 Largest processed stream size is 1296x976
[0:02:04.191217349] [3565] DEBUG AtomispPipeline atomisp.cpp:1438 Largest raw stream size is 0x0
[0:02:04.191436191] [3565] DEBUG AtomispPipeline atomisp.cpp:1541 Picked 1296x976-SGRBG10_1X10/Unset -> 1296x976-UYVY for max processed stream size 1296x976 and max raw stream size 0x0
[0:02:04.191681746] [3565] DEBUG AtomispPipeline atomisp.cpp:1626 Unspecified color space set to sYCC
[0:02:04.191982552] [3565] DEBUG AtomispPipeline atomisp.cpp:1690 Adjusting bufferCount from 0 to 4
[0:02:04.192512489] [3553] DEBUG AtomispPipeline atomisp.cpp:1436 Largest processed stream size is 704x576
[0:02:04.192680530] [3553] DEBUG AtomispPipeline atomisp.cpp:1438 Largest raw stream size is 0x0
[0:02:04.192895422] [3553] DEBUG AtomispPipeline atomisp.cpp:1541 Picked 1296x976-SGRBG10_1X10/Unset -> 1296x976-YUYV for max processed stream size 704x576 and max raw stream size 0x0
[0:02:04.193225679] [3553] DEBUG AtomispPipeline atomisp.cpp:1648 Adjusting size from 704x576 to 1296x976
[0:02:04.193608637] [3553] DEBUG V4L2Compat v4l2_camera_proxy.cpp:436 [/dev/video1 (fd:205)] vidioc_try_fmt()
[0:02:04.194412754] [3565] DEBUG AtomispPipeline atomisp.cpp:1436 Largest processed stream size is 1296x976
[0:02:04.194607858] [3565] DEBUG AtomispPipeline atomisp.cpp:1438 Largest raw stream size is 0x0
[0:02:04.194831688] [3565] DEBUG AtomispPipeline atomisp.cpp:1541 Picked 1296x976-SGRBG10_1X10/Unset -> 1296x976-UYVY for max processed stream size 1296x976 and max raw stream size 0x0
[0:02:04.195264834] [3565] DEBUG AtomispPipeline atomisp.cpp:1626 Unspecified color space set to sYCC
[0:02:04.195575028] [3565] DEBUG AtomispPipeline atomisp.cpp:1690 Adjusting bufferCount from 0 to 4
[0:02:04.196106352] [3553] DEBUG AtomispPipeline atomisp.cpp:1436 Largest processed stream size is 800x600
[0:02:04.196290068] [3553] DEBUG AtomispPipeline atomisp.cpp:1438 Largest raw stream size is 0x0
[0:02:04.196509973] [3553] DEBUG AtomispPipeline atomisp.cpp:1541 Picked 1296x976-SGRBG10_1X10/Unset -> 1296x976-YUYV for max processed stream size 800x600 and max raw stream size 0x0
[0:02:04.196740665] [3553] DEBUG AtomispPipeline atomisp.cpp:1648 Adjusting size from 800x600 to 1296x976
[0:02:04.197216450] [3553] DEBUG V4L2Compat v4l2_camera_proxy.cpp:436 [/dev/video1 (fd:205)] vidioc_try_fmt()
[0:02:04.197956966] [3565] DEBUG AtomispPipeline atomisp.cpp:1436 Largest processed stream size is 1296x976
[0:02:04.198249822] [3565] DEBUG AtomispPipeline atomisp.cpp:1438 Largest raw stream size is 0x0
[0:02:04.198477877] [3565] DEBUG AtomispPipeline atomisp.cpp:1541 Picked 1296x976-SGRBG10_1X10/Unset -> 1296x976-UYVY for max processed stream size 1296x976 and max raw stream size 0x0
[0:02:04.198732295] [3565] DEBUG AtomispPipeline atomisp.cpp:1626 Unspecified color space set to sYCC
[0:02:04.199191467] [3565] DEBUG AtomispPipeline atomisp.cpp:1690 Adjusting bufferCount from 0 to 4
[0:02:04.199647814] [3553] DEBUG AtomispPipeline atomisp.cpp:1436 Largest processed stream size is 960x720
[0:02:04.199822768] [3553] DEBUG AtomispPipeline atomisp.cpp:1438 Largest raw stream size is 0x0
[0:02:04.200129125] [3553] DEBUG AtomispPipeline atomisp.cpp:1541 Picked 1296x976-SGRBG10_1X10/Unset -> 1296x976-YUYV for max processed stream size 960x720 and max raw stream size 0x0
[0:02:04.200375780] [3553] DEBUG AtomispPipeline atomisp.cpp:1648 Adjusting size from 960x720 to 1296x976
[0:02:04.200761875] [3553] DEBUG V4L2Compat v4l2_camera_proxy.cpp:436 [/dev/video1 (fd:205)] vidioc_try_fmt()
[0:02:04.201555955] [3565] DEBUG AtomispPipeline atomisp.cpp:1436 Largest processed stream size is 1296x976
[0:02:04.201756171] [3565] DEBUG AtomispPipeline atomisp.cpp:1438 Largest raw stream size is 0x0
[0:02:04.201981226] [3565] DEBUG AtomispPipeline atomisp.cpp:1541 Picked 1296x976-SGRBG10_1X10/Unset -> 1296x976-UYVY for max processed stream size 1296x976 and max raw stream size 0x0
[0:02:04.202334146] [3565] DEBUG AtomispPipeline atomisp.cpp:1626 Unspecified color space set to sYCC
[0:02:04.202636640] [3565] DEBUG AtomispPipeline atomisp.cpp:1690 Adjusting bufferCount from 0 to 4
[0:02:04.203176164] [3553] DEBUG AtomispPipeline atomisp.cpp:1436 Largest processed stream size is 1280x720
[0:02:04.203350555] [3553] DEBUG AtomispPipeline atomisp.cpp:1438 Largest raw stream size is 0x0
[0:02:04.203567922] [3553] DEBUG AtomispPipeline atomisp.cpp:1541 Picked 1296x976-SGRBG10_1X10/Unset -> 1296x976-YUYV for max processed stream size 1280x720 and max raw stream size 0x0
[0:02:04.203802940] [3553] DEBUG AtomispPipeline atomisp.cpp:1648 Adjusting size from 1280x720 to 1296x976
[0:02:04.204260362] [3553] DEBUG V4L2Compat v4l2_camera_proxy.cpp:436 [/dev/video1 (fd:205)] vidioc_try_fmt()
[0:02:04.204990427] [3565] DEBUG AtomispPipeline atomisp.cpp:1436 Largest processed stream size is 1296x976
[0:02:04.205300721] [3565] DEBUG AtomispPipeline atomisp.cpp:1438 Largest raw stream size is 0x0
[0:02:04.205530114] [3565] DEBUG AtomispPipeline atomisp.cpp:1541 Picked 1296x976-SGRBG10_1X10/Unset -> 1296x976-UYVY for max processed stream size 1296x976 and max raw stream size 0x0
[0:02:04.205779544] [3565] DEBUG AtomispPipeline atomisp.cpp:1626 Unspecified color space set to sYCC
[0:02:04.206150952] [3565] DEBUG AtomispPipeline atomisp.cpp:1690 Adjusting bufferCount from 0 to 4
[0:02:04.206595536] [3553] DEBUG AtomispPipeline atomisp.cpp:1436 Largest processed stream size is 1024x768
[0:02:04.206761852] [3553] DEBUG AtomispPipeline atomisp.cpp:1438 Largest raw stream size is 0x0
[0:02:04.206978794] [3553] DEBUG AtomispPipeline atomisp.cpp:1541 Picked 1296x976-SGRBG10_1X10/Unset -> 1296x976-YUYV for max processed stream size 1024x768 and max raw stream size 0x0
[0:02:04.207368090] [3553] DEBUG AtomispPipeline atomisp.cpp:1648 Adjusting size from 1024x768 to 1296x976
[0:02:04.207768261] [3553] DEBUG V4L2Compat v4l2_camera_proxy.cpp:436 [/dev/video1 (fd:205)] vidioc_try_fmt()
[0:02:04.208587916] [3565] DEBUG AtomispPipeline atomisp.cpp:1436 Largest processed stream size is 1296x976
[0:02:04.208780945] [3565] DEBUG AtomispPipeline atomisp.cpp:1438 Largest raw stream size is 0x0
[0:02:04.209076139] [3565] DEBUG AtomispPipeline atomisp.cpp:1541 Picked 1296x976-SGRBG10_1X10/Unset -> 1296x976-UYVY for max processed stream size 1296x976 and max raw stream size 0x0
[0:02:04.209337894] [3565] DEBUG AtomispPipeline atomisp.cpp:1626 Unspecified color space set to sYCC
[0:02:04.209628575] [3565] DEBUG AtomispPipeline atomisp.cpp:1690 Adjusting bufferCount from 0 to 4
[0:02:04.210172924] [3553] DEBUG AtomispPipeline atomisp.cpp:1436 Largest processed stream size is 1440x1080
[0:02:04.210346503] [3553] DEBUG AtomispPipeline atomisp.cpp:1438 Largest raw stream size is 0x0
[0:02:04.210561108] [3553] DEBUG AtomispPipeline atomisp.cpp:1541 Picked 1296x976-SGRBG10_1X10/Unset -> 1296x976-YUYV for max processed stream size 1440x1080 and max raw stream size 0x0
[0:02:04.210795700] [3553] DEBUG AtomispPipeline atomisp.cpp:1648 Adjusting size from 1440x1080 to 1296x976
[0:02:04.211244122] [3553] DEBUG V4L2Compat v4l2_camera_proxy.cpp:436 [/dev/video1 (fd:205)] vidioc_try_fmt()
[0:02:04.211945537] [3565] DEBUG AtomispPipeline atomisp.cpp:1436 Largest processed stream size is 1296x976
[0:02:04.212211493] [3565] DEBUG AtomispPipeline atomisp.cpp:1438 Largest raw stream size is 0x0
[0:02:04.212426135] [3565] DEBUG AtomispPipeline atomisp.cpp:1541 Picked 1296x976-SGRBG10_1X10/Unset -> 1296x976-UYVY for max processed stream size 1296x976 and max raw stream size 0x0
[0:02:04.212668702] [3565] DEBUG AtomispPipeline atomisp.cpp:1626 Unspecified color space set to sYCC
[0:02:04.212974159] [3565] DEBUG AtomispPipeline atomisp.cpp:1690 Adjusting bufferCount from 0 to 4
[0:02:04.213622672] [3553] DEBUG AtomispPipeline atomisp.cpp:1436 Largest processed stream size is 1920x1080
[0:02:04.213785238] [3553] DEBUG AtomispPipeline atomisp.cpp:1438 Largest raw stream size is 0x0
[0:02:04.213960817] [3553] DEBUG AtomispPipeline atomisp.cpp:1541 Picked 1296x976-SGRBG10_1X10/Unset -> 1296x976-YUYV for max processed stream size 1920x1080 and max raw stream size 0x0
[0:02:04.214221498] [3553] DEBUG AtomispPipeline atomisp.cpp:1648 Adjusting size from 1920x1080 to 1296x976
[0:02:04.214538817] [3553] DEBUG V4L2Compat v4l2_camera_proxy.cpp:436 [/dev/video1 (fd:205)] vidioc_try_fmt()
[0:02:04.215215819] [3565] DEBUG AtomispPipeline atomisp.cpp:1436 Largest processed stream size is 1296x976
[0:02:04.215377885] [3565] DEBUG AtomispPipeline atomisp.cpp:1438 Largest raw stream size is 0x0
[0:02:04.215547338] [3565] DEBUG AtomispPipeline atomisp.cpp:1541 Picked 1296x976-SGRBG10_1X10/Unset -> 1296x976-UYVY for max processed stream size 1296x976 and max raw stream size 0x0
[0:02:04.215741242] [3565] DEBUG AtomispPipeline atomisp.cpp:1626 Unspecified color space set to sYCC
[0:02:04.215964947] [3565] DEBUG AtomispPipeline atomisp.cpp:1690 Adjusting bufferCount from 0 to 4
[0:02:04.216453682] [3553] DEBUG AtomispPipeline atomisp.cpp:1436 Largest processed stream size is 128x96
[0:02:04.216625973] [3553] DEBUG AtomispPipeline atomisp.cpp:1438 Largest raw stream size is 0x0
[0:02:04.216840090] [3553] DEBUG AtomispPipeline atomisp.cpp:1541 Picked 1296x976-SGRBG10_1X10/Unset -> 1296x976-UYVY for max processed stream size 128x96 and max raw stream size 0x0
[0:02:04.217179885] [3553] DEBUG AtomispPipeline atomisp.cpp:1648 Adjusting size from 128x96 to 1296x976
[0:02:04.217578444] [3553] DEBUG V4L2Compat v4l2_camera_proxy.cpp:436 [/dev/video1 (fd:205)] vidioc_try_fmt()
[0:02:04.218368685] [3565] DEBUG AtomispPipeline atomisp.cpp:1436 Largest processed stream size is 1296x976
[0:02:04.218574790] [3565] DEBUG AtomispPipeline atomisp.cpp:1438 Largest raw stream size is 0x0
[0:02:04.218856621] [3565] DEBUG AtomispPipeline atomisp.cpp:1541 Picked 1296x976-SGRBG10_1X10/Unset -> 1296x976-UYVY for max processed stream size 1296x976 and max raw stream size 0x0
[0:02:04.219197765] [3565] DEBUG AtomispPipeline atomisp.cpp:1626 Unspecified color space set to sYCC
[0:02:04.219499322] [3565] DEBUG AtomispPipeline atomisp.cpp:1690 Adjusting bufferCount from 0 to 4
[0:02:04.219952806] [3553] DEBUG AtomispPipeline atomisp.cpp:1436 Largest processed stream size is 160x120
[0:02:04.220220062] [3553] DEBUG AtomispPipeline atomisp.cpp:1438 Largest raw stream size is 0x0
[0:02:04.220445929] [3553] DEBUG AtomispPipeline atomisp.cpp:1541 Picked 1296x976-SGRBG10_1X10/Unset -> 1296x976-UYVY for max processed stream size 160x120 and max raw stream size 0x0
[0:02:04.220676734] [3553] DEBUG AtomispPipeline atomisp.cpp:1648 Adjusting size from 160x120 to 1296x976
[0:02:04.221133919] [3553] DEBUG V4L2Compat v4l2_camera_proxy.cpp:436 [/dev/video1 (fd:205)] vidioc_try_fmt()
[0:02:04.221864172] [3565] DEBUG AtomispPipeline atomisp.cpp:1436 Largest processed stream size is 1296x976
[0:02:04.222131177] [3565] DEBUG AtomispPipeline atomisp.cpp:1438 Largest raw stream size is 0x0
[0:02:04.222349557] [3565] DEBUG AtomispPipeline atomisp.cpp:1541 Picked 1296x976-SGRBG10_1X10/Unset -> 1296x976-UYVY for max processed stream size 1296x976 and max raw stream size 0x0
[0:02:04.222596887] [3565] DEBUG AtomispPipeline atomisp.cpp:1626 Unspecified color space set to sYCC
[0:02:04.222898781] [3565] DEBUG AtomispPipeline atomisp.cpp:1690 Adjusting bufferCount from 0 to 4
[0:02:04.223439993] [3553] DEBUG AtomispPipeline atomisp.cpp:1436 Largest processed stream size is 176x144
[0:02:04.223605184] [3553] DEBUG AtomispPipeline atomisp.cpp:1438 Largest raw stream size is 0x0
[0:02:04.223821926] [3553] DEBUG AtomispPipeline atomisp.cpp:1541 Picked 1296x976-SGRBG10_1X10/Unset -> 1296x976-UYVY for max processed stream size 176x144 and max raw stream size 0x0
[0:02:04.224151745] [3553] DEBUG AtomispPipeline atomisp.cpp:1648 Adjusting size from 176x144 to 1296x976
[0:02:04.224561866] [3553] DEBUG V4L2Compat v4l2_camera_proxy.cpp:436 [/dev/video1 (fd:205)] vidioc_try_fmt()
[0:02:04.225367533] [3565] DEBUG AtomispPipeline atomisp.cpp:1436 Largest processed stream size is 1296x976
[0:02:04.225552462] [3565] DEBUG AtomispPipeline atomisp.cpp:1438 Largest raw stream size is 0x0
[0:02:04.225771492] [3565] DEBUG AtomispPipeline atomisp.cpp:1541 Picked 1296x976-SGRBG10_1X10/Unset -> 1296x976-UYVY for max processed stream size 1296x976 and max raw stream size 0x0
[0:02:04.226087399] [3565] DEBUG AtomispPipeline atomisp.cpp:1626 Unspecified color space set to sYCC
[0:02:04.226406755] [3565] DEBUG AtomispPipeline atomisp.cpp:1690 Adjusting bufferCount from 0 to 4
[0:02:04.226850990] [3553] DEBUG AtomispPipeline atomisp.cpp:1436 Largest processed stream size is 320x240
[0:02:04.227089632] [3553] DEBUG AtomispPipeline atomisp.cpp:1438 Largest raw stream size is 0x0
[0:02:04.227320762] [3553] DEBUG AtomispPipeline atomisp.cpp:1541 Picked 1296x976-SGRBG10_1X10/Unset -> 1296x976-UYVY for max processed stream size 320x240 and max raw stream size 0x0
[0:02:04.227553417] [3553] DEBUG AtomispPipeline atomisp.cpp:1648 Adjusting size from 320x240 to 1296x976
[0:02:04.227942300] [3553] DEBUG V4L2Compat v4l2_camera_proxy.cpp:436 [/dev/video1 (fd:205)] vidioc_try_fmt()
[0:02:04.228732592] [3565] DEBUG AtomispPipeline atomisp.cpp:1436 Largest processed stream size is 1296x976
[0:02:04.228906496] [3565] DEBUG AtomispPipeline atomisp.cpp:1438 Largest raw stream size is 0x0
[0:02:04.229219102] [3565] DEBUG AtomispPipeline atomisp.cpp:1541 Picked 1296x976-SGRBG10_1X10/Unset -> 1296x976-UYVY for max processed stream size 1296x976 and max raw stream size 0x0
[0:02:04.229546022] [3565] DEBUG AtomispPipeline atomisp.cpp:1626 Unspecified color space set to sYCC
[0:02:04.229855803] [3565] DEBUG AtomispPipeline atomisp.cpp:1690 Adjusting bufferCount from 0 to 4
[0:02:04.230365464] [3553] DEBUG AtomispPipeline atomisp.cpp:1436 Largest processed stream size is 352x288
[0:02:04.230533405] [3553] DEBUG AtomispPipeline atomisp.cpp:1438 Largest raw stream size is 0x0
[0:02:04.230807523] [3553] DEBUG AtomispPipeline atomisp.cpp:1541 Picked 1296x976-SGRBG10_1X10/Unset -> 1296x976-UYVY for max processed stream size 352x288 and max raw stream size 0x0
[0:02:04.231112392] [3553] DEBUG AtomispPipeline atomisp.cpp:1648 Adjusting size from 352x288 to 1296x976
[0:02:04.231504551] [3553] DEBUG V4L2Compat v4l2_camera_proxy.cpp:436 [/dev/video1 (fd:205)] vidioc_try_fmt()
[0:02:04.232358794] [3565] DEBUG AtomispPipeline atomisp.cpp:1436 Largest processed stream size is 1296x976
[0:02:04.232552160] [3565] DEBUG AtomispPipeline atomisp.cpp:1438 Largest raw stream size is 0x0
[0:02:04.232773690] [3565] DEBUG AtomispPipeline atomisp.cpp:1541 Picked 1296x976-SGRBG10_1X10/Unset -> 1296x976-UYVY for max processed stream size 1296x976 and max raw stream size 0x0
[0:02:04.233080759] [3565] DEBUG AtomispPipeline atomisp.cpp:1626 Unspecified color space set to sYCC
[0:02:04.233393203] [3565] DEBUG AtomispPipeline atomisp.cpp:1690 Adjusting bufferCount from 0 to 4
[0:02:04.233831762] [3553] DEBUG AtomispPipeline atomisp.cpp:1436 Largest processed stream size is 640x480
[0:02:04.234094680] [3553] DEBUG AtomispPipeline atomisp.cpp:1438 Largest raw stream size is 0x0
[0:02:04.234330098] [3553] DEBUG AtomispPipeline atomisp.cpp:1541 Picked 1296x976-SGRBG10_1X10/Unset -> 1296x976-UYVY for max processed stream size 640x480 and max raw stream size 0x0
[0:02:04.234563840] [3553] DEBUG AtomispPipeline atomisp.cpp:1648 Adjusting size from 640x480 to 1296x976
[0:02:04.234955036] [3553] DEBUG V4L2Compat v4l2_camera_proxy.cpp:436 [/dev/video1 (fd:205)] vidioc_try_fmt()
[0:02:04.235741415] [3565] DEBUG AtomispPipeline atomisp.cpp:1436 Largest processed stream size is 1296x976
[0:02:04.235925332] [3565] DEBUG AtomispPipeline atomisp.cpp:1438 Largest raw stream size is 0x0
[0:02:04.236252439] [3565] DEBUG AtomispPipeline atomisp.cpp:1541 Picked 1296x976-SGRBG10_1X10/Unset -> 1296x976-UYVY for max processed stream size 1296x976 and max raw stream size 0x0
[0:02:04.236500494] [3565] DEBUG AtomispPipeline atomisp.cpp:1626 Unspecified color space set to sYCC
[0:02:04.236799275] [3565] DEBUG AtomispPipeline atomisp.cpp:1690 Adjusting bufferCount from 0 to 4
[0:02:04.237324749] [3553] DEBUG AtomispPipeline atomisp.cpp:1436 Largest processed stream size is 704x576
[0:02:04.237507015] [3553] DEBUG AtomispPipeline atomisp.cpp:1438 Largest raw stream size is 0x0
[0:02:04.237725095] [3553] DEBUG AtomispPipeline atomisp.cpp:1541 Picked 1296x976-SGRBG10_1X10/Unset -> 1296x976-UYVY for max processed stream size 704x576 and max raw stream size 0x0
[0:02:04.237960950] [3553] DEBUG AtomispPipeline atomisp.cpp:1648 Adjusting size from 704x576 to 1296x976
[0:02:04.238450560] [3553] DEBUG V4L2Compat v4l2_camera_proxy.cpp:436 [/dev/video1 (fd:205)] vidioc_try_fmt()
[0:02:04.239259652] [3565] DEBUG AtomispPipeline atomisp.cpp:1436 Largest processed stream size is 1296x976
[0:02:04.239463319] [3565] DEBUG AtomispPipeline atomisp.cpp:1438 Largest raw stream size is 0x0
[0:02:04.239684524] [3565] DEBUG AtomispPipeline atomisp.cpp:1541 Picked 1296x976-SGRBG10_1X10/Unset -> 1296x976-UYVY for max processed stream size 1296x976 and max raw stream size 0x0
[0:02:04.239933591] [3565] DEBUG AtomispPipeline atomisp.cpp:1626 Unspecified color space set to sYCC
[0:02:04.240301324] [3565] DEBUG AtomispPipeline atomisp.cpp:1690 Adjusting bufferCount from 0 to 4
[0:02:04.240744871] [3553] DEBUG AtomispPipeline atomisp.cpp:1436 Largest processed stream size is 800x600
[0:02:04.240907812] [3553] DEBUG AtomispPipeline atomisp.cpp:1438 Largest raw stream size is 0x0
[0:02:04.241232931] [3553] DEBUG AtomispPipeline atomisp.cpp:1541 Picked 1296x976-SGRBG10_1X10/Unset -> 1296x976-UYVY for max processed stream size 800x600 and max raw stream size 0x0
[0:02:04.241470224] [3553] DEBUG AtomispPipeline atomisp.cpp:1648 Adjusting size from 800x600 to 1296x976
[0:02:04.241856882] [3553] DEBUG V4L2Compat v4l2_camera_proxy.cpp:436 [/dev/video1 (fd:205)] vidioc_try_fmt()
[0:02:04.242653024] [3565] DEBUG AtomispPipeline atomisp.cpp:1436 Largest processed stream size is 1296x976
[0:02:04.242898617] [3565] DEBUG AtomispPipeline atomisp.cpp:1438 Largest raw stream size is 0x0
[0:02:04.243224836] [3565] DEBUG AtomispPipeline atomisp.cpp:1541 Picked 1296x976-SGRBG10_1X10/Unset -> 1296x976-UYVY for max processed stream size 1296x976 and max raw stream size 0x0
[0:02:04.243467016] [3565] DEBUG AtomispPipeline atomisp.cpp:1626 Unspecified color space set to sYCC
[0:02:04.243761772] [3565] DEBUG AtomispPipeline atomisp.cpp:1690 Adjusting bufferCount from 0 to 4
[0:02:04.244267783] [3553] DEBUG AtomispPipeline atomisp.cpp:1436 Largest processed stream size is 960x720
[0:02:04.244446724] [3553] DEBUG AtomispPipeline atomisp.cpp:1438 Largest raw stream size is 0x0
[0:02:04.244668341] [3553] DEBUG AtomispPipeline atomisp.cpp:1541 Picked 1296x976-SGRBG10_1X10/Unset -> 1296x976-UYVY for max processed stream size 960x720 and max raw stream size 0x0
[0:02:04.244898496] [3553] DEBUG AtomispPipeline atomisp.cpp:1648 Adjusting size from 960x720 to 1296x976
[0:02:04.245395607] [3553] DEBUG V4L2Compat v4l2_camera_proxy.cpp:436 [/dev/video1 (fd:205)] vidioc_try_fmt()
[0:02:04.246222912] [3565] DEBUG AtomispPipeline atomisp.cpp:1436 Largest processed stream size is 1296x976
[0:02:04.246427516] [3565] DEBUG AtomispPipeline atomisp.cpp:1438 Largest raw stream size is 0x0
[0:02:04.246652796] [3565] DEBUG AtomispPipeline atomisp.cpp:1541 Picked 1296x976-SGRBG10_1X10/Unset -> 1296x976-UYVY for max processed stream size 1296x976 and max raw stream size 0x0
[0:02:04.246903339] [3565] DEBUG AtomispPipeline atomisp.cpp:1626 Unspecified color space set to sYCC
[0:02:04.247292072] [3565] DEBUG AtomispPipeline atomisp.cpp:1690 Adjusting bufferCount from 0 to 4
[0:02:04.247741181] [3553] DEBUG AtomispPipeline atomisp.cpp:1436 Largest processed stream size is 1280x720
[0:02:04.247908398] [3553] DEBUG AtomispPipeline atomisp.cpp:1438 Largest raw stream size is 0x0
[0:02:04.248236417] [3553] DEBUG AtomispPipeline atomisp.cpp:1541 Picked 1296x976-SGRBG10_1X10/Unset -> 1296x976-UYVY for max processed stream size 1280x720 and max raw stream size 0x0
[0:02:04.248470722] [3553] DEBUG AtomispPipeline atomisp.cpp:1648 Adjusting size from 1280x720 to 1296x976
[0:02:04.248867330] [3553] DEBUG V4L2Compat v4l2_camera_proxy.cpp:436 [/dev/video1 (fd:205)] vidioc_try_fmt()
[0:02:04.249594658] [3565] DEBUG AtomispPipeline atomisp.cpp:1436 Largest processed stream size is 1296x976
[0:02:04.249793250] [3565] DEBUG AtomispPipeline atomisp.cpp:1438 Largest raw stream size is 0x0
[0:02:04.250110032] [3565] DEBUG AtomispPipeline atomisp.cpp:1541 Picked 1296x976-SGRBG10_1X10/Unset -> 1296x976-UYVY for max processed stream size 1296x976 and max raw stream size 0x0
[0:02:04.250367337] [3565] DEBUG AtomispPipeline atomisp.cpp:1626 Unspecified color space set to sYCC
[0:02:04.250669381] [3565] DEBUG AtomispPipeline atomisp.cpp:1690 Adjusting bufferCount from 0 to 4
[0:02:04.251210680] [3553] DEBUG AtomispPipeline atomisp.cpp:1436 Largest processed stream size is 1024x768
[0:02:04.251388609] [3553] DEBUG AtomispPipeline atomisp.cpp:1438 Largest raw stream size is 0x0
[0:02:04.251602688] [3553] DEBUG AtomispPipeline atomisp.cpp:1541 Picked 1296x976-SGRBG10_1X10/Unset -> 1296x976-UYVY for max processed stream size 1024x768 and max raw stream size 0x0
[0:02:04.251835343] [3553] DEBUG AtomispPipeline atomisp.cpp:1648 Adjusting size from 1024x768 to 1296x976
[0:02:04.252286215] [3553] DEBUG V4L2Compat v4l2_camera_proxy.cpp:436 [/dev/video1 (fd:205)] vidioc_try_fmt()
[0:02:04.253105095] [3565] DEBUG AtomispPipeline atomisp.cpp:1436 Largest processed stream size is 1296x976
[0:02:04.253301237] [3565] DEBUG AtomispPipeline atomisp.cpp:1438 Largest raw stream size is 0x0
[0:02:04.253522166] [3565] DEBUG AtomispPipeline atomisp.cpp:1541 Picked 1296x976-SGRBG10_1X10/Unset -> 1296x976-UYVY for max processed stream size 1296x976 and max raw stream size 0x0
[0:02:04.253769634] [3565] DEBUG AtomispPipeline atomisp.cpp:1626 Unspecified color space set to sYCC
[0:02:04.254139629] [3565] DEBUG AtomispPipeline atomisp.cpp:1690 Adjusting bufferCount from 0 to 4
[0:02:04.254640765] [3553] DEBUG AtomispPipeline atomisp.cpp:1436 Largest processed stream size is 1440x1080
[0:02:04.254816981] [3553] DEBUG AtomispPipeline atomisp.cpp:1438 Largest raw stream size is 0x0
[0:02:04.255129763] [3553] DEBUG AtomispPipeline atomisp.cpp:1541 Picked 1296x976-SGRBG10_1X10/Unset -> 1296x976-UYVY for max processed stream size 1440x1080 and max raw stream size 0x0
[0:02:04.255378580] [3553] DEBUG AtomispPipeline atomisp.cpp:1648 Adjusting size from 1440x1080 to 1296x976
[0:02:04.255765914] [3553] DEBUG V4L2Compat v4l2_camera_proxy.cpp:436 [/dev/video1 (fd:205)] vidioc_try_fmt()
[0:02:04.256555355] [3565] DEBUG AtomispPipeline atomisp.cpp:1436 Largest processed stream size is 1296x976
[0:02:04.256742459] [3565] DEBUG AtomispPipeline atomisp.cpp:1438 Largest raw stream size is 0x0
[0:02:04.256961701] [3565] DEBUG AtomispPipeline atomisp.cpp:1541 Picked 1296x976-SGRBG10_1X10/Unset -> 1296x976-UYVY for max processed stream size 1296x976 and max raw stream size 0x0
[0:02:04.257320709] [3565] DEBUG AtomispPipeline atomisp.cpp:1626 Unspecified color space set to sYCC
[0:02:04.257622065] [3565] DEBUG AtomispPipeline atomisp.cpp:1690 Adjusting bufferCount from 0 to 4
[0:02:04.258175765] [3553] DEBUG AtomispPipeline atomisp.cpp:1436 Largest processed stream size is 1920x1080
[0:02:04.258355256] [3553] DEBUG AtomispPipeline atomisp.cpp:1438 Largest raw stream size is 0x0
[0:02:04.258575748] [3553] DEBUG AtomispPipeline atomisp.cpp:1541 Picked 1296x976-SGRBG10_1X10/Unset -> 1296x976-UYVY for max processed stream size 1920x1080 and max raw stream size 0x0
[0:02:04.258808666] [3553] DEBUG AtomispPipeline atomisp.cpp:1648 Adjusting size from 1920x1080 to 1296x976
[0:02:04.259251912] [3553] DEBUG V4L2Compat v4l2_camera_proxy.cpp:436 [/dev/video1 (fd:205)] vidioc_try_fmt()
[0:02:04.259971728] [3565] DEBUG AtomispPipeline atomisp.cpp:1436 Largest processed stream size is 1296x976
[0:02:04.260271659] [3565] DEBUG AtomispPipeline atomisp.cpp:1438 Largest raw stream size is 0x0
[0:02:04.260495389] [3565] DEBUG AtomispPipeline atomisp.cpp:1541 Picked 1296x976-SGRBG10_1X10/Unset -> 1296x976-UYVY for max processed stream size 1296x976 and max raw stream size 0x0
[0:02:04.260745169] [3565] DEBUG AtomispPipeline atomisp.cpp:1626 Unspecified color space set to sYCC
[0:02:04.261114289] [3565] DEBUG AtomispPipeline atomisp.cpp:1690 Adjusting bufferCount from 0 to 4
[0:02:04.261561461] [3553] DEBUG AtomispPipeline atomisp.cpp:1436 Largest processed stream size is 128x96
[0:02:04.261731215] [3553] DEBUG AtomispPipeline atomisp.cpp:1438 Largest raw stream size is 0x0
[0:02:04.261949894] [3553] DEBUG AtomispPipeline atomisp.cpp:1541 Picked 1296x976-SGRBG10_1X10/Unset -> 1296x976-YUYV for max processed stream size 128x96 and max raw stream size 0x0
[0:02:04.262296064] [3553] DEBUG AtomispPipeline atomisp.cpp:1592 Adjusting processed pixel format from NV12 to YUYV
[0:02:04.262483181] [3553] DEBUG AtomispPipeline atomisp.cpp:1648 Adjusting size from 128x96 to 1296x976
[0:02:04.262869539] [3553] DEBUG V4L2Compat v4l2_camera_proxy.cpp:436 [/dev/video1 (fd:205)] vidioc_try_fmt()
[0:02:04.263647343] [3565] DEBUG AtomispPipeline atomisp.cpp:1436 Largest processed stream size is 1296x976
[0:02:04.263850785] [3565] DEBUG AtomispPipeline atomisp.cpp:1438 Largest raw stream size is 0x0
[0:02:04.264170166] [3565] DEBUG AtomispPipeline atomisp.cpp:1541 Picked 1296x976-SGRBG10_1X10/Unset -> 1296x976-UYVY for max processed stream size 1296x976 and max raw stream size 0x0
[0:02:04.264419072] [3565] DEBUG AtomispPipeline atomisp.cpp:1626 Unspecified color space set to sYCC
[0:02:04.264718315] [3565] DEBUG AtomispPipeline atomisp.cpp:1690 Adjusting bufferCount from 0 to 4
[0:02:04.265224414] [3553] DEBUG AtomispPipeline atomisp.cpp:1436 Largest processed stream size is 160x120
[0:02:04.265398680] [3553] DEBUG AtomispPipeline atomisp.cpp:1438 Largest raw stream size is 0x0
[0:02:04.265621135] [3553] DEBUG AtomispPipeline atomisp.cpp:1541 Picked 1296x976-SGRBG10_1X10/Unset -> 1296x976-YUYV for max processed stream size 160x120 and max raw stream size 0x0
[0:02:04.265891715] [3553] DEBUG AtomispPipeline atomisp.cpp:1592 Adjusting processed pixel format from NV12 to YUYV
[0:02:04.266174809] [3553] DEBUG AtomispPipeline atomisp.cpp:1648 Adjusting size from 160x120 to 1296x976
[0:02:04.266563255] [3553] DEBUG V4L2Compat v4l2_camera_proxy.cpp:436 [/dev/video1 (fd:205)] vidioc_try_fmt()
[0:02:04.267356834] [3565] DEBUG AtomispPipeline atomisp.cpp:1436 Largest processed stream size is 1296x976
[0:02:04.267549388] [3565] DEBUG AtomispPipeline atomisp.cpp:1438 Largest raw stream size is 0x0
[0:02:04.267771330] [3565] DEBUG AtomispPipeline atomisp.cpp:1541 Picked 1296x976-SGRBG10_1X10/Unset -> 1296x976-UYVY for max processed stream size 1296x976 and max raw stream size 0x0
[0:02:04.268093887] [3565] DEBUG AtomispPipeline atomisp.cpp:1626 Unspecified color space set to sYCC
[0:02:04.268403018] [3565] DEBUG AtomispPipeline atomisp.cpp:1690 Adjusting bufferCount from 0 to 4
[0:02:04.268861466] [3553] DEBUG AtomispPipeline atomisp.cpp:1436 Largest processed stream size is 176x144
[0:02:04.269114046] [3553] DEBUG AtomispPipeline atomisp.cpp:1438 Largest raw stream size is 0x0
[0:02:04.269344101] [3553] DEBUG AtomispPipeline atomisp.cpp:1541 Picked 1296x976-SGRBG10_1X10/Unset -> 1296x976-YUYV for max processed stream size 176x144 and max raw stream size 0x0
[0:02:04.269565880] [3553] DEBUG AtomispPipeline atomisp.cpp:1592 Adjusting processed pixel format from NV12 to YUYV
[0:02:04.269747947] [3553] DEBUG AtomispPipeline atomisp.cpp:1648 Adjusting size from 176x144 to 1296x976
[0:02:04.270205819] [3553] DEBUG V4L2Compat v4l2_camera_proxy.cpp:436 [/dev/video1 (fd:205)] vidioc_try_fmt()
[0:02:04.270947297] [3565] DEBUG AtomispPipeline atomisp.cpp:1436 Largest processed stream size is 1296x976
[0:02:04.271251966] [3565] DEBUG AtomispPipeline atomisp.cpp:1438 Largest raw stream size is 0x0
[0:02:04.271473183] [3565] DEBUG AtomispPipeline atomisp.cpp:1541 Picked 1296x976-SGRBG10_1X10/Unset -> 1296x976-UYVY for max processed stream size 1296x976 and max raw stream size 0x0
[0:02:04.271723739] [3565] DEBUG AtomispPipeline atomisp.cpp:1626 Unspecified color space set to sYCC
[0:02:04.272093771] [3565] DEBUG AtomispPipeline atomisp.cpp:1690 Adjusting bufferCount from 0 to 4
[0:02:04.272543168] [3553] DEBUG AtomispPipeline atomisp.cpp:1436 Largest processed stream size is 320x240
[0:02:04.272709372] [3553] DEBUG AtomispPipeline atomisp.cpp:1438 Largest raw stream size is 0x0
[0:02:04.272928952] [3553] DEBUG AtomispPipeline atomisp.cpp:1541 Picked 1296x976-SGRBG10_1X10/Unset -> 1296x976-YUYV for max processed stream size 320x240 and max raw stream size 0x0
[0:02:04.273260484] [3553] DEBUG AtomispPipeline atomisp.cpp:1592 Adjusting processed pixel format from NV12 to YUYV
[0:02:04.273448800] [3553] DEBUG AtomispPipeline atomisp.cpp:1648 Adjusting size from 320x240 to 1296x976
[0:02:04.273837946] [3553] DEBUG V4L2Compat v4l2_camera_proxy.cpp:436 [/dev/video1 (fd:205)] vidioc_try_fmt()
[0:02:04.274633900] [3565] DEBUG AtomispPipeline atomisp.cpp:1436 Largest processed stream size is 1296x976
[0:02:04.274830592] [3565] DEBUG AtomispPipeline atomisp.cpp:1438 Largest raw stream size is 0x0
[0:02:04.275137598] [3565] DEBUG AtomispPipeline atomisp.cpp:1541 Picked 1296x976-SGRBG10_1X10/Unset -> 1296x976-UYVY for max processed stream size 1296x976 and max raw stream size 0x0
[0:02:04.275392054] [3565] DEBUG AtomispPipeline atomisp.cpp:1626 Unspecified color space set to sYCC
[0:02:04.275694398] [3565] DEBUG AtomispPipeline atomisp.cpp:1690 Adjusting bufferCount from 0 to 4
[0:02:04.276201371] [3553] DEBUG AtomispPipeline atomisp.cpp:1436 Largest processed stream size is 352x288
[0:02:04.276382387] [3553] DEBUG AtomispPipeline atomisp.cpp:1438 Largest raw stream size is 0x0
[0:02:04.276604154] [3553] DEBUG AtomispPipeline atomisp.cpp:1541 Picked 1296x976-SGRBG10_1X10/Unset -> 1296x976-YUYV for max processed stream size 352x288 and max raw stream size 0x0
[0:02:04.276832122] [3553] DEBUG AtomispPipeline atomisp.cpp:1592 Adjusting processed pixel format from NV12 to YUYV
[0:02:04.277140928] [3553] DEBUG AtomispPipeline atomisp.cpp:1648 Adjusting size from 352x288 to 1296x976
[0:02:04.277534974] [3553] DEBUG V4L2Compat v4l2_camera_proxy.cpp:436 [/dev/video1 (fd:205)] vidioc_try_fmt()
[0:02:04.278335028] [3565] DEBUG AtomispPipeline atomisp.cpp:1436 Largest processed stream size is 1296x976
[0:02:04.278530608] [3565] DEBUG AtomispPipeline atomisp.cpp:1438 Largest raw stream size is 0x0
[0:02:04.278749212] [3565] DEBUG AtomispPipeline atomisp.cpp:1541 Picked 1296x976-SGRBG10_1X10/Unset -> 1296x976-UYVY for max processed stream size 1296x976 and max raw stream size 0x0
[0:02:04.278988317] [3565] DEBUG AtomispPipeline atomisp.cpp:1626 Unspecified color space set to sYCC
[0:02:04.279363263] [3565] DEBUG AtomispPipeline atomisp.cpp:1690 Adjusting bufferCount from 0 to 4
[0:02:04.279811147] [3553] DEBUG AtomispPipeline atomisp.cpp:1436 Largest processed stream size is 640x480
[0:02:04.279977351] [3553] DEBUG AtomispPipeline atomisp.cpp:1438 Largest raw stream size is 0x0
[0:02:04.280297895] [3553] DEBUG AtomispPipeline atomisp.cpp:1541 Picked 1296x976-SGRBG10_1X10/Unset -> 1296x976-YUYV for max processed stream size 640x480 and max raw stream size 0x0
[0:02:04.280523250] [3553] DEBUG AtomispPipeline atomisp.cpp:1592 Adjusting processed pixel format from NV12 to YUYV
[0:02:04.280707804] [3553] DEBUG AtomispPipeline atomisp.cpp:1648 Adjusting size from 640x480 to 1296x976
[0:02:04.281172976] [3553] DEBUG V4L2Compat v4l2_camera_proxy.cpp:436 [/dev/video1 (fd:205)] vidioc_try_fmt()
[0:02:04.281911617] [3565] DEBUG AtomispPipeline atomisp.cpp:1436 Largest processed stream size is 1296x976
[0:02:04.282216011] [3565] DEBUG AtomispPipeline atomisp.cpp:1438 Largest raw stream size is 0x0
[0:02:04.282442303] [3565] DEBUG AtomispPipeline atomisp.cpp:1541 Picked 1296x976-SGRBG10_1X10/Unset -> 1296x976-UYVY for max processed stream size 1296x976 and max raw stream size 0x0
[0:02:04.282693721] [3565] DEBUG AtomispPipeline atomisp.cpp:1626 Unspecified color space set to sYCC
[0:02:04.282991464] [3565] DEBUG AtomispPipeline atomisp.cpp:1690 Adjusting bufferCount from 0 to 4
[0:02:04.283506925] [3553] DEBUG AtomispPipeline atomisp.cpp:1436 Largest processed stream size is 704x576
[0:02:04.283683904] [3553] DEBUG AtomispPipeline atomisp.cpp:1438 Largest raw stream size is 0x0
[0:02:04.283901221] [3553] DEBUG AtomispPipeline atomisp.cpp:1541 Picked 1296x976-SGRBG10_1X10/Unset -> 1296x976-YUYV for max processed stream size 704x576 and max raw stream size 0x0
[0:02:04.284238478] [3553] DEBUG AtomispPipeline atomisp.cpp:1592 Adjusting processed pixel format from NV12 to YUYV
[0:02:04.284427532] [3553] DEBUG AtomispPipeline atomisp.cpp:1648 Adjusting size from 704x576 to 1296x976
[0:02:04.284837753] [3553] DEBUG V4L2Compat v4l2_camera_proxy.cpp:436 [/dev/video1 (fd:205)] vidioc_try_fmt()
[0:02:04.285637758] [3565] DEBUG AtomispPipeline atomisp.cpp:1436 Largest processed stream size is 1296x976
[0:02:04.285833387] [3565] DEBUG AtomispPipeline atomisp.cpp:1438 Largest raw stream size is 0x0
[0:02:04.286141994] [3565] DEBUG AtomispPipeline atomisp.cpp:1541 Picked 1296x976-SGRBG10_1X10/Unset -> 1296x976-UYVY for max processed stream size 1296x976 and max raw stream size 0x0
[0:02:04.286400237] [3565] DEBUG AtomispPipeline atomisp.cpp:1626 Unspecified color space set to sYCC
[0:02:04.286702693] [3565] DEBUG AtomispPipeline atomisp.cpp:1690 Adjusting bufferCount from 0 to 4
[0:02:04.287227891] [3553] DEBUG AtomispPipeline atomisp.cpp:1436 Largest processed stream size is 800x600
[0:02:04.287409933] [3553] DEBUG AtomispPipeline atomisp.cpp:1438 Largest raw stream size is 0x0
[0:02:04.287634213] [3553] DEBUG AtomispPipeline atomisp.cpp:1541 Picked 1296x976-SGRBG10_1X10/Unset -> 1296x976-YUYV for max processed stream size 800x600 and max raw stream size 0x0
[0:02:04.287861992] [3553] DEBUG AtomispPipeline atomisp.cpp:1592 Adjusting processed pixel format from NV12 to YUYV
[0:02:04.288123798] [3553] DEBUG AtomispPipeline atomisp.cpp:1648 Adjusting size from 800x600 to 1296x976
[0:02:04.288532882] [3553] DEBUG V4L2Compat v4l2_camera_proxy.cpp:436 [/dev/video1 (fd:205)] vidioc_try_fmt()
[0:02:04.289373537] [3565] DEBUG AtomispPipeline atomisp.cpp:1436 Largest processed stream size is 1296x976
[0:02:04.289581566] [3565] DEBUG AtomispPipeline atomisp.cpp:1438 Largest raw stream size is 0x0
[0:02:04.289798108] [3565] DEBUG AtomispPipeline atomisp.cpp:1541 Picked 1296x976-SGRBG10_1X10/Unset -> 1296x976-UYVY for max processed stream size 1296x976 and max raw stream size 0x0
[0:02:04.290107102] [3565] DEBUG AtomispPipeline atomisp.cpp:1626 Unspecified color space set to sYCC
[0:02:04.290414096] [3565] DEBUG AtomispPipeline atomisp.cpp:1690 Adjusting bufferCount from 0 to 4
[0:02:04.290857068] [3553] DEBUG AtomispPipeline atomisp.cpp:1436 Largest processed stream size is 960x720
[0:02:04.291129799] [3553] DEBUG AtomispPipeline atomisp.cpp:1438 Largest raw stream size is 0x0
[0:02:04.291360504] [3553] DEBUG AtomispPipeline atomisp.cpp:1541 Picked 1296x976-SGRBG10_1X10/Unset -> 1296x976-YUYV for max processed stream size 960x720 and max raw stream size 0x0
[0:02:04.291589721] [3553] DEBUG AtomispPipeline atomisp.cpp:1592 Adjusting processed pixel format from NV12 to YUYV
[0:02:04.291772388] [3553] DEBUG AtomispPipeline atomisp.cpp:1648 Adjusting size from 960x720 to 1296x976
[0:02:04.292246773] [3553] DEBUG V4L2Compat v4l2_camera_proxy.cpp:436 [/dev/video1 (fd:205)] vidioc_try_fmt()
[0:02:04.292971838] [3565] DEBUG AtomispPipeline atomisp.cpp:1436 Largest processed stream size is 1296x976
[0:02:04.293269657] [3565] DEBUG AtomispPipeline atomisp.cpp:1438 Largest raw stream size is 0x0
[0:02:04.293495712] [3565] DEBUG AtomispPipeline atomisp.cpp:1541 Picked 1296x976-SGRBG10_1X10/Unset -> 1296x976-UYVY for max processed stream size 1296x976 and max raw stream size 0x0
[0:02:04.293739717] [3565] DEBUG AtomispPipeline atomisp.cpp:1626 Unspecified color space set to sYCC
[0:02:04.294105037] [3565] DEBUG AtomispPipeline atomisp.cpp:1690 Adjusting bufferCount from 0 to 4
[0:02:04.294570234] [3553] DEBUG AtomispPipeline atomisp.cpp:1436 Largest processed stream size is 1280x720
[0:02:04.294732375] [3553] DEBUG AtomispPipeline atomisp.cpp:1438 Largest raw stream size is 0x0
[0:02:04.294946717] [3553] DEBUG AtomispPipeline atomisp.cpp:1541 Picked 1296x976-SGRBG10_1X10/Unset -> 1296x976-YUYV for max processed stream size 1280x720 and max raw stream size 0x0
[0:02:04.295245274] [3553] DEBUG AtomispPipeline atomisp.cpp:1592 Adjusting processed pixel format from NV12 to YUYV
[0:02:04.295433003] [3553] DEBUG AtomispPipeline atomisp.cpp:1648 Adjusting size from 1280x720 to 1296x976
[0:02:04.295816111] [3553] DEBUG V4L2Compat v4l2_camera_proxy.cpp:436 [/dev/video1 (fd:205)] vidioc_try_fmt()
[0:02:04.296645066] [3565] DEBUG AtomispPipeline atomisp.cpp:1436 Largest processed stream size is 1296x976
[0:02:04.296828570] [3565] DEBUG AtomispPipeline atomisp.cpp:1438 Largest raw stream size is 0x0
[0:02:04.297112713] [3565] DEBUG AtomispPipeline atomisp.cpp:1541 Picked 1296x976-SGRBG10_1X10/Unset -> 1296x976-UYVY for max processed stream size 1296x976 and max raw stream size 0x0
[0:02:04.297367556] [3565] DEBUG AtomispPipeline atomisp.cpp:1626 Unspecified color space set to sYCC
[0:02:04.297668587] [3565] DEBUG AtomispPipeline atomisp.cpp:1690 Adjusting bufferCount from 0 to 4
[0:02:04.298205099] [3553] DEBUG AtomispPipeline atomisp.cpp:1436 Largest processed stream size is 1024x768
[0:02:04.298381390] [3553] DEBUG AtomispPipeline atomisp.cpp:1438 Largest raw stream size is 0x0
[0:02:04.298604970] [3553] DEBUG AtomispPipeline atomisp.cpp:1541 Picked 1296x976-SGRBG10_1X10/Unset -> 1296x976-YUYV for max processed stream size 1024x768 and max raw stream size 0x0
[0:02:04.298825837] [3553] DEBUG AtomispPipeline atomisp.cpp:1592 Adjusting processed pixel format from NV12 to YUYV
[0:02:04.299077292] [3553] DEBUG AtomispPipeline atomisp.cpp:1648 Adjusting size from 1024x768 to 1296x976
[0:02:04.299483813] [3553] DEBUG V4L2Compat v4l2_camera_proxy.cpp:436 [/dev/video1 (fd:205)] vidioc_try_fmt()
[0:02:04.300314993] [3565] DEBUG AtomispPipeline atomisp.cpp:1436 Largest processed stream size is 1296x976
[0:02:04.300575261] [3565] DEBUG AtomispPipeline atomisp.cpp:1438 Largest raw stream size is 0x0
[0:02:04.300800554] [3565] DEBUG AtomispPipeline atomisp.cpp:1541 Picked 1296x976-SGRBG10_1X10/Unset -> 1296x976-UYVY for max processed stream size 1296x976 and max raw stream size 0x0
[0:02:04.301152686] [3565] DEBUG AtomispPipeline atomisp.cpp:1626 Unspecified color space set to sYCC
[0:02:04.301555294] [3565] DEBUG AtomispPipeline atomisp.cpp:1690 Adjusting bufferCount from 0 to 4
[0:02:04.302100094] [3553] DEBUG AtomispPipeline atomisp.cpp:1436 Largest processed stream size is 1440x1080
[0:02:04.302278797] [3553] DEBUG AtomispPipeline atomisp.cpp:1438 Largest raw stream size is 0x0
[0:02:04.302500740] [3553] DEBUG AtomispPipeline atomisp.cpp:1541 Picked 1296x976-SGRBG10_1X10/Unset -> 1296x976-YUYV for max processed stream size 1440x1080 and max raw stream size 0x0
[0:02:04.302733207] [3553] DEBUG AtomispPipeline atomisp.cpp:1592 Adjusting processed pixel format from NV12 to YUYV
[0:02:04.302916748] [3553] DEBUG AtomispPipeline atomisp.cpp:1648 Adjusting size from 1440x1080 to 1296x976
[0:02:04.303364370] [3553] DEBUG V4L2Compat v4l2_camera_proxy.cpp:436 [/dev/video1 (fd:205)] vidioc_try_fmt()
[0:02:04.304179425] [3565] DEBUG AtomispPipeline atomisp.cpp:1436 Largest processed stream size is 1296x976
[0:02:04.304372779] [3565] DEBUG AtomispPipeline atomisp.cpp:1438 Largest raw stream size is 0x0
[0:02:04.304590546] [3565] DEBUG AtomispPipeline atomisp.cpp:1541 Picked 1296x976-SGRBG10_1X10/Unset -> 1296x976-UYVY for max processed stream size 1296x976 and max raw stream size 0x0
[0:02:04.304836814] [3565] DEBUG AtomispPipeline atomisp.cpp:1626 Unspecified color space set to sYCC
[0:02:04.305200559] [3565] DEBUG AtomispPipeline atomisp.cpp:1690 Adjusting bufferCount from 0 to 4
[0:02:04.305666831] [3553] DEBUG AtomispPipeline atomisp.cpp:1436 Largest processed stream size is 1920x1080
[0:02:04.305839923] [3553] DEBUG AtomispPipeline atomisp.cpp:1438 Largest raw stream size is 0x0
[0:02:04.306155029] [3553] DEBUG AtomispPipeline atomisp.cpp:1541 Picked 1296x976-SGRBG10_1X10/Unset -> 1296x976-YUYV for max processed stream size 1920x1080 and max raw stream size 0x0
[0:02:04.306387059] [3553] DEBUG AtomispPipeline atomisp.cpp:1592 Adjusting processed pixel format from NV12 to YUYV
[0:02:04.306573663] [3553] DEBUG AtomispPipeline atomisp.cpp:1648 Adjusting size from 1920x1080 to 1296x976
[0:02:04.306966396] [3553] DEBUG V4L2Compat v4l2_camera_proxy.cpp:436 [/dev/video1 (fd:205)] vidioc_try_fmt()
[0:02:04.307771338] [3565] DEBUG AtomispPipeline atomisp.cpp:1436 Largest processed stream size is 1296x976
[0:02:04.307965118] [3565] DEBUG AtomispPipeline atomisp.cpp:1438 Largest raw stream size is 0x0
[0:02:04.308295000] [3565] DEBUG AtomispPipeline atomisp.cpp:1541 Picked 1296x976-SGRBG10_1X10/Unset -> 1296x976-UYVY for max processed stream size 1296x976 and max raw stream size 0x0
[0:02:04.308543192] [3565] DEBUG AtomispPipeline atomisp.cpp:1626 Unspecified color space set to sYCC
[0:02:04.308842561] [3565] DEBUG AtomispPipeline atomisp.cpp:1690 Adjusting bufferCount from 0 to 4
[0:02:04.309354272] [3553] DEBUG AtomispPipeline atomisp.cpp:1436 Largest processed stream size is 128x96
[0:02:04.309533526] [3553] DEBUG AtomispPipeline atomisp.cpp:1438 Largest raw stream size is 0x0
[0:02:04.309752780] [3553] DEBUG AtomispPipeline atomisp.cpp:1541 Picked 1296x976-SGRBG10_1X10/Unset -> 1296x976-YUYV for max processed stream size 128x96 and max raw stream size 0x0
[0:02:04.309976060] [3553] DEBUG AtomispPipeline atomisp.cpp:1592 Adjusting processed pixel format from RGB888 to YUYV
[0:02:04.310279054] [3553] DEBUG AtomispPipeline atomisp.cpp:1648 Adjusting size from 128x96 to 1296x976
[0:02:04.310678762] [3553] DEBUG V4L2Compat v4l2_camera_proxy.cpp:436 [/dev/video1 (fd:205)] vidioc_try_fmt()
[0:02:04.311446804] [3565] DEBUG AtomispPipeline atomisp.cpp:1436 Largest processed stream size is 1296x976
[0:02:04.311647420] [3565] DEBUG AtomispPipeline atomisp.cpp:1438 Largest raw stream size is 0x0
[0:02:04.311922914] [3565] DEBUG AtomispPipeline atomisp.cpp:1541 Picked 1296x976-SGRBG10_1X10/Unset -> 1296x976-UYVY for max processed stream size 1296x976 and max raw stream size 0x0
[0:02:04.312251696] [3565] DEBUG AtomispPipeline atomisp.cpp:1626 Unspecified color space set to sYCC
[0:02:04.312560252] [3565] DEBUG AtomispPipeline atomisp.cpp:1690 Adjusting bufferCount from 0 to 4
[0:02:04.313053775] [3553] DEBUG AtomispPipeline atomisp.cpp:1436 Largest processed stream size is 160x120
[0:02:04.313240017] [3553] DEBUG AtomispPipeline atomisp.cpp:1438 Largest raw stream size is 0x0
[0:02:04.313461709] [3553] DEBUG AtomispPipeline atomisp.cpp:1541 Picked 1296x976-SGRBG10_1X10/Unset -> 1296x976-YUYV for max processed stream size 160x120 and max raw stream size 0x0
[0:02:04.313686401] [3553] DEBUG AtomispPipeline atomisp.cpp:1592 Adjusting processed pixel format from RGB888 to YUYV
[0:02:04.313871267] [3553] DEBUG AtomispPipeline atomisp.cpp:1648 Adjusting size from 160x120 to 1296x976
[0:02:04.314305364] [3553] DEBUG V4L2Compat v4l2_camera_proxy.cpp:436 [/dev/video1 (fd:205)] vidioc_try_fmt()
[0:02:04.315114444] [3565] DEBUG AtomispPipeline atomisp.cpp:1436 Largest processed stream size is 1296x976
[0:02:04.315318361] [3565] DEBUG AtomispPipeline atomisp.cpp:1438 Largest raw stream size is 0x0
[0:02:04.315540665] [3565] DEBUG AtomispPipeline atomisp.cpp:1541 Picked 1296x976-SGRBG10_1X10/Unset -> 1296x976-UYVY for max processed stream size 1296x976 and max raw stream size 0x0
[0:02:04.315789596] [3565] DEBUG AtomispPipeline atomisp.cpp:1626 Unspecified color space set to sYCC
[0:02:04.316156041] [3565] DEBUG AtomispPipeline atomisp.cpp:1690 Adjusting bufferCount from 0 to 4
[0:02:04.316615776] [3553] DEBUG AtomispPipeline atomisp.cpp:1436 Largest processed stream size is 176x144
[0:02:04.316789354] [3553] DEBUG AtomispPipeline atomisp.cpp:1438 Largest raw stream size is 0x0
[0:02:04.317084435] [3553] DEBUG AtomispPipeline atomisp.cpp:1541 Picked 1296x976-SGRBG10_1X10/Unset -> 1296x976-YUYV for max processed stream size 176x144 and max raw stream size 0x0
[0:02:04.317312428] [3553] DEBUG AtomispPipeline atomisp.cpp:1592 Adjusting processed pixel format from RGB888 to YUYV
[0:02:04.317496607] [3553] DEBUG AtomispPipeline atomisp.cpp:1648 Adjusting size from 176x144 to 1296x976
[0:02:04.317888302] [3553] DEBUG V4L2Compat v4l2_camera_proxy.cpp:436 [/dev/video1 (fd:205)] vidioc_try_fmt()
[0:02:04.318698495] [3565] DEBUG AtomispPipeline atomisp.cpp:1436 Largest processed stream size is 1296x976
[0:02:04.318879873] [3565] DEBUG AtomispPipeline atomisp.cpp:1438 Largest raw stream size is 0x0
[0:02:04.319187242] [3565] DEBUG AtomispPipeline atomisp.cpp:1541 Picked 1296x976-SGRBG10_1X10/Unset -> 1296x976-UYVY for max processed stream size 1296x976 and max raw stream size 0x0
[0:02:04.319442360] [3565] DEBUG AtomispPipeline atomisp.cpp:1626 Unspecified color space set to sYCC
[0:02:04.319750017] [3565] DEBUG AtomispPipeline atomisp.cpp:1690 Adjusting bufferCount from 0 to 4
[0:02:04.320259778] [3553] DEBUG AtomispPipeline atomisp.cpp:1436 Largest processed stream size is 320x240
[0:02:04.320440569] [3553] DEBUG AtomispPipeline atomisp.cpp:1438 Largest raw stream size is 0x0
[0:02:04.320657636] [3553] DEBUG AtomispPipeline atomisp.cpp:1541 Picked 1296x976-SGRBG10_1X10/Unset -> 1296x976-YUYV for max processed stream size 320x240 and max raw stream size 0x0
[0:02:04.320879553] [3553] DEBUG AtomispPipeline atomisp.cpp:1592 Adjusting processed pixel format from RGB888 to YUYV
[0:02:04.321165597] [3553] DEBUG AtomispPipeline atomisp.cpp:1648 Adjusting size from 320x240 to 1296x976
[0:02:04.321559843] [3553] DEBUG V4L2Compat v4l2_camera_proxy.cpp:436 [/dev/video1 (fd:205)] vidioc_try_fmt()
[0:02:04.322377060] [3565] DEBUG AtomispPipeline atomisp.cpp:1436 Largest processed stream size is 1296x976
[0:02:04.322562926] [3565] DEBUG AtomispPipeline atomisp.cpp:1438 Largest raw stream size is 0x0
[0:02:04.322786594] [3565] DEBUG AtomispPipeline atomisp.cpp:1541 Picked 1296x976-SGRBG10_1X10/Unset -> 1296x976-UYVY for max processed stream size 1296x976 and max raw stream size 0x0
[0:02:04.323165739] [3565] DEBUG AtomispPipeline atomisp.cpp:1626 Unspecified color space set to sYCC
[0:02:04.323474096] [3565] DEBUG AtomispPipeline atomisp.cpp:1690 Adjusting bufferCount from 0 to 4
[0:02:04.323913305] [3553] DEBUG AtomispPipeline atomisp.cpp:1436 Largest processed stream size is 352x288
[0:02:04.324186936] [3553] DEBUG AtomispPipeline atomisp.cpp:1438 Largest raw stream size is 0x0
[0:02:04.324411853] [3553] DEBUG AtomispPipeline atomisp.cpp:1541 Picked 1296x976-SGRBG10_1X10/Unset -> 1296x976-YUYV for max processed stream size 352x288 and max raw stream size 0x0
[0:02:04.324640833] [3553] DEBUG AtomispPipeline atomisp.cpp:1592 Adjusting processed pixel format from RGB888 to YUYV
[0:02:04.324827224] [3553] DEBUG AtomispPipeline atomisp.cpp:1648 Adjusting size from 352x288 to 1296x976
[0:02:04.325271996] [3553] DEBUG V4L2Compat v4l2_camera_proxy.cpp:436 [/dev/video1 (fd:205)] vidioc_try_fmt()
[0:02:04.325991786] [3565] DEBUG AtomispPipeline atomisp.cpp:1436 Largest processed stream size is 1296x976
[0:02:04.326285417] [3565] DEBUG AtomispPipeline atomisp.cpp:1438 Largest raw stream size is 0x0
[0:02:04.326513122] [3565] DEBUG AtomispPipeline atomisp.cpp:1541 Picked 1296x976-SGRBG10_1X10/Unset -> 1296x976-UYVY for max processed stream size 1296x976 and max raw stream size 0x0
[0:02:04.326757215] [3565] DEBUG AtomispPipeline atomisp.cpp:1626 Unspecified color space set to sYCC
[0:02:04.327104797] [3565] DEBUG AtomispPipeline atomisp.cpp:1690 Adjusting bufferCount from 0 to 4
[0:02:04.327545357] [3553] DEBUG AtomispPipeline atomisp.cpp:1436 Largest processed stream size is 640x480
[0:02:04.327711623] [3553] DEBUG AtomispPipeline atomisp.cpp:1438 Largest raw stream size is 0x0
[0:02:04.327927852] [3553] DEBUG AtomispPipeline atomisp.cpp:1541 Picked 1296x976-SGRBG10_1X10/Unset -> 1296x976-YUYV for max processed stream size 640x480 and max raw stream size 0x0
[0:02:04.328251922] [3553] DEBUG AtomispPipeline atomisp.cpp:1592 Adjusting processed pixel format from RGB888 to YUYV
[0:02:04.328439776] [3553] DEBUG AtomispPipeline atomisp.cpp:1648 Adjusting size from 640x480 to 1296x976
[0:02:04.328832159] [3553] DEBUG V4L2Compat v4l2_camera_proxy.cpp:436 [/dev/video1 (fd:205)] vidioc_try_fmt()
[0:02:04.329617350] [3565] DEBUG AtomispPipeline atomisp.cpp:1436 Largest processed stream size is 1296x976
[0:02:04.329804017] [3565] DEBUG AtomispPipeline atomisp.cpp:1438 Largest raw stream size is 0x0
[0:02:04.330115923] [3565] DEBUG AtomispPipeline atomisp.cpp:1541 Picked 1296x976-SGRBG10_1X10/Unset -> 1296x976-UYVY for max processed stream size 1296x976 and max raw stream size 0x0
[0:02:04.330400904] [3565] DEBUG AtomispPipeline atomisp.cpp:1626 Unspecified color space set to sYCC
[0:02:04.330692123] [3565] DEBUG AtomispPipeline atomisp.cpp:1690 Adjusting bufferCount from 0 to 4
[0:02:04.331197996] [3553] DEBUG AtomispPipeline atomisp.cpp:1436 Largest processed stream size is 704x576
[0:02:04.331362550] [3553] DEBUG AtomispPipeline atomisp.cpp:1438 Largest raw stream size is 0x0
[0:02:04.331578942] [3553] DEBUG AtomispPipeline atomisp.cpp:1541 Picked 1296x976-SGRBG10_1X10/Unset -> 1296x976-YUYV for max processed stream size 704x576 and max raw stream size 0x0
[0:02:04.331798709] [3553] DEBUG AtomispPipeline atomisp.cpp:1592 Adjusting processed pixel format from RGB888 to YUYV
[0:02:04.331986263] [3553] DEBUG AtomispPipeline atomisp.cpp:1648 Adjusting size from 704x576 to 1296x976
[0:02:04.332467248] [3553] DEBUG V4L2Compat v4l2_camera_proxy.cpp:436 [/dev/video1 (fd:205)] vidioc_try_fmt()
[0:02:04.333294178] [3565] DEBUG AtomispPipeline atomisp.cpp:1436 Largest processed stream size is 1296x976
[0:02:04.333486882] [3565] DEBUG AtomispPipeline atomisp.cpp:1438 Largest raw stream size is 0x0
[0:02:04.333712712] [3565] DEBUG AtomispPipeline atomisp.cpp:1541 Picked 1296x976-SGRBG10_1X10/Unset -> 1296x976-UYVY for max processed stream size 1296x976 and max raw stream size 0x0
[0:02:04.333960555] [3565] DEBUG AtomispPipeline atomisp.cpp:1626 Unspecified color space set to sYCC
[0:02:04.334332613] [3565] DEBUG AtomispPipeline atomisp.cpp:1690 Adjusting bufferCount from 0 to 4
[0:02:04.334842586] [3553] DEBUG AtomispPipeline atomisp.cpp:1436 Largest processed stream size is 800x600
[0:02:04.335106767] [3553] DEBUG AtomispPipeline atomisp.cpp:1438 Largest raw stream size is 0x0
[0:02:04.335339234] [3553] DEBUG AtomispPipeline atomisp.cpp:1541 Picked 1296x976-SGRBG10_1X10/Unset -> 1296x976-YUYV for max processed stream size 800x600 and max raw stream size 0x0
[0:02:04.335565176] [3553] DEBUG AtomispPipeline atomisp.cpp:1592 Adjusting processed pixel format from RGB888 to YUYV
[0:02:04.335751993] [3553] DEBUG AtomispPipeline atomisp.cpp:1648 Adjusting size from 800x600 to 1296x976
[0:02:04.336215052] [3553] DEBUG V4L2Compat v4l2_camera_proxy.cpp:436 [/dev/video1 (fd:205)] vidioc_try_fmt()
[0:02:04.336931493] [3565] DEBUG AtomispPipeline atomisp.cpp:1436 Largest processed stream size is 1296x976
[0:02:04.337234612] [3565] DEBUG AtomispPipeline atomisp.cpp:1438 Largest raw stream size is 0x0
[0:02:04.337460779] [3565] DEBUG AtomispPipeline atomisp.cpp:1541 Picked 1296x976-SGRBG10_1X10/Unset -> 1296x976-UYVY for max processed stream size 1296x976 and max raw stream size 0x0
[0:02:04.337701271] [3565] DEBUG AtomispPipeline atomisp.cpp:1626 Unspecified color space set to sYCC
[0:02:04.338055266] [3565] DEBUG AtomispPipeline atomisp.cpp:1690 Adjusting bufferCount from 0 to 4
[0:02:04.338509876] [3553] DEBUG AtomispPipeline atomisp.cpp:1436 Largest processed stream size is 960x720
[0:02:04.338674954] [3553] DEBUG AtomispPipeline atomisp.cpp:1438 Largest raw stream size is 0x0
[0:02:04.338892997] [3553] DEBUG AtomispPipeline atomisp.cpp:1541 Picked 1296x976-SGRBG10_1X10/Unset -> 1296x976-YUYV for max processed stream size 960x720 and max raw stream size 0x0
[0:02:04.339213191] [3553] DEBUG AtomispPipeline atomisp.cpp:1592 Adjusting processed pixel format from RGB888 to YUYV
[0:02:04.339401782] [3553] DEBUG AtomispPipeline atomisp.cpp:1648 Adjusting size from 960x720 to 1296x976
[0:02:04.339798278] [3553] DEBUG V4L2Compat v4l2_camera_proxy.cpp:436 [/dev/video1 (fd:205)] vidioc_try_fmt()
[0:02:04.340601945] [3565] DEBUG AtomispPipeline atomisp.cpp:1436 Largest processed stream size is 1296x976
[0:02:04.340797962] [3565] DEBUG AtomispPipeline atomisp.cpp:1438 Largest raw stream size is 0x0
[0:02:04.341118131] [3565] DEBUG AtomispPipeline atomisp.cpp:1541 Picked 1296x976-SGRBG10_1X10/Unset -> 1296x976-UYVY for max processed stream size 1296x976 and max raw stream size 0x0
[0:02:04.341372099] [3565] DEBUG AtomispPipeline atomisp.cpp:1626 Unspecified color space set to sYCC
[0:02:04.341673418] [3565] DEBUG AtomispPipeline atomisp.cpp:1690 Adjusting bufferCount from 0 to 4
[0:02:04.342197129] [3553] DEBUG AtomispPipeline atomisp.cpp:1436 Largest processed stream size is 1280x720
[0:02:04.342371245] [3553] DEBUG AtomispPipeline atomisp.cpp:1438 Largest raw stream size is 0x0
[0:02:04.342590737] [3553] DEBUG AtomispPipeline atomisp.cpp:1541 Picked 1296x976-SGRBG10_1X10/Unset -> 1296x976-YUYV for max processed stream size 1280x720 and max raw stream size 0x0
[0:02:04.342814129] [3553] DEBUG AtomispPipeline atomisp.cpp:1592 Adjusting processed pixel format from RGB888 to YUYV
[0:02:04.343052597] [3553] DEBUG AtomispPipeline atomisp.cpp:1648 Adjusting size from 1280x720 to 1296x976
[0:02:04.343452993] [3553] DEBUG V4L2Compat v4l2_camera_proxy.cpp:436 [/dev/video1 (fd:205)] vidioc_try_fmt()
[0:02:04.344270623] [3565] DEBUG AtomispPipeline atomisp.cpp:1436 Largest processed stream size is 1296x976
[0:02:04.344472102] [3565] DEBUG AtomispPipeline atomisp.cpp:1438 Largest raw stream size is 0x0
[0:02:04.344696057] [3565] DEBUG AtomispPipeline atomisp.cpp:1541 Picked 1296x976-SGRBG10_1X10/Unset -> 1296x976-UYVY for max processed stream size 1296x976 and max raw stream size 0x0
[0:02:04.344939012] [3565] DEBUG AtomispPipeline atomisp.cpp:1626 Unspecified color space set to sYCC
[0:02:04.345316720] [3565] DEBUG AtomispPipeline atomisp.cpp:1690 Adjusting bufferCount from 0 to 4
[0:02:04.345763829] [3553] DEBUG AtomispPipeline atomisp.cpp:1436 Largest processed stream size is 1024x768
[0:02:04.345989734] [3553] DEBUG AtomispPipeline atomisp.cpp:1438 Largest raw stream size is 0x0
[0:02:04.346309228] [3553] DEBUG AtomispPipeline atomisp.cpp:1541 Picked 1296x976-SGRBG10_1X10/Unset -> 1296x976-YUYV for max processed stream size 1024x768 and max raw stream size 0x0
[0:02:04.346527608] [3553] DEBUG AtomispPipeline atomisp.cpp:1592 Adjusting processed pixel format from RGB888 to YUYV
[0:02:04.346712299] [3553] DEBUG AtomispPipeline atomisp.cpp:1648 Adjusting size from 1024x768 to 1296x976
[0:02:04.347167359] [3553] DEBUG V4L2Compat v4l2_camera_proxy.cpp:436 [/dev/video1 (fd:205)] vidioc_try_fmt()
[0:02:04.347908137] [3565] DEBUG AtomispPipeline atomisp.cpp:1436 Largest processed stream size is 1296x976
[0:02:04.348195681] [3565] DEBUG AtomispPipeline atomisp.cpp:1438 Largest raw stream size is 0x0
[0:02:04.348421561] [3565] DEBUG AtomispPipeline atomisp.cpp:1541 Picked 1296x976-SGRBG10_1X10/Unset -> 1296x976-UYVY for max processed stream size 1296x976 and max raw stream size 0x0
[0:02:04.348666353] [3565] DEBUG AtomispPipeline atomisp.cpp:1626 Unspecified color space set to sYCC
[0:02:04.348961735] [3565] DEBUG AtomispPipeline atomisp.cpp:1690 Adjusting bufferCount from 0 to 4
[0:02:04.350189448] [3553] DEBUG AtomispPipeline atomisp.cpp:1436 Largest processed stream size is 1440x1080
[0:02:04.350399490] [3553] DEBUG AtomispPipeline atomisp.cpp:1438 Largest raw stream size is 0x0
[0:02:04.350629482] [3553] DEBUG AtomispPipeline atomisp.cpp:1541 Picked 1296x976-SGRBG10_1X10/Unset -> 1296x976-YUYV for max processed stream size 1440x1080 and max raw stream size 0x0
[0:02:04.350867600] [3553] DEBUG AtomispPipeline atomisp.cpp:1592 Adjusting processed pixel format from RGB888 to YUYV
[0:02:04.351133968] [3553] DEBUG AtomispPipeline atomisp.cpp:1648 Adjusting size from 1440x1080 to 1296x976
[0:02:04.351554602] [3553] DEBUG V4L2Compat v4l2_camera_proxy.cpp:436 [/dev/video1 (fd:205)] vidioc_try_fmt()
[0:02:04.352401795] [3565] DEBUG AtomispPipeline atomisp.cpp:1436 Largest processed stream size is 1296x976
[0:02:04.352601199] [3565] DEBUG AtomispPipeline atomisp.cpp:1438 Largest raw stream size is 0x0
[0:02:04.352825591] [3565] DEBUG AtomispPipeline atomisp.cpp:1541 Picked 1296x976-SGRBG10_1X10/Unset -> 1296x976-UYVY for max processed stream size 1296x976 and max raw stream size 0x0
[0:02:04.353135960] [3565] DEBUG AtomispPipeline atomisp.cpp:1626 Unspecified color space set to sYCC
[0:02:04.353441729] [3565] DEBUG AtomispPipeline atomisp.cpp:1690 Adjusting bufferCount from 0 to 4
[0:02:04.353889776] [3553] DEBUG AtomispPipeline atomisp.cpp:1436 Largest processed stream size is 1920x1080
[0:02:04.354182345] [3553] DEBUG AtomispPipeline atomisp.cpp:1438 Largest raw stream size is 0x0
[0:02:04.354402100] [3553] DEBUG AtomispPipeline atomisp.cpp:1541 Picked 1296x976-SGRBG10_1X10/Unset -> 1296x976-YUYV for max processed stream size 1920x1080 and max raw stream size 0x0
[0:02:04.354626042] [3553] DEBUG AtomispPipeline atomisp.cpp:1592 Adjusting processed pixel format from RGB888 to YUYV
[0:02:04.354811133] [3553] DEBUG AtomispPipeline atomisp.cpp:1648 Adjusting size from 1920x1080 to 1296x976
[0:02:04.355269543] [3553] DEBUG V4L2Compat v4l2_camera_proxy.cpp:436 [/dev/video1 (fd:205)] vidioc_try_fmt()
[0:02:04.355997896] [3565] DEBUG AtomispPipeline atomisp.cpp:1436 Largest processed stream size is 1296x976
[0:02:04.356288864] [3565] DEBUG AtomispPipeline atomisp.cpp:1438 Largest raw stream size is 0x0
[0:02:04.356513019] [3565] DEBUG AtomispPipeline atomisp.cpp:1541 Picked 1296x976-SGRBG10_1X10/Unset -> 1296x976-UYVY for max processed stream size 1296x976 and max raw stream size 0x0
[0:02:04.356763050] [3565] DEBUG AtomispPipeline atomisp.cpp:1626 Unspecified color space set to sYCC
[0:02:04.357157208] [3565] DEBUG AtomispPipeline atomisp.cpp:1690 Adjusting bufferCount from 0 to 4
[0:02:04.357615655] [3553] DEBUG AtomispPipeline atomisp.cpp:1436 Largest processed stream size is 128x96
[0:02:04.357793321] [3553] DEBUG AtomispPipeline atomisp.cpp:1438 Largest raw stream size is 0x0
[0:02:04.358159342] [3553] DEBUG AtomispPipeline atomisp.cpp:1541 Picked 1296x976-SGRBG10_1X10/Unset -> 1296x976-YUYV for max processed stream size 128x96 and max raw stream size 0x0
[0:02:04.358407134] [3553] DEBUG AtomispPipeline atomisp.cpp:1592 Adjusting processed pixel format from BGR888 to YUYV
[0:02:04.358593376] [3553] DEBUG AtomispPipeline atomisp.cpp:1648 Adjusting size from 128x96 to 1296x976
[0:02:04.358981796] [3553] DEBUG V4L2Compat v4l2_camera_proxy.cpp:436 [/dev/video1 (fd:205)] vidioc_try_fmt()
[0:02:04.359782613] [3565] DEBUG AtomispPipeline atomisp.cpp:1436 Largest processed stream size is 1296x976
[0:02:04.359958842] [3565] DEBUG AtomispPipeline atomisp.cpp:1438 Largest raw stream size is 0x0
[0:02:04.360288399] [3565] DEBUG AtomispPipeline atomisp.cpp:1541 Picked 1296x976-SGRBG10_1X10/Unset -> 1296x976-UYVY for max processed stream size 1296x976 and max raw stream size 0x0
[0:02:04.360532967] [3565] DEBUG AtomispPipeline atomisp.cpp:1626 Unspecified color space set to sYCC
[0:02:04.360835886] [3565] DEBUG AtomispPipeline atomisp.cpp:1690 Adjusting bufferCount from 0 to 4
[0:02:04.361354122] [3553] DEBUG AtomispPipeline atomisp.cpp:1436 Largest processed stream size is 160x120
[0:02:04.361529663] [3553] DEBUG AtomispPipeline atomisp.cpp:1438 Largest raw stream size is 0x0
[0:02:04.361744042] [3553] DEBUG AtomispPipeline atomisp.cpp:1541 Picked 1296x976-SGRBG10_1X10/Unset -> 1296x976-YUYV for max processed stream size 160x120 and max raw stream size 0x0
[0:02:04.361961972] [3553] DEBUG AtomispPipeline atomisp.cpp:1592 Adjusting processed pixel format from BGR888 to YUYV
[0:02:04.362267441] [3553] DEBUG AtomispPipeline atomisp.cpp:1648 Adjusting size from 160x120 to 1296x976
[0:02:04.362663424] [3553] DEBUG V4L2Compat v4l2_camera_proxy.cpp:436 [/dev/video1 (fd:205)] vidioc_try_fmt()
[0:02:04.363451466] [3565] DEBUG AtomispPipeline atomisp.cpp:1436 Largest processed stream size is 1296x976
[0:02:04.363649133] [3565] DEBUG AtomispPipeline atomisp.cpp:1438 Largest raw stream size is 0x0
[0:02:04.363872300] [3565] DEBUG AtomispPipeline atomisp.cpp:1541 Picked 1296x976-SGRBG10_1X10/Unset -> 1296x976-UYVY for max processed stream size 1296x976 and max raw stream size 0x0
[0:02:04.364203194] [3565] DEBUG AtomispPipeline atomisp.cpp:1626 Unspecified color space set to sYCC
[0:02:04.364509488] [3565] DEBUG AtomispPipeline atomisp.cpp:1690 Adjusting bufferCount from 0 to 4
[0:02:04.364962073] [3553] DEBUG AtomispPipeline atomisp.cpp:1436 Largest processed stream size is 176x144
[0:02:04.365239891] [3553] DEBUG AtomispPipeline atomisp.cpp:1438 Largest raw stream size is 0x0
[0:02:04.365463246] [3553] DEBUG AtomispPipeline atomisp.cpp:1541 Picked 1296x976-SGRBG10_1X10/Unset -> 1296x976-YUYV for max processed stream size 176x144 and max raw stream size 0x0
[0:02:04.365683951] [3553] DEBUG AtomispPipeline atomisp.cpp:1592 Adjusting processed pixel format from BGR888 to YUYV
[0:02:04.365868705] [3553] DEBUG AtomispPipeline atomisp.cpp:1648 Adjusting size from 176x144 to 1296x976
[0:02:04.366317639] [3553] DEBUG V4L2Compat v4l2_camera_proxy.cpp:436 [/dev/video1 (fd:205)] vidioc_try_fmt()
[0:02:04.367177207] [3565] DEBUG AtomispPipeline atomisp.cpp:1436 Largest processed stream size is 1296x976
[0:02:04.367379299] [3565] DEBUG AtomispPipeline atomisp.cpp:1438 Largest raw stream size is 0x0
[0:02:04.367601066] [3565] DEBUG AtomispPipeline atomisp.cpp:1541 Picked 1296x976-SGRBG10_1X10/Unset -> 1296x976-UYVY for max processed stream size 1296x976 and max raw stream size 0x0
[0:02:04.367849059] [3565] DEBUG AtomispPipeline atomisp.cpp:1626 Unspecified color space set to sYCC
[0:02:04.368215242] [3565] DEBUG AtomispPipeline atomisp.cpp:1690 Adjusting bufferCount from 0 to 4
[0:02:04.368681914] [3553] DEBUG AtomispPipeline atomisp.cpp:1436 Largest processed stream size is 320x240
[0:02:04.368845468] [3553] DEBUG AtomispPipeline atomisp.cpp:1438 Largest raw stream size is 0x0
[0:02:04.369157587] [3553] DEBUG AtomispPipeline atomisp.cpp:1541 Picked 1296x976-SGRBG10_1X10/Unset -> 1296x976-YUYV for max processed stream size 320x240 and max raw stream size 0x0
[0:02:04.369452093] [3553] DEBUG AtomispPipeline atomisp.cpp:1592 Adjusting processed pixel format from BGR888 to YUYV
[0:02:04.369640534] [3553] DEBUG AtomispPipeline atomisp.cpp:1648 Adjusting size from 320x240 to 1296x976
[0:02:04.370101144] [3553] DEBUG V4L2Compat v4l2_camera_proxy.cpp:436 [/dev/video1 (fd:205)] vidioc_try_fmt()
[0:02:04.370840172] [3565] DEBUG AtomispPipeline atomisp.cpp:1436 Largest processed stream size is 1296x976
[0:02:04.371122678] [3565] DEBUG AtomispPipeline atomisp.cpp:1438 Largest raw stream size is 0x0
[0:02:04.371350158] [3565] DEBUG AtomispPipeline atomisp.cpp:1541 Picked 1296x976-SGRBG10_1X10/Unset -> 1296x976-UYVY for max processed stream size 1296x976 and max raw stream size 0x0
[0:02:04.371595126] [3565] DEBUG AtomispPipeline atomisp.cpp:1626 Unspecified color space set to sYCC
[0:02:04.371892132] [3565] DEBUG AtomispPipeline atomisp.cpp:1690 Adjusting bufferCount from 0 to 4
[0:02:04.372441006] [3553] DEBUG AtomispPipeline atomisp.cpp:1436 Largest processed stream size is 352x288
[0:02:04.372608485] [3553] DEBUG AtomispPipeline atomisp.cpp:1438 Largest raw stream size is 0x0
[0:02:04.372823127] [3553] DEBUG AtomispPipeline atomisp.cpp:1541 Picked 1296x976-SGRBG10_1X10/Unset -> 1296x976-YUYV for max processed stream size 352x288 and max raw stream size 0x0
[0:02:04.373136933] [3553] DEBUG AtomispPipeline atomisp.cpp:1592 Adjusting processed pixel format from BGR888 to YUYV
[0:02:04.373328737] [3553] DEBUG AtomispPipeline atomisp.cpp:1648 Adjusting size from 352x288 to 1296x976
[0:02:04.373715008] [3553] DEBUG V4L2Compat v4l2_camera_proxy.cpp:436 [/dev/video1 (fd:205)] vidioc_try_fmt()
[0:02:04.374474337] [3565] DEBUG AtomispPipeline atomisp.cpp:1436 Largest processed stream size is 1296x976
[0:02:04.374672766] [3565] DEBUG AtomispPipeline atomisp.cpp:1438 Largest raw stream size is 0x0
[0:02:04.374896770] [3565] DEBUG AtomispPipeline atomisp.cpp:1541 Picked 1296x976-SGRBG10_1X10/Unset -> 1296x976-UYVY for max processed stream size 1296x976 and max raw stream size 0x0
[0:02:04.375227927] [3565] DEBUG AtomispPipeline atomisp.cpp:1626 Unspecified color space set to sYCC
[0:02:04.375524534] [3565] DEBUG AtomispPipeline atomisp.cpp:1690 Adjusting bufferCount from 0 to 4
[0:02:04.375965818] [3553] DEBUG AtomispPipeline atomisp.cpp:1436 Largest processed stream size is 640x480
[0:02:04.376224674] [3553] DEBUG AtomispPipeline atomisp.cpp:1438 Largest raw stream size is 0x0
[0:02:04.376448703] [3553] DEBUG AtomispPipeline atomisp.cpp:1541 Picked 1296x976-SGRBG10_1X10/Unset -> 1296x976-YUYV for max processed stream size 640x480 and max raw stream size 0x0
[0:02:04.376671121] [3553] DEBUG AtomispPipeline atomisp.cpp:1592 Adjusting processed pixel format from BGR888 to YUYV
[0:02:04.376852412] [3553] DEBUG AtomispPipeline atomisp.cpp:1648 Adjusting size from 640x480 to 1296x976
[0:02:04.377288746] [3553] DEBUG V4L2Compat v4l2_camera_proxy.cpp:436 [/dev/video1 (fd:205)] vidioc_try_fmt()
[0:02:04.378104476] [3565] DEBUG AtomispPipeline atomisp.cpp:1436 Largest processed stream size is 1296x976
[0:02:04.378299067] [3565] DEBUG AtomispPipeline atomisp.cpp:1438 Largest raw stream size is 0x0
[0:02:04.378518435] [3565] DEBUG AtomispPipeline atomisp.cpp:1541 Picked 1296x976-SGRBG10_1X10/Unset -> 1296x976-UYVY for max processed stream size 1296x976 and max raw stream size 0x0
[0:02:04.378762715] [3565] DEBUG AtomispPipeline atomisp.cpp:1626 Unspecified color space set to sYCC
[0:02:04.379117060] [3565] DEBUG AtomispPipeline atomisp.cpp:1690 Adjusting bufferCount from 0 to 4
[0:02:04.379562319] [3553] DEBUG AtomispPipeline atomisp.cpp:1436 Largest processed stream size is 704x576
[0:02:04.379732760] [3553] DEBUG AtomispPipeline atomisp.cpp:1438 Largest raw stream size is 0x0
[0:02:04.379950790] [3553] DEBUG AtomispPipeline atomisp.cpp:1541 Picked 1296x976-SGRBG10_1X10/Unset -> 1296x976-YUYV for max processed stream size 704x576 and max raw stream size 0x0
[0:02:04.380279072] [3553] DEBUG AtomispPipeline atomisp.cpp:1592 Adjusting processed pixel format from BGR888 to YUYV
[0:02:04.380517452] [3553] DEBUG AtomispPipeline atomisp.cpp:1648 Adjusting size from 704x576 to 1296x976
[0:02:04.380911548] [3553] DEBUG V4L2Compat v4l2_camera_proxy.cpp:436 [/dev/video1 (fd:205)] vidioc_try_fmt()
[0:02:04.381742865] [3565] DEBUG AtomispPipeline atomisp.cpp:1436 Largest processed stream size is 1296x976
[0:02:04.381934294] [3565] DEBUG AtomispPipeline atomisp.cpp:1438 Largest raw stream size is 0x0
[0:02:04.382261526] [3565] DEBUG AtomispPipeline atomisp.cpp:1541 Picked 1296x976-SGRBG10_1X10/Unset -> 1296x976-UYVY for max processed stream size 1296x976 and max raw stream size 0x0
[0:02:04.382508106] [3565] DEBUG AtomispPipeline atomisp.cpp:1626 Unspecified color space set to sYCC
[0:02:04.382810263] [3565] DEBUG AtomispPipeline atomisp.cpp:1690 Adjusting bufferCount from 0 to 4
[0:02:04.383341574] [3553] DEBUG AtomispPipeline atomisp.cpp:1436 Largest processed stream size is 800x600
[0:02:04.383512215] [3553] DEBUG AtomispPipeline atomisp.cpp:1438 Largest raw stream size is 0x0
[0:02:04.383730557] [3553] DEBUG AtomispPipeline atomisp.cpp:1541 Picked 1296x976-SGRBG10_1X10/Unset -> 1296x976-YUYV for max processed stream size 800x600 and max raw stream size 0x0
[0:02:04.383955450] [3553] DEBUG AtomispPipeline atomisp.cpp:1592 Adjusting processed pixel format from BGR888 to YUYV
[0:02:04.384239293] [3553] DEBUG AtomispPipeline atomisp.cpp:1648 Adjusting size from 800x600 to 1296x976
[0:02:04.384632501] [3553] DEBUG V4L2Compat v4l2_camera_proxy.cpp:436 [/dev/video1 (fd:205)] vidioc_try_fmt()
[0:02:04.385446194] [3565] DEBUG AtomispPipeline atomisp.cpp:1436 Largest processed stream size is 1296x976
[0:02:04.385638685] [3565] DEBUG AtomispPipeline atomisp.cpp:1438 Largest raw stream size is 0x0
[0:02:04.385858965] [3565] DEBUG AtomispPipeline atomisp.cpp:1541 Picked 1296x976-SGRBG10_1X10/Unset -> 1296x976-UYVY for max processed stream size 1296x976 and max raw stream size 0x0
[0:02:04.386188184] [3565] DEBUG AtomispPipeline atomisp.cpp:1626 Unspecified color space set to sYCC
[0:02:04.386489753] [3565] DEBUG AtomispPipeline atomisp.cpp:1690 Adjusting bufferCount from 0 to 4
[0:02:04.386945188] [3553] DEBUG AtomispPipeline atomisp.cpp:1436 Largest processed stream size is 960x720
[0:02:04.387217594] [3553] DEBUG AtomispPipeline atomisp.cpp:1438 Largest raw stream size is 0x0
[0:02:04.387441748] [3553] DEBUG AtomispPipeline atomisp.cpp:1541 Picked 1296x976-SGRBG10_1X10/Unset -> 1296x976-YUYV for max processed stream size 960x720 and max raw stream size 0x0
[0:02:04.387661265] [3553] DEBUG AtomispPipeline atomisp.cpp:1592 Adjusting processed pixel format from BGR888 to YUYV
[0:02:04.387848357] [3553] DEBUG AtomispPipeline atomisp.cpp:1648 Adjusting size from 960x720 to 1296x976
[0:02:04.388302967] [3553] DEBUG V4L2Compat v4l2_camera_proxy.cpp:436 [/dev/video1 (fd:205)] vidioc_try_fmt()
[0:02:04.389131159] [3565] DEBUG AtomispPipeline atomisp.cpp:1436 Largest processed stream size is 1296x976
[0:02:04.389330501] [3565] DEBUG AtomispPipeline atomisp.cpp:1438 Largest raw stream size is 0x0
[0:02:04.389550955] [3565] DEBUG AtomispPipeline atomisp.cpp:1541 Picked 1296x976-SGRBG10_1X10/Unset -> 1296x976-UYVY for max processed stream size 1296x976 and max raw stream size 0x0
[0:02:04.389805011] [3565] DEBUG AtomispPipeline atomisp.cpp:1626 Unspecified color space set to sYCC
[0:02:04.390162681] [3565] DEBUG AtomispPipeline atomisp.cpp:1690 Adjusting bufferCount from 0 to 4
[0:02:04.390610203] [3553] DEBUG AtomispPipeline atomisp.cpp:1436 Largest processed stream size is 1280x720
[0:02:04.390779219] [3553] DEBUG AtomispPipeline atomisp.cpp:1438 Largest raw stream size is 0x0
[0:02:04.390998474] [3553] DEBUG AtomispPipeline atomisp.cpp:1541 Picked 1296x976-SGRBG10_1X10/Unset -> 1296x976-YUYV for max processed stream size 1280x720 and max raw stream size 0x0
[0:02:04.391315993] [3553] DEBUG AtomispPipeline atomisp.cpp:1592 Adjusting processed pixel format from BGR888 to YUYV
[0:02:04.391503272] [3553] DEBUG AtomispPipeline atomisp.cpp:1648 Adjusting size from 1280x720 to 1296x976
[0:02:04.391888392] [3553] DEBUG V4L2Compat v4l2_camera_proxy.cpp:436 [/dev/video1 (fd:205)] vidioc_try_fmt()
[0:02:04.392742823] [3565] DEBUG AtomispPipeline atomisp.cpp:1436 Largest processed stream size is 1296x976
[0:02:04.392928677] [3565] DEBUG AtomispPipeline atomisp.cpp:1438 Largest raw stream size is 0x0
[0:02:04.393242883] [3565] DEBUG AtomispPipeline atomisp.cpp:1541 Picked 1296x976-SGRBG10_1X10/Unset -> 1296x976-UYVY for max processed stream size 1296x976 and max raw stream size 0x0
[0:02:04.393492701] [3565] DEBUG AtomispPipeline atomisp.cpp:1626 Unspecified color space set to sYCC
[0:02:04.393787895] [3565] DEBUG AtomispPipeline atomisp.cpp:1690 Adjusting bufferCount from 0 to 4
[0:02:04.394242380] [3553] DEBUG AtomispPipeline atomisp.cpp:1436 Largest processed stream size is 1024x768
[0:02:04.394415708] [3553] DEBUG AtomispPipeline atomisp.cpp:1438 Largest raw stream size is 0x0
[0:02:04.394632075] [3553] DEBUG AtomispPipeline atomisp.cpp:1541 Picked 1296x976-SGRBG10_1X10/Unset -> 1296x976-YUYV for max processed stream size 1024x768 and max raw stream size 0x0
[0:02:04.394853780] [3553] DEBUG AtomispPipeline atomisp.cpp:1592 Adjusting processed pixel format from BGR888 to YUYV
[0:02:04.395123811] [3553] DEBUG AtomispPipeline atomisp.cpp:1648 Adjusting size from 1024x768 to 1296x976
[0:02:04.395523919] [3553] DEBUG V4L2Compat v4l2_camera_proxy.cpp:436 [/dev/video1 (fd:205)] vidioc_try_fmt()
[0:02:04.396349337] [3565] DEBUG AtomispPipeline atomisp.cpp:1436 Largest processed stream size is 1296x976
[0:02:04.396541516] [3565] DEBUG AtomispPipeline atomisp.cpp:1438 Largest raw stream size is 0x0
[0:02:04.396760295] [3565] DEBUG AtomispPipeline atomisp.cpp:1541 Picked 1296x976-SGRBG10_1X10/Unset -> 1296x976-UYVY for max processed stream size 1296x976 and max raw stream size 0x0
[0:02:04.397063702] [3565] DEBUG AtomispPipeline atomisp.cpp:1626 Unspecified color space set to sYCC
[0:02:04.397376521] [3565] DEBUG AtomispPipeline atomisp.cpp:1690 Adjusting bufferCount from 0 to 4
[0:02:04.397819280] [3553] DEBUG AtomispPipeline atomisp.cpp:1436 Largest processed stream size is 1440x1080
[0:02:04.397993671] [3553] DEBUG AtomispPipeline atomisp.cpp:1438 Largest raw stream size is 0x0
[0:02:04.398319266] [3553] DEBUG AtomispPipeline atomisp.cpp:1541 Picked 1296x976-SGRBG10_1X10/Unset -> 1296x976-YUYV for max processed stream size 1440x1080 and max raw stream size 0x0
[0:02:04.398543933] [3553] DEBUG AtomispPipeline atomisp.cpp:1592 Adjusting processed pixel format from BGR888 to YUYV
[0:02:04.398728599] [3553] DEBUG AtomispPipeline atomisp.cpp:1648 Adjusting size from 1440x1080 to 1296x976
[0:02:04.399182709] [3553] DEBUG V4L2Compat v4l2_camera_proxy.cpp:436 [/dev/video1 (fd:205)] vidioc_try_fmt()
[0:02:04.399910712] [3565] DEBUG AtomispPipeline atomisp.cpp:1436 Largest processed stream size is 1296x976
[0:02:04.400198743] [3565] DEBUG AtomispPipeline atomisp.cpp:1438 Largest raw stream size is 0x0
[0:02:04.400422810] [3565] DEBUG AtomispPipeline atomisp.cpp:1541 Picked 1296x976-SGRBG10_1X10/Unset -> 1296x976-UYVY for max processed stream size 1296x976 and max raw stream size 0x0
[0:02:04.400665053] [3565] DEBUG AtomispPipeline atomisp.cpp:1626 Unspecified color space set to sYCC
[0:02:04.400975872] [3565] DEBUG AtomispPipeline atomisp.cpp:1690 Adjusting bufferCount from 0 to 4
[0:02:04.401510283] [3553] DEBUG AtomispPipeline atomisp.cpp:1436 Largest processed stream size is 1920x1080
[0:02:04.401681049] [3553] DEBUG AtomispPipeline atomisp.cpp:1438 Largest raw stream size is 0x0
[0:02:04.401899804] [3553] DEBUG AtomispPipeline atomisp.cpp:1541 Picked 1296x976-SGRBG10_1X10/Unset -> 1296x976-YUYV for max processed stream size 1920x1080 and max raw stream size 0x0
[0:02:04.402237474] [3553] DEBUG AtomispPipeline atomisp.cpp:1592 Adjusting processed pixel format from BGR888 to YUYV
[0:02:04.402425778] [3553] DEBUG AtomispPipeline atomisp.cpp:1648 Adjusting size from 1920x1080 to 1296x976
[0:02:04.402810448] [3553] DEBUG V4L2Compat v4l2_camera_proxy.cpp:436 [/dev/video1 (fd:205)] vidioc_try_fmt()
[0:02:04.403609740] [3565] DEBUG AtomispPipeline atomisp.cpp:1436 Largest processed stream size is 1296x976
[0:02:04.403859370] [3565] DEBUG AtomispPipeline atomisp.cpp:1438 Largest raw stream size is 0x0
[0:02:04.404185415] [3565] DEBUG AtomispPipeline atomisp.cpp:1541 Picked 1296x976-SGRBG10_1X10/Unset -> 1296x976-UYVY for max processed stream size 1296x976 and max raw stream size 0x0
[0:02:04.404438595] [3565] DEBUG AtomispPipeline atomisp.cpp:1626 Unspecified color space set to sYCC
[0:02:04.404749427] [3565] DEBUG AtomispPipeline atomisp.cpp:1690 Adjusting bufferCount from 0 to 4
[0:02:04.405451492] [3553] DEBUG AtomispPipeline atomisp.cpp:1436 Largest processed stream size is 128x96
[0:02:04.405700634] [3553] DEBUG AtomispPipeline atomisp.cpp:1438 Largest raw stream size is 0x0
[0:02:04.405949602] [3553] DEBUG AtomispPipeline atomisp.cpp:1541 Picked 1296x976-SGRBG10_1X10/Unset -> 1296x976-YUYV for max processed stream size 128x96 and max raw stream size 0x0
[0:02:04.406291384] [3553] DEBUG AtomispPipeline atomisp.cpp:1592 Adjusting processed pixel format from RGB565 to YUYV
[0:02:04.406483826] [3553] DEBUG AtomispPipeline atomisp.cpp:1648 Adjusting size from 128x96 to 1296x976
[0:02:04.407112952] [3553] DEBUG V4L2Compat v4l2_camera_proxy.cpp:436 [/dev/video1 (fd:205)] vidioc_try_fmt()
[0:02:04.407878956] [3565] DEBUG AtomispPipeline atomisp.cpp:1436 Largest processed stream size is 1296x976
[0:02:04.408166224] [3565] DEBUG AtomispPipeline atomisp.cpp:1438 Largest raw stream size is 0x0
[0:02:04.408430367] [3565] DEBUG AtomispPipeline atomisp.cpp:1541 Picked 1296x976-SGRBG10_1X10/Unset -> 1296x976-UYVY for max processed stream size 1296x976 and max raw stream size 0x0
[0:02:04.408684173] [3565] DEBUG AtomispPipeline atomisp.cpp:1626 Unspecified color space set to sYCC
[0:02:04.408987304] [3565] DEBUG AtomispPipeline atomisp.cpp:1690 Adjusting bufferCount from 0 to 4
[0:02:04.409529190] [3553] DEBUG AtomispPipeline atomisp.cpp:1436 Largest processed stream size is 160x120
[0:02:04.409702044] [3553] DEBUG AtomispPipeline atomisp.cpp:1438 Largest raw stream size is 0x0
[0:02:04.409922674] [3553] DEBUG AtomispPipeline atomisp.cpp:1541 Picked 1296x976-SGRBG10_1X10/Unset -> 1296x976-YUYV for max processed stream size 160x120 and max raw stream size 0x0
[0:02:04.410246543] [3553] DEBUG AtomispPipeline atomisp.cpp:1592 Adjusting processed pixel format from RGB565 to YUYV
[0:02:04.410437672] [3553] DEBUG AtomispPipeline atomisp.cpp:1648 Adjusting size from 160x120 to 1296x976
[0:02:04.410822968] [3553] DEBUG V4L2Compat v4l2_camera_proxy.cpp:436 [/dev/video1 (fd:205)] vidioc_try_fmt()
[0:02:04.411618822] [3565] DEBUG AtomispPipeline atomisp.cpp:1436 Largest processed stream size is 1296x976
[0:02:04.411809564] [3565] DEBUG AtomispPipeline atomisp.cpp:1438 Largest raw stream size is 0x0
[0:02:04.412116470] [3565] DEBUG AtomispPipeline atomisp.cpp:1541 Picked 1296x976-SGRBG10_1X10/Unset -> 1296x976-UYVY for max processed stream size 1296x976 and max raw stream size 0x0
[0:02:04.412370225] [3565] DEBUG AtomispPipeline atomisp.cpp:1626 Unspecified color space set to sYCC
[0:02:04.412669144] [3565] DEBUG AtomispPipeline atomisp.cpp:1690 Adjusting bufferCount from 0 to 4
[0:02:04.413197818] [3553] DEBUG AtomispPipeline atomisp.cpp:1436 Largest processed stream size is 176x144
[0:02:04.413366747] [3553] DEBUG AtomispPipeline atomisp.cpp:1438 Largest raw stream size is 0x0
[0:02:04.413583526] [3553] DEBUG AtomispPipeline atomisp.cpp:1541 Picked 1296x976-SGRBG10_1X10/Unset -> 1296x976-YUYV for max processed stream size 176x144 and max raw stream size 0x0
[0:02:04.413809393] [3553] DEBUG AtomispPipeline atomisp.cpp:1592 Adjusting processed pixel format from RGB565 to YUYV
[0:02:04.413995697] [3553] DEBUG AtomispPipeline atomisp.cpp:1648 Adjusting size from 176x144 to 1296x976
[0:02:04.414488733] [3553] DEBUG V4L2Compat v4l2_camera_proxy.cpp:436 [/dev/video1 (fd:205)] vidioc_try_fmt()
[0:02:04.415262512] [3565] DEBUG AtomispPipeline atomisp.cpp:1436 Largest processed stream size is 1296x976
[0:02:04.415466878] [3565] DEBUG AtomispPipeline atomisp.cpp:1438 Largest raw stream size is 0x0
[0:02:04.415684596] [3565] DEBUG AtomispPipeline atomisp.cpp:1541 Picked 1296x976-SGRBG10_1X10/Unset -> 1296x976-UYVY for max processed stream size 1296x976 and max raw stream size 0x0
[0:02:04.415988952] [3565] DEBUG AtomispPipeline atomisp.cpp:1626 Unspecified color space set to sYCC
[0:02:04.416364097] [3565] DEBUG AtomispPipeline atomisp.cpp:1690 Adjusting bufferCount from 0 to 4
[0:02:04.416810507] [3553] DEBUG AtomispPipeline atomisp.cpp:1436 Largest processed stream size is 320x240
[0:02:04.416987111] [3553] DEBUG AtomispPipeline atomisp.cpp:1438 Largest raw stream size is 0x0
[0:02:04.417306705] [3553] DEBUG AtomispPipeline atomisp.cpp:1541 Picked 1296x976-SGRBG10_1X10/Unset -> 1296x976-YUYV for max processed stream size 320x240 and max raw stream size 0x0
[0:02:04.417530785] [3553] DEBUG AtomispPipeline atomisp.cpp:1592 Adjusting processed pixel format from RGB565 to YUYV
[0:02:04.417716651] [3553] DEBUG AtomispPipeline atomisp.cpp:1648 Adjusting size from 320x240 to 1296x976
[0:02:04.418165348] [3553] DEBUG V4L2Compat v4l2_camera_proxy.cpp:436 [/dev/video1 (fd:205)] vidioc_try_fmt()
[0:02:04.418896601] [3565] DEBUG AtomispPipeline atomisp.cpp:1436 Largest processed stream size is 1296x976
[0:02:04.419188282] [3565] DEBUG AtomispPipeline atomisp.cpp:1438 Largest raw stream size is 0x0
[0:02:04.419411224] [3565] DEBUG AtomispPipeline atomisp.cpp:1541 Picked 1296x976-SGRBG10_1X10/Unset -> 1296x976-UYVY for max processed stream size 1296x976 and max raw stream size 0x0
[0:02:04.419658092] [3565] DEBUG AtomispPipeline atomisp.cpp:1626 Unspecified color space set to sYCC
[0:02:04.419953836] [3565] DEBUG AtomispPipeline atomisp.cpp:1690 Adjusting bufferCount from 0 to 4
[0:02:04.420465897] [3553] DEBUG AtomispPipeline atomisp.cpp:1436 Largest processed stream size is 352x288
[0:02:04.420640888] [3553] DEBUG AtomispPipeline atomisp.cpp:1438 Largest raw stream size is 0x0
[0:02:04.420858505] [3553] DEBUG AtomispPipeline atomisp.cpp:1541 Picked 1296x976-SGRBG10_1X10/Unset -> 1296x976-YUYV for max processed stream size 352x288 and max raw stream size 0x0
[0:02:04.421177899] [3553] DEBUG AtomispPipeline atomisp.cpp:1592 Adjusting processed pixel format from RGB565 to YUYV
[0:02:04.421365066] [3553] DEBUG AtomispPipeline atomisp.cpp:1648 Adjusting size from 352x288 to 1296x976
[0:02:04.421757761] [3553] DEBUG V4L2Compat v4l2_camera_proxy.cpp:436 [/dev/video1 (fd:205)] vidioc_try_fmt()
[0:02:04.422551453] [3565] DEBUG AtomispPipeline atomisp.cpp:1436 Largest processed stream size is 1296x976
[0:02:04.422728232] [3565] DEBUG AtomispPipeline atomisp.cpp:1438 Largest raw stream size is 0x0
[0:02:04.422945999] [3565] DEBUG AtomispPipeline atomisp.cpp:1541 Picked 1296x976-SGRBG10_1X10/Unset -> 1296x976-UYVY for max processed stream size 1296x976 and max raw stream size 0x0
[0:02:04.423296507] [3565] DEBUG AtomispPipeline atomisp.cpp:1626 Unspecified color space set to sYCC
[0:02:04.423593788] [3565] DEBUG AtomispPipeline atomisp.cpp:1690 Adjusting bufferCount from 0 to 4
[0:02:04.424107686] [3553] DEBUG AtomispPipeline atomisp.cpp:1436 Largest processed stream size is 640x480
[0:02:04.424288078] [3553] DEBUG AtomispPipeline atomisp.cpp:1438 Largest raw stream size is 0x0
[0:02:04.424510582] [3553] DEBUG AtomispPipeline atomisp.cpp:1541 Picked 1296x976-SGRBG10_1X10/Unset -> 1296x976-YUYV for max processed stream size 640x480 and max raw stream size 0x0
[0:02:04.424732187] [3553] DEBUG AtomispPipeline atomisp.cpp:1592 Adjusting processed pixel format from RGB565 to YUYV
[0:02:04.424915553] [3553] DEBUG AtomispPipeline atomisp.cpp:1648 Adjusting size from 640x480 to 1296x976
[0:02:04.425387313] [3553] DEBUG V4L2Compat v4l2_camera_proxy.cpp:436 [/dev/video1 (fd:205)] vidioc_try_fmt()
[0:02:04.426189105] [3565] DEBUG AtomispPipeline atomisp.cpp:1436 Largest processed stream size is 1296x976
[0:02:04.426380959] [3565] DEBUG AtomispPipeline atomisp.cpp:1438 Largest raw stream size is 0x0
[0:02:04.426603677] [3565] DEBUG AtomispPipeline atomisp.cpp:1541 Picked 1296x976-SGRBG10_1X10/Unset -> 1296x976-UYVY for max processed stream size 1296x976 and max raw stream size 0x0
[0:02:04.426885170] [3565] DEBUG AtomispPipeline atomisp.cpp:1626 Unspecified color space set to sYCC
[0:02:04.427263478] [3565] DEBUG AtomispPipeline atomisp.cpp:1690 Adjusting bufferCount from 0 to 4
[0:02:04.427706300] [3553] DEBUG AtomispPipeline atomisp.cpp:1436 Largest processed stream size is 704x576
[0:02:04.427877341] [3553] DEBUG AtomispPipeline atomisp.cpp:1438 Largest raw stream size is 0x0
[0:02:04.428177572] [3553] DEBUG AtomispPipeline atomisp.cpp:1541 Picked 1296x976-SGRBG10_1X10/Unset -> 1296x976-YUYV for max processed stream size 704x576 and max raw stream size 0x0
[0:02:04.428404090] [3553] DEBUG AtomispPipeline atomisp.cpp:1592 Adjusting processed pixel format from RGB565 to YUYV
[0:02:04.428585418] [3553] DEBUG AtomispPipeline atomisp.cpp:1648 Adjusting size from 704x576 to 1296x976
[0:02:04.428973539] [3553] DEBUG V4L2Compat v4l2_camera_proxy.cpp:436 [/dev/video1 (fd:205)] vidioc_try_fmt()
[0:02:04.429767793] [3565] DEBUG AtomispPipeline atomisp.cpp:1436 Largest processed stream size is 1296x976
[0:02:04.429952760] [3565] DEBUG AtomispPipeline atomisp.cpp:1438 Largest raw stream size is 0x0
[0:02:04.430265091] [3565] DEBUG AtomispPipeline atomisp.cpp:1541 Picked 1296x976-SGRBG10_1X10/Unset -> 1296x976-UYVY for max processed stream size 1296x976 and max raw stream size 0x0
[0:02:04.430522797] [3565] DEBUG AtomispPipeline atomisp.cpp:1626 Unspecified color space set to sYCC
[0:02:04.430818891] [3565] DEBUG AtomispPipeline atomisp.cpp:1690 Adjusting bufferCount from 0 to 4
[0:02:04.431321101] [3553] DEBUG AtomispPipeline atomisp.cpp:1436 Largest processed stream size is 800x600
[0:02:04.431494292] [3553] DEBUG AtomispPipeline atomisp.cpp:1438 Largest raw stream size is 0x0
[0:02:04.431709872] [3553] DEBUG AtomispPipeline atomisp.cpp:1541 Picked 1296x976-SGRBG10_1X10/Unset -> 1296x976-YUYV for max processed stream size 800x600 and max raw stream size 0x0
[0:02:04.431932739] [3553] DEBUG AtomispPipeline atomisp.cpp:1592 Adjusting processed pixel format from RGB565 to YUYV
[0:02:04.432207845] [3553] DEBUG AtomispPipeline atomisp.cpp:1648 Adjusting size from 800x600 to 1296x976
[0:02:04.432590991] [3553] DEBUG V4L2Compat v4l2_camera_proxy.cpp:436 [/dev/video1 (fd:205)] vidioc_try_fmt()
[0:02:04.433404508] [3565] DEBUG AtomispPipeline atomisp.cpp:1436 Largest processed stream size is 1296x976
[0:02:04.433606887] [3565] DEBUG AtomispPipeline atomisp.cpp:1438 Largest raw stream size is 0x0
[0:02:04.433822004] [3565] DEBUG AtomispPipeline atomisp.cpp:1541 Picked 1296x976-SGRBG10_1X10/Unset -> 1296x976-UYVY for max processed stream size 1296x976 and max raw stream size 0x0
[0:02:04.434136923] [3565] DEBUG AtomispPipeline atomisp.cpp:1626 Unspecified color space set to sYCC
[0:02:04.434444255] [3565] DEBUG AtomispPipeline atomisp.cpp:1690 Adjusting bufferCount from 0 to 4
[0:02:04.434879951] [3553] DEBUG AtomispPipeline atomisp.cpp:1436 Largest processed stream size is 960x720
[0:02:04.435145082] [3553] DEBUG AtomispPipeline atomisp.cpp:1438 Largest raw stream size is 0x0
[0:02:04.435365862] [3553] DEBUG AtomispPipeline atomisp.cpp:1541 Picked 1296x976-SGRBG10_1X10/Unset -> 1296x976-YUYV for max processed stream size 960x720 and max raw stream size 0x0
[0:02:04.435593754] [3553] DEBUG AtomispPipeline atomisp.cpp:1592 Adjusting processed pixel format from RGB565 to YUYV
[0:02:04.435776770] [3553] DEBUG AtomispPipeline atomisp.cpp:1648 Adjusting size from 960x720 to 1296x976
[0:02:04.436217792] [3553] DEBUG V4L2Compat v4l2_camera_proxy.cpp:436 [/dev/video1 (fd:205)] vidioc_try_fmt()
[0:02:04.436928595] [3565] DEBUG AtomispPipeline atomisp.cpp:1436 Largest processed stream size is 1296x976
[0:02:04.437210413] [3565] DEBUG AtomispPipeline atomisp.cpp:1438 Largest raw stream size is 0x0
[0:02:04.437434643] [3565] DEBUG AtomispPipeline atomisp.cpp:1541 Picked 1296x976-SGRBG10_1X10/Unset -> 1296x976-UYVY for max processed stream size 1296x976 and max raw stream size 0x0
[0:02:04.437675898] [3565] DEBUG AtomispPipeline atomisp.cpp:1626 Unspecified color space set to sYCC
[0:02:04.437981055] [3565] DEBUG AtomispPipeline atomisp.cpp:1690 Adjusting bufferCount from 0 to 4
[0:02:04.438561367] [3553] DEBUG AtomispPipeline atomisp.cpp:1436 Largest processed stream size is 1280x720
[0:02:04.438731995] [3553] DEBUG AtomispPipeline atomisp.cpp:1438 Largest raw stream size is 0x0
[0:02:04.438943225] [3553] DEBUG AtomispPipeline atomisp.cpp:1541 Picked 1296x976-SGRBG10_1X10/Unset -> 1296x976-YUYV for max processed stream size 1280x720 and max raw stream size 0x0
[0:02:04.439267882] [3553] DEBUG AtomispPipeline atomisp.cpp:1592 Adjusting processed pixel format from RGB565 to YUYV
[0:02:04.439452048] [3553] DEBUG AtomispPipeline atomisp.cpp:1648 Adjusting size from 1280x720 to 1296x976
[0:02:04.439840969] [3553] DEBUG V4L2Compat v4l2_camera_proxy.cpp:436 [/dev/video1 (fd:205)] vidioc_try_fmt()
[0:02:04.440634248] [3565] DEBUG AtomispPipeline atomisp.cpp:1436 Largest processed stream size is 1296x976
[0:02:04.440829152] [3565] DEBUG AtomispPipeline atomisp.cpp:1438 Largest raw stream size is 0x0
[0:02:04.441135934] [3565] DEBUG AtomispPipeline atomisp.cpp:1541 Picked 1296x976-SGRBG10_1X10/Unset -> 1296x976-UYVY for max processed stream size 1296x976 and max raw stream size 0x0
[0:02:04.441402989] [3565] DEBUG AtomispPipeline atomisp.cpp:1626 Unspecified color space set to sYCC
[0:02:04.441703808] [3565] DEBUG AtomispPipeline atomisp.cpp:1690 Adjusting bufferCount from 0 to 4
[0:02:04.442206681] [3553] DEBUG AtomispPipeline atomisp.cpp:1436 Largest processed stream size is 1024x768
[0:02:04.442386485] [3553] DEBUG AtomispPipeline atomisp.cpp:1438 Largest raw stream size is 0x0
[0:02:04.442597465] [3553] DEBUG AtomispPipeline atomisp.cpp:1541 Picked 1296x976-SGRBG10_1X10/Unset -> 1296x976-YUYV for max processed stream size 1024x768 and max raw stream size 0x0
[0:02:04.442819944] [3553] DEBUG AtomispPipeline atomisp.cpp:1592 Adjusting processed pixel format from RGB565 to YUYV
[0:02:04.443075187] [3553] DEBUG AtomispPipeline atomisp.cpp:1648 Adjusting size from 1024x768 to 1296x976
[0:02:04.443479708] [3553] DEBUG V4L2Compat v4l2_camera_proxy.cpp:436 [/dev/video1 (fd:205)] vidioc_try_fmt()
[0:02:04.444268475] [3565] DEBUG AtomispPipeline atomisp.cpp:1436 Largest processed stream size is 1296x976
[0:02:04.444458117] [3565] DEBUG AtomispPipeline atomisp.cpp:1438 Largest raw stream size is 0x0
[0:02:04.444678596] [3565] DEBUG AtomispPipeline atomisp.cpp:1541 Picked 1296x976-SGRBG10_1X10/Unset -> 1296x976-UYVY for max processed stream size 1296x976 and max raw stream size 0x0
[0:02:04.444923089] [3565] DEBUG AtomispPipeline atomisp.cpp:1626 Unspecified color space set to sYCC
[0:02:04.445294484] [3565] DEBUG AtomispPipeline atomisp.cpp:1690 Adjusting bufferCount from 0 to 4
[0:02:04.445738731] [3553] DEBUG AtomispPipeline atomisp.cpp:1436 Largest processed stream size is 1440x1080
[0:02:04.445907897] [3553] DEBUG AtomispPipeline atomisp.cpp:1438 Largest raw stream size is 0x0
[0:02:04.446219741] [3553] DEBUG AtomispPipeline atomisp.cpp:1541 Picked 1296x976-SGRBG10_1X10/Unset -> 1296x976-YUYV for max processed stream size 1440x1080 and max raw stream size 0x0
[0:02:04.446450834] [3553] DEBUG AtomispPipeline atomisp.cpp:1592 Adjusting processed pixel format from RGB565 to YUYV
[0:02:04.446633325] [3553] DEBUG AtomispPipeline atomisp.cpp:1648 Adjusting size from 1440x1080 to 1296x976
[0:02:04.447074734] [3553] DEBUG V4L2Compat v4l2_camera_proxy.cpp:436 [/dev/video1 (fd:205)] vidioc_try_fmt()
[0:02:04.447788549] [3565] DEBUG AtomispPipeline atomisp.cpp:1436 Largest processed stream size is 1296x976
[0:02:04.447981629] [3565] DEBUG AtomispPipeline atomisp.cpp:1438 Largest raw stream size is 0x0
[0:02:04.448297910] [3565] DEBUG AtomispPipeline atomisp.cpp:1541 Picked 1296x976-SGRBG10_1X10/Unset -> 1296x976-UYVY for max processed stream size 1296x976 and max raw stream size 0x0
[0:02:04.448541803] [3565] DEBUG AtomispPipeline atomisp.cpp:1626 Unspecified color space set to sYCC
[0:02:04.448849634] [3565] DEBUG AtomispPipeline atomisp.cpp:1690 Adjusting bufferCount from 0 to 4
[0:02:04.449375171] [3553] DEBUG AtomispPipeline atomisp.cpp:1436 Largest processed stream size is 1920x1080
[0:02:04.449605975] [3553] DEBUG AtomispPipeline atomisp.cpp:1438 Largest raw stream size is 0x0
[0:02:04.449837643] [3553] DEBUG AtomispPipeline atomisp.cpp:1541 Picked 1296x976-SGRBG10_1X10/Unset -> 1296x976-YUYV for max processed stream size 1920x1080 and max raw stream size 0x0
[0:02:04.450182775] [3553] DEBUG AtomispPipeline atomisp.cpp:1592 Adjusting processed pixel format from RGB565 to YUYV
[0:02:04.450373417] [3553] DEBUG AtomispPipeline atomisp.cpp:1648 Adjusting size from 1920x1080 to 1296x976
[0:02:04.450766150] [3553] DEBUG V4L2Compat v4l2_camera_proxy.cpp:436 [/dev/video1 (fd:205)] vidioc_try_fmt()
[0:02:04.451549854] [3565] DEBUG AtomispPipeline atomisp.cpp:1436 Largest processed stream size is 1296x976
[0:02:04.451740008] [3565] DEBUG AtomispPipeline atomisp.cpp:1438 Largest raw stream size is 0x0
[0:02:04.451957613] [3565] DEBUG AtomispPipeline atomisp.cpp:1541 Picked 1296x976-SGRBG10_1X10/Unset -> 1296x976-UYVY for max processed stream size 1296x976 and max raw stream size 0x0
[0:02:04.452304795] [3565] DEBUG AtomispPipeline atomisp.cpp:1626 Unspecified color space set to sYCC
[0:02:04.452603114] [3565] DEBUG AtomispPipeline atomisp.cpp:1690 Adjusting bufferCount from 0 to 4
[0:02:04.453148838] [3553] DEBUG AtomispPipeline atomisp.cpp:1436 Largest processed stream size is 128x96
[0:02:04.453333717] [3553] DEBUG AtomispPipeline atomisp.cpp:1438 Largest raw stream size is 0x0
[0:02:04.453553871] [3553] DEBUG AtomispPipeline atomisp.cpp:1541 Picked 1296x976-SGRBG10_1X10/Unset -> 1296x976-YUYV for max processed stream size 128x96 and max raw stream size 0x0
[0:02:04.453785339] [3553] DEBUG AtomispPipeline atomisp.cpp:1592 Adjusting processed pixel format from ARGB8888 to YUYV
[0:02:04.453975118] [3553] DEBUG AtomispPipeline atomisp.cpp:1648 Adjusting size from 128x96 to 1296x976
[0:02:04.454440678] [3553] DEBUG V4L2Compat v4l2_camera_proxy.cpp:436 [/dev/video1 (fd:205)] vidioc_try_fmt()
[0:02:04.455220819] [3565] DEBUG AtomispPipeline atomisp.cpp:1436 Largest processed stream size is 1296x976
[0:02:04.455426249] [3565] DEBUG AtomispPipeline atomisp.cpp:1438 Largest raw stream size is 0x0
[0:02:04.455647916] [3565] DEBUG AtomispPipeline atomisp.cpp:1541 Picked 1296x976-SGRBG10_1X10/Unset -> 1296x976-UYVY for max processed stream size 1296x976 and max raw stream size 0x0
[0:02:04.455894921] [3565] DEBUG AtomispPipeline atomisp.cpp:1626 Unspecified color space set to sYCC
[0:02:04.456272854] [3565] DEBUG AtomispPipeline atomisp.cpp:1690 Adjusting bufferCount from 0 to 4
[0:02:04.456710338] [3553] DEBUG AtomispPipeline atomisp.cpp:1436 Largest processed stream size is 160x120
[0:02:04.456885079] [3553] DEBUG AtomispPipeline atomisp.cpp:1438 Largest raw stream size is 0x0
[0:02:04.457187198] [3553] DEBUG AtomispPipeline atomisp.cpp:1541 Picked 1296x976-SGRBG10_1X10/Unset -> 1296x976-YUYV for max processed stream size 160x120 and max raw stream size 0x0
[0:02:04.457419191] [3553] DEBUG AtomispPipeline atomisp.cpp:1592 Adjusting processed pixel format from ARGB8888 to YUYV
[0:02:04.457605445] [3553] DEBUG AtomispPipeline atomisp.cpp:1648 Adjusting size from 160x120 to 1296x976
[0:02:04.457990290] [3553] DEBUG V4L2Compat v4l2_camera_proxy.cpp:436 [/dev/video1 (fd:205)] vidioc_try_fmt()
[0:02:04.458791995] [3565] DEBUG AtomispPipeline atomisp.cpp:1436 Largest processed stream size is 1296x976
[0:02:04.458974774] [3565] DEBUG AtomispPipeline atomisp.cpp:1438 Largest raw stream size is 0x0
[0:02:04.459299955] [3565] DEBUG AtomispPipeline atomisp.cpp:1541 Picked 1296x976-SGRBG10_1X10/Unset -> 1296x976-UYVY for max processed stream size 1296x976 and max raw stream size 0x0
[0:02:04.459539523] [3565] DEBUG AtomispPipeline atomisp.cpp:1626 Unspecified color space set to sYCC
[0:02:04.459838654] [3565] DEBUG AtomispPipeline atomisp.cpp:1690 Adjusting bufferCount from 0 to 4
[0:02:04.460353053] [3553] DEBUG AtomispPipeline atomisp.cpp:1436 Largest processed stream size is 176x144
[0:02:04.460525944] [3553] DEBUG AtomispPipeline atomisp.cpp:1438 Largest raw stream size is 0x0
[0:02:04.460799537] [3553] DEBUG AtomispPipeline atomisp.cpp:1541 Picked 1296x976-SGRBG10_1X10/Unset -> 1296x976-YUYV for max processed stream size 176x144 and max raw stream size 0x0
[0:02:04.461109231] [3553] DEBUG AtomispPipeline atomisp.cpp:1592 Adjusting processed pixel format from ARGB8888 to YUYV
[0:02:04.461309223] [3553] DEBUG AtomispPipeline atomisp.cpp:1648 Adjusting size from 176x144 to 1296x976
[0:02:04.461699119] [3553] DEBUG V4L2Compat v4l2_camera_proxy.cpp:436 [/dev/video1 (fd:205)] vidioc_try_fmt()
[0:02:04.462445347] [3565] DEBUG AtomispPipeline atomisp.cpp:1436 Largest processed stream size is 1296x976
[0:02:04.462632913] [3565] DEBUG AtomispPipeline atomisp.cpp:1438 Largest raw stream size is 0x0
[0:02:04.462849618] [3565] DEBUG AtomispPipeline atomisp.cpp:1541 Picked 1296x976-SGRBG10_1X10/Unset -> 1296x976-UYVY for max processed stream size 1296x976 and max raw stream size 0x0
[0:02:04.463169737] [3565] DEBUG AtomispPipeline atomisp.cpp:1626 Unspecified color space set to sYCC
[0:02:04.463476169] [3565] DEBUG AtomispPipeline atomisp.cpp:1690 Adjusting bufferCount from 0 to 4
[0:02:04.463918003] [3553] DEBUG AtomispPipeline atomisp.cpp:1436 Largest processed stream size is 320x240
[0:02:04.464182496] [3553] DEBUG AtomispPipeline atomisp.cpp:1438 Largest raw stream size is 0x0
[0:02:04.464402626] [3553] DEBUG AtomispPipeline atomisp.cpp:1541 Picked 1296x976-SGRBG10_1X10/Unset -> 1296x976-YUYV for max processed stream size 320x240 and max raw stream size 0x0
[0:02:04.464632643] [3553] DEBUG AtomispPipeline atomisp.cpp:1592 Adjusting processed pixel format from ARGB8888 to YUYV
[0:02:04.464819247] [3553] DEBUG AtomispPipeline atomisp.cpp:1648 Adjusting size from 320x240 to 1296x976
[0:02:04.465254881] [3553] DEBUG V4L2Compat v4l2_camera_proxy.cpp:436 [/dev/video1 (fd:205)] vidioc_try_fmt()
[0:02:04.465976709] [3565] DEBUG AtomispPipeline atomisp.cpp:1436 Largest processed stream size is 1296x976
[0:02:04.466278190] [3565] DEBUG AtomispPipeline atomisp.cpp:1438 Largest raw stream size is 0x0
[0:02:04.466499370] [3565] DEBUG AtomispPipeline atomisp.cpp:1541 Picked 1296x976-SGRBG10_1X10/Unset -> 1296x976-UYVY for max processed stream size 1296x976 and max raw stream size 0x0
[0:02:04.466742613] [3565] DEBUG AtomispPipeline atomisp.cpp:1626 Unspecified color space set to sYCC
[0:02:04.467107708] [3565] DEBUG AtomispPipeline atomisp.cpp:1690 Adjusting bufferCount from 0 to 4
[0:02:04.467583531] [3553] DEBUG AtomispPipeline atomisp.cpp:1436 Largest processed stream size is 352x288
[0:02:04.467758209] [3553] DEBUG AtomispPipeline atomisp.cpp:1438 Largest raw stream size is 0x0
[0:02:04.467979239] [3553] DEBUG AtomispPipeline atomisp.cpp:1541 Picked 1296x976-SGRBG10_1X10/Unset -> 1296x976-YUYV for max processed stream size 352x288 and max raw stream size 0x0
[0:02:04.468309233] [3553] DEBUG AtomispPipeline atomisp.cpp:1592 Adjusting processed pixel format from ARGB8888 to YUYV
[0:02:04.468496662] [3553] DEBUG AtomispPipeline atomisp.cpp:1648 Adjusting size from 352x288 to 1296x976
[0:02:04.468886483] [3553] DEBUG V4L2Compat v4l2_camera_proxy.cpp:436 [/dev/video1 (fd:205)] vidioc_try_fmt()
[0:02:04.469673925] [3565] DEBUG AtomispPipeline atomisp.cpp:1436 Largest processed stream size is 1296x976
[0:02:04.469866979] [3565] DEBUG AtomispPipeline atomisp.cpp:1438 Largest raw stream size is 0x0
[0:02:04.470169385] [3565] DEBUG AtomispPipeline atomisp.cpp:1541 Picked 1296x976-SGRBG10_1X10/Unset -> 1296x976-UYVY for max processed stream size 1296x976 and max raw stream size 0x0
[0:02:04.470418441] [3565] DEBUG AtomispPipeline atomisp.cpp:1626 Unspecified color space set to sYCC
[0:02:04.470730960] [3565] DEBUG AtomispPipeline atomisp.cpp:1690 Adjusting bufferCount from 0 to 4
[0:02:04.471218120] [3553] DEBUG AtomispPipeline atomisp.cpp:1436 Largest processed stream size is 640x480
[0:02:04.471393124] [3553] DEBUG AtomispPipeline atomisp.cpp:1438 Largest raw stream size is 0x0
[0:02:04.471616678] [3553] DEBUG AtomispPipeline atomisp.cpp:1541 Picked 1296x976-SGRBG10_1X10/Unset -> 1296x976-YUYV for max processed stream size 640x480 and max raw stream size 0x0
[0:02:04.471891984] [3553] DEBUG AtomispPipeline atomisp.cpp:1592 Adjusting processed pixel format from ARGB8888 to YUYV
[0:02:04.472149140] [3553] DEBUG AtomispPipeline atomisp.cpp:1648 Adjusting size from 640x480 to 1296x976
[0:02:04.472540860] [3553] DEBUG V4L2Compat v4l2_camera_proxy.cpp:436 [/dev/video1 (fd:205)] vidioc_try_fmt()
[0:02:04.473324665] [3565] DEBUG AtomispPipeline atomisp.cpp:1436 Largest processed stream size is 1296x976
[0:02:04.473522819] [3565] DEBUG AtomispPipeline atomisp.cpp:1438 Largest raw stream size is 0x0
[0:02:04.473739936] [3565] DEBUG AtomispPipeline atomisp.cpp:1541 Picked 1296x976-SGRBG10_1X10/Unset -> 1296x976-UYVY for max processed stream size 1296x976 and max raw stream size 0x0
[0:02:04.473981066] [3565] DEBUG AtomispPipeline atomisp.cpp:1626 Unspecified color space set to sYCC
[0:02:04.474380924] [3565] DEBUG AtomispPipeline atomisp.cpp:1690 Adjusting bufferCount from 0 to 4
[0:02:04.474829484] [3553] DEBUG AtomispPipeline atomisp.cpp:1436 Largest processed stream size is 704x576
[0:02:04.475077239] [3553] DEBUG AtomispPipeline atomisp.cpp:1438 Largest raw stream size is 0x0
[0:02:04.475307144] [3553] DEBUG AtomispPipeline atomisp.cpp:1541 Picked 1296x976-SGRBG10_1X10/Unset -> 1296x976-YUYV for max processed stream size 704x576 and max raw stream size 0x0
[0:02:04.475536211] [3553] DEBUG AtomispPipeline atomisp.cpp:1592 Adjusting processed pixel format from ARGB8888 to YUYV
[0:02:04.475721378] [3553] DEBUG AtomispPipeline atomisp.cpp:1648 Adjusting size from 704x576 to 1296x976
[0:02:04.476171187] [3553] DEBUG V4L2Compat v4l2_camera_proxy.cpp:436 [/dev/video1 (fd:205)] vidioc_try_fmt()
[0:02:04.476908115] [3565] DEBUG AtomispPipeline atomisp.cpp:1436 Largest processed stream size is 1296x976
[0:02:04.477196646] [3565] DEBUG AtomispPipeline atomisp.cpp:1438 Largest raw stream size is 0x0
[0:02:04.477419414] [3565] DEBUG AtomispPipeline atomisp.cpp:1541 Picked 1296x976-SGRBG10_1X10/Unset -> 1296x976-UYVY for max processed stream size 1296x976 and max raw stream size 0x0
[0:02:04.477662481] [3565] DEBUG AtomispPipeline atomisp.cpp:1626 Unspecified color space set to sYCC
[0:02:04.477963838] [3565] DEBUG AtomispPipeline atomisp.cpp:1690 Adjusting bufferCount from 0 to 4
[0:02:04.478481149] [3553] DEBUG AtomispPipeline atomisp.cpp:1436 Largest processed stream size is 800x600
[0:02:04.478649640] [3553] DEBUG AtomispPipeline atomisp.cpp:1438 Largest raw stream size is 0x0
[0:02:04.478864319] [3553] DEBUG AtomispPipeline atomisp.cpp:1541 Picked 1296x976-SGRBG10_1X10/Unset -> 1296x976-YUYV for max processed stream size 800x600 and max raw stream size 0x0
[0:02:04.479185801] [3553] DEBUG AtomispPipeline atomisp.cpp:1592 Adjusting processed pixel format from ARGB8888 to YUYV
[0:02:04.479375905] [3553] DEBUG AtomispPipeline atomisp.cpp:1648 Adjusting size from 800x600 to 1296x976
[0:02:04.479751875] [3553] DEBUG V4L2Compat v4l2_camera_proxy.cpp:436 [/dev/video1 (fd:205)] vidioc_try_fmt()
[0:02:04.480493491] [3565] DEBUG AtomispPipeline atomisp.cpp:1436 Largest processed stream size is 1296x976
[0:02:04.480682883] [3565] DEBUG AtomispPipeline atomisp.cpp:1438 Largest raw stream size is 0x0
[0:02:04.480902300] [3565] DEBUG AtomispPipeline atomisp.cpp:1541 Picked 1296x976-SGRBG10_1X10/Unset -> 1296x976-UYVY for max processed stream size 1296x976 and max raw stream size 0x0
[0:02:04.481234094] [3565] DEBUG AtomispPipeline atomisp.cpp:1626 Unspecified color space set to sYCC
[0:02:04.481532551] [3565] DEBUG AtomispPipeline atomisp.cpp:1690 Adjusting bufferCount from 0 to 4
[0:02:04.481948884] [3553] DEBUG AtomispPipeline atomisp.cpp:1436 Largest processed stream size is 960x720
[0:02:04.482185102] [3553] DEBUG AtomispPipeline atomisp.cpp:1438 Largest raw stream size is 0x0
[0:02:04.482399706] [3553] DEBUG AtomispPipeline atomisp.cpp:1541 Picked 1296x976-SGRBG10_1X10/Unset -> 1296x976-YUYV for max processed stream size 960x720 and max raw stream size 0x0
[0:02:04.482634261] [3553] DEBUG AtomispPipeline atomisp.cpp:1592 Adjusting processed pixel format from ARGB8888 to YUYV
[0:02:04.482872141] [3553] DEBUG AtomispPipeline atomisp.cpp:1648 Adjusting size from 960x720 to 1296x976
[0:02:04.483319476] [3553] DEBUG V4L2Compat v4l2_camera_proxy.cpp:436 [/dev/video1 (fd:205)] vidioc_try_fmt()
[0:02:04.484229208] [3565] DEBUG AtomispPipeline atomisp.cpp:1436 Largest processed stream size is 1296x976
[0:02:04.484461675] [3565] DEBUG AtomispPipeline atomisp.cpp:1438 Largest raw stream size is 0x0
[0:02:04.484699505] [3565] DEBUG AtomispPipeline atomisp.cpp:1541 Picked 1296x976-SGRBG10_1X10/Unset -> 1296x976-UYVY for max processed stream size 1296x976 and max raw stream size 0x0
[0:02:04.484948423] [3565] DEBUG AtomispPipeline atomisp.cpp:1626 Unspecified color space set to sYCC
[0:02:04.485351706] [3565] DEBUG AtomispPipeline atomisp.cpp:1690 Adjusting bufferCount from 0 to 4
[0:02:04.485856842] [3553] DEBUG AtomispPipeline atomisp.cpp:1436 Largest processed stream size is 1280x720
[0:02:04.486138223] [3553] DEBUG AtomispPipeline atomisp.cpp:1438 Largest raw stream size is 0x0
[0:02:04.486374103] [3553] DEBUG AtomispPipeline atomisp.cpp:1541 Picked 1296x976-SGRBG10_1X10/Unset -> 1296x976-YUYV for max processed stream size 1280x720 and max raw stream size 0x0
[0:02:04.486612821] [3553] DEBUG AtomispPipeline atomisp.cpp:1592 Adjusting processed pixel format from ARGB8888 to YUYV
[0:02:04.486849338] [3553] DEBUG AtomispPipeline atomisp.cpp:1648 Adjusting size from 1280x720 to 1296x976
[0:02:04.487404600] [3553] DEBUG V4L2Compat v4l2_camera_proxy.cpp:436 [/dev/video1 (fd:205)] vidioc_try_fmt()
[0:02:04.488415321] [3565] DEBUG AtomispPipeline atomisp.cpp:1436 Largest processed stream size is 1296x976
[0:02:04.488656214] [3565] DEBUG AtomispPipeline atomisp.cpp:1438 Largest raw stream size is 0x0
[0:02:04.488899344] [3565] DEBUG AtomispPipeline atomisp.cpp:1541 Picked 1296x976-SGRBG10_1X10/Unset -> 1296x976-UYVY for max processed stream size 1296x976 and max raw stream size 0x0
[0:02:04.489233001] [3565] DEBUG AtomispPipeline atomisp.cpp:1626 Unspecified color space set to sYCC
[0:02:04.489641522] [3565] DEBUG AtomispPipeline atomisp.cpp:1690 Adjusting bufferCount from 0 to 4
[0:02:04.490625255] [3553] DEBUG AtomispPipeline atomisp.cpp:1436 Largest processed stream size is 1024x768
[0:02:04.490853848] [3553] DEBUG AtomispPipeline atomisp.cpp:1438 Largest raw stream size is 0x0
[0:02:04.491150279] [3553] DEBUG AtomispPipeline atomisp.cpp:1541 Picked 1296x976-SGRBG10_1X10/Unset -> 1296x976-YUYV for max processed stream size 1024x768 and max raw stream size 0x0
[0:02:04.491398559] [3553] DEBUG AtomispPipeline atomisp.cpp:1592 Adjusting processed pixel format from ARGB8888 to YUYV
[0:02:04.491595838] [3553] DEBUG AtomispPipeline atomisp.cpp:1648 Adjusting size from 1024x768 to 1296x976
[0:02:04.492117437] [3553] DEBUG V4L2Compat v4l2_camera_proxy.cpp:436 [/dev/video1 (fd:205)] vidioc_try_fmt()
[0:02:04.493491716] [3565] DEBUG AtomispPipeline atomisp.cpp:1436 Largest processed stream size is 1296x976
[0:02:04.493753759] [3565] DEBUG AtomispPipeline atomisp.cpp:1438 Largest raw stream size is 0x0
[0:02:04.493991127] [3565] DEBUG AtomispPipeline atomisp.cpp:1541 Picked 1296x976-SGRBG10_1X10/Unset -> 1296x976-UYVY for max processed stream size 1296x976 and max raw stream size 0x0
[0:02:04.494343872] [3565] DEBUG AtomispPipeline atomisp.cpp:1626 Unspecified color space set to sYCC
[0:02:04.494699892] [3565] DEBUG AtomispPipeline atomisp.cpp:1690 Adjusting bufferCount from 0 to 4
[0:02:04.495278391] [3553] DEBUG AtomispPipeline atomisp.cpp:1436 Largest processed stream size is 1440x1080
[0:02:04.495482483] [3553] DEBUG AtomispPipeline atomisp.cpp:1438 Largest raw stream size is 0x0
[0:02:04.495716263] [3553] DEBUG AtomispPipeline atomisp.cpp:1541 Picked 1296x976-SGRBG10_1X10/Unset -> 1296x976-YUYV for max processed stream size 1440x1080 and max raw stream size 0x0
[0:02:04.495956731] [3553] DEBUG AtomispPipeline atomisp.cpp:1592 Adjusting processed pixel format from ARGB8888 to YUYV
[0:02:04.496234549] [3553] DEBUG AtomispPipeline atomisp.cpp:1648 Adjusting size from 1440x1080 to 1296x976
[0:02:04.496678221] [3553] DEBUG V4L2Compat v4l2_camera_proxy.cpp:436 [/dev/video1 (fd:205)] vidioc_try_fmt()
[0:02:04.499151911] [3565] DEBUG AtomispPipeline atomisp.cpp:1436 Largest processed stream size is 1296x976
[0:02:04.499400628] [3565] DEBUG AtomispPipeline atomisp.cpp:1438 Largest raw stream size is 0x0
[0:02:04.499646709] [3565] DEBUG AtomispPipeline atomisp.cpp:1541 Picked 1296x976-SGRBG10_1X10/Unset -> 1296x976-UYVY for max processed stream size 1296x976 and max raw stream size 0x0
[0:02:04.501452372] [3565] DEBUG AtomispPipeline atomisp.cpp:1626 Unspecified color space set to sYCC
[0:02:04.501882856] [3565] DEBUG AtomispPipeline atomisp.cpp:1690 Adjusting bufferCount from 0 to 4
[0:02:04.503819009] [3553] DEBUG AtomispPipeline atomisp.cpp:1436 Largest processed stream size is 1920x1080
[0:02:04.504127228] [3553] DEBUG AtomispPipeline atomisp.cpp:1438 Largest raw stream size is 0x0
[0:02:04.504402147] [3553] DEBUG AtomispPipeline atomisp.cpp:1541 Picked 1296x976-SGRBG10_1X10/Unset -> 1296x976-YUYV for max processed stream size 1920x1080 and max raw stream size 0x0
[0:02:04.504661977] [3553] DEBUG AtomispPipeline atomisp.cpp:1592 Adjusting processed pixel format from ARGB8888 to YUYV
[0:02:04.504866157] [3553] DEBUG AtomispPipeline atomisp.cpp:1648 Adjusting size from 1920x1080 to 1296x976
[0:02:04.505398568] [3553] DEBUG V4L2Compat v4l2_camera_proxy.cpp:436 [/dev/video1 (fd:205)] vidioc_try_fmt()
[0:02:04.506353501] [3565] DEBUG AtomispPipeline atomisp.cpp:1436 Largest processed stream size is 1296x976
[0:02:04.506592581] [3565] DEBUG AtomispPipeline atomisp.cpp:1438 Largest raw stream size is 0x0
[0:02:04.506826711] [3565] DEBUG AtomispPipeline atomisp.cpp:1541 Picked 1296x976-SGRBG10_1X10/Unset -> 1296x976-UYVY for max processed stream size 1296x976 and max raw stream size 0x0
[0:02:04.507240757] [3565] DEBUG AtomispPipeline atomisp.cpp:1626 Unspecified color space set to sYCC
[0:02:04.507598164] [3565] DEBUG AtomispPipeline atomisp.cpp:1690 Adjusting bufferCount from 0 to 4
[0:02:04.509464416] [3553] DEBUG AtomispPipeline atomisp.cpp:1436 Largest processed stream size is 128x96
[0:02:04.509699671] [3553] DEBUG AtomispPipeline atomisp.cpp:1438 Largest raw stream size is 0x0
[0:02:04.509959402] [3553] DEBUG AtomispPipeline atomisp.cpp:1541 Picked 1296x976-SGRBG10_1X10/Unset -> 1296x976-YUYV for max processed stream size 128x96 and max raw stream size 0x0
[0:02:04.510295321] [3553] DEBUG AtomispPipeline atomisp.cpp:1592 Adjusting processed pixel format from BGRA8888 to YUYV
[0:02:04.510498501] [3553] DEBUG AtomispPipeline atomisp.cpp:1648 Adjusting size from 128x96 to 1296x976
[0:02:04.511175852] [3553] DEBUG V4L2Compat v4l2_camera_proxy.cpp:436 [/dev/video1 (fd:205)] vidioc_try_fmt()
[0:02:04.512391678] [3565] DEBUG AtomispPipeline atomisp.cpp:1436 Largest processed stream size is 1296x976
[0:02:04.512648834] [3565] DEBUG AtomispPipeline atomisp.cpp:1438 Largest raw stream size is 0x0
[0:02:04.512885139] [3565] DEBUG AtomispPipeline atomisp.cpp:1541 Picked 1296x976-SGRBG10_1X10/Unset -> 1296x976-UYVY for max processed stream size 1296x976 and max raw stream size 0x0
[0:02:04.513237771] [3565] DEBUG AtomispPipeline atomisp.cpp:1626 Unspecified color space set to sYCC
[0:02:04.513603379] [3565] DEBUG AtomispPipeline atomisp.cpp:1690 Adjusting bufferCount from 0 to 4
[0:02:04.514214092] [3553] DEBUG AtomispPipeline atomisp.cpp:1436 Largest processed stream size is 160x120
[0:02:04.514423896] [3553] DEBUG AtomispPipeline atomisp.cpp:1438 Largest raw stream size is 0x0
[0:02:04.514663926] [3553] DEBUG AtomispPipeline atomisp.cpp:1541 Picked 1296x976-SGRBG10_1X10/Unset -> 1296x976-YUYV for max processed stream size 160x120 and max raw stream size 0x0
[0:02:04.514895031] [3553] DEBUG AtomispPipeline atomisp.cpp:1592 Adjusting processed pixel format from BGRA8888 to YUYV
[0:02:04.515161674] [3553] DEBUG AtomispPipeline atomisp.cpp:1648 Adjusting size from 160x120 to 1296x976
[0:02:04.515599284] [3553] DEBUG V4L2Compat v4l2_camera_proxy.cpp:436 [/dev/video1 (fd:205)] vidioc_try_fmt()
[0:02:04.516610967] [3565] DEBUG AtomispPipeline atomisp.cpp:1436 Largest processed stream size is 1296x976
[0:02:04.516887348] [3565] DEBUG AtomispPipeline atomisp.cpp:1438 Largest raw stream size is 0x0
[0:02:04.517179267] [3565] DEBUG AtomispPipeline atomisp.cpp:1541 Picked 1296x976-SGRBG10_1X10/Unset -> 1296x976-UYVY for max processed stream size 1296x976 and max raw stream size 0x0
[0:02:04.517540900] [3565] DEBUG AtomispPipeline atomisp.cpp:1626 Unspecified color space set to sYCC
[0:02:04.517866431] [3565] DEBUG AtomispPipeline atomisp.cpp:1690 Adjusting bufferCount from 0 to 4
[0:02:04.518425506] [3553] DEBUG AtomispPipeline atomisp.cpp:1436 Largest processed stream size is 176x144
[0:02:04.518661948] [3553] DEBUG AtomispPipeline atomisp.cpp:1438 Largest raw stream size is 0x0
[0:02:04.518911629] [3553] DEBUG AtomispPipeline atomisp.cpp:1541 Picked 1296x976-SGRBG10_1X10/Unset -> 1296x976-YUYV for max processed stream size 176x144 and max raw stream size 0x0
[0:02:04.519227798] [3553] DEBUG AtomispPipeline atomisp.cpp:1592 Adjusting processed pixel format from BGRA8888 to YUYV
[0:02:04.519421002] [3553] DEBUG AtomispPipeline atomisp.cpp:1648 Adjusting size from 176x144 to 1296x976
[0:02:04.519867711] [3553] DEBUG V4L2Compat v4l2_camera_proxy.cpp:436 [/dev/video1 (fd:205)] vidioc_try_fmt()
[0:02:04.520758655] [3565] DEBUG AtomispPipeline atomisp.cpp:1436 Largest processed stream size is 1296x976
[0:02:04.520954772] [3565] DEBUG AtomispPipeline atomisp.cpp:1438 Largest raw stream size is 0x0
[0:02:04.521293929] [3565] DEBUG AtomispPipeline atomisp.cpp:1541 Picked 1296x976-SGRBG10_1X10/Unset -> 1296x976-UYVY for max processed stream size 1296x976 and max raw stream size 0x0
[0:02:04.521524434] [3565] DEBUG AtomispPipeline atomisp.cpp:1626 Unspecified color space set to sYCC
[0:02:04.521785177] [3565] DEBUG AtomispPipeline atomisp.cpp:1690 Adjusting bufferCount from 0 to 4
[0:02:04.522264162] [3553] DEBUG AtomispPipeline atomisp.cpp:1436 Largest processed stream size is 320x240
[0:02:04.522443978] [3553] DEBUG AtomispPipeline atomisp.cpp:1438 Largest raw stream size is 0x0
[0:02:04.522668083] [3553] DEBUG AtomispPipeline atomisp.cpp:1541 Picked 1296x976-SGRBG10_1X10/Unset -> 1296x976-YUYV for max processed stream size 320x240 and max raw stream size 0x0
[0:02:04.522894775] [3553] DEBUG AtomispPipeline atomisp.cpp:1592 Adjusting processed pixel format from BGRA8888 to YUYV
[0:02:04.523162706] [3553] DEBUG AtomispPipeline atomisp.cpp:1648 Adjusting size from 320x240 to 1296x976
[0:02:04.523551577] [3553] DEBUG V4L2Compat v4l2_camera_proxy.cpp:436 [/dev/video1 (fd:205)] vidioc_try_fmt()
[0:02:04.524314468] [3565] DEBUG AtomispPipeline atomisp.cpp:1436 Largest processed stream size is 1296x976
[0:02:04.524511972] [3565] DEBUG AtomispPipeline atomisp.cpp:1438 Largest raw stream size is 0x0
[0:02:04.524731639] [3565] DEBUG AtomispPipeline atomisp.cpp:1541 Picked 1296x976-SGRBG10_1X10/Unset -> 1296x976-UYVY for max processed stream size 1296x976 and max raw stream size 0x0
[0:02:04.524978619] [3565] DEBUG AtomispPipeline atomisp.cpp:1626 Unspecified color space set to sYCC
[0:02:04.525349940] [3565] DEBUG AtomispPipeline atomisp.cpp:1690 Adjusting bufferCount from 0 to 4
[0:02:04.525776036] [3553] DEBUG AtomispPipeline atomisp.cpp:1436 Largest processed stream size is 352x288
[0:02:04.525957990] [3553] DEBUG AtomispPipeline atomisp.cpp:1438 Largest raw stream size is 0x0
[0:02:04.526268984] [3553] DEBUG AtomispPipeline atomisp.cpp:1541 Picked 1296x976-SGRBG10_1X10/Unset -> 1296x976-YUYV for max processed stream size 352x288 and max raw stream size 0x0
[0:02:04.526501852] [3553] DEBUG AtomispPipeline atomisp.cpp:1592 Adjusting processed pixel format from BGRA8888 to YUYV
[0:02:04.526691768] [3553] DEBUG AtomispPipeline atomisp.cpp:1648 Adjusting size from 352x288 to 1296x976
[0:02:04.527183166] [3553] DEBUG V4L2Compat v4l2_camera_proxy.cpp:436 [/dev/video1 (fd:205)] vidioc_try_fmt()
[0:02:04.527959595] [3565] DEBUG AtomispPipeline atomisp.cpp:1436 Largest processed stream size is 1296x976
[0:02:04.528241951] [3565] DEBUG AtomispPipeline atomisp.cpp:1438 Largest raw stream size is 0x0
[0:02:04.528520844] [3565] DEBUG AtomispPipeline atomisp.cpp:1541 Picked 1296x976-SGRBG10_1X10/Unset -> 1296x976-UYVY for max processed stream size 1296x976 and max raw stream size 0x0
[0:02:04.528766774] [3565] DEBUG AtomispPipeline atomisp.cpp:1626 Unspecified color space set to sYCC
[0:02:04.529128670] [3565] DEBUG AtomispPipeline atomisp.cpp:1690 Adjusting bufferCount from 0 to 4
[0:02:04.529820197] [3553] DEBUG AtomispPipeline atomisp.cpp:1436 Largest processed stream size is 640x480
[0:02:04.529999888] [3553] DEBUG AtomispPipeline atomisp.cpp:1438 Largest raw stream size is 0x0
[0:02:04.530275556] [3553] DEBUG AtomispPipeline atomisp.cpp:1541 Picked 1296x976-SGRBG10_1X10/Unset -> 1296x976-YUYV for max processed stream size 640x480 and max raw stream size 0x0
[0:02:04.530459223] [3553] DEBUG AtomispPipeline atomisp.cpp:1592 Adjusting processed pixel format from BGRA8888 to YUYV
[0:02:04.530605263] [3553] DEBUG AtomispPipeline atomisp.cpp:1648 Adjusting size from 640x480 to 1296x976
[0:02:04.530982259] [3553] DEBUG V4L2Compat v4l2_camera_proxy.cpp:436 [/dev/video1 (fd:205)] vidioc_try_fmt()
[0:02:04.531762725] [3565] DEBUG AtomispPipeline atomisp.cpp:1436 Largest processed stream size is 1296x976
[0:02:04.531951679] [3565] DEBUG AtomispPipeline atomisp.cpp:1438 Largest raw stream size is 0x0
[0:02:04.532248348] [3565] DEBUG AtomispPipeline atomisp.cpp:1541 Picked 1296x976-SGRBG10_1X10/Unset -> 1296x976-UYVY for max processed stream size 1296x976 and max raw stream size 0x0
[0:02:04.532486691] [3565] DEBUG AtomispPipeline atomisp.cpp:1626 Unspecified color space set to sYCC
[0:02:04.532785359] [3565] DEBUG AtomispPipeline atomisp.cpp:1690 Adjusting bufferCount from 0 to 4
[0:02:04.533321633] [3553] DEBUG AtomispPipeline atomisp.cpp:1436 Largest processed stream size is 704x576
[0:02:04.533615502] [3553] DEBUG AtomispPipeline atomisp.cpp:1438 Largest raw stream size is 0x0
[0:02:04.533859332] [3553] DEBUG AtomispPipeline atomisp.cpp:1541 Picked 1296x976-SGRBG10_1X10/Unset -> 1296x976-YUYV for max processed stream size 704x576 and max raw stream size 0x0
[0:02:04.534178051] [3553] DEBUG AtomispPipeline atomisp.cpp:1592 Adjusting processed pixel format from BGRA8888 to YUYV
[0:02:04.534379068] [3553] DEBUG AtomispPipeline atomisp.cpp:1648 Adjusting size from 704x576 to 1296x976
[0:02:04.534837515] [3553] DEBUG V4L2Compat v4l2_camera_proxy.cpp:436 [/dev/video1 (fd:205)] vidioc_try_fmt()
[0:02:04.535608569] [3565] DEBUG AtomispPipeline atomisp.cpp:1436 Largest processed stream size is 1296x976
[0:02:04.535788298] [3565] DEBUG AtomispPipeline atomisp.cpp:1438 Largest raw stream size is 0x0
[0:02:04.535999077] [3565] DEBUG AtomispPipeline atomisp.cpp:1541 Picked 1296x976-SGRBG10_1X10/Unset -> 1296x976-UYVY for max processed stream size 1296x976 and max raw stream size 0x0
[0:02:04.536303934] [3565] DEBUG AtomispPipeline atomisp.cpp:1626 Unspecified color space set to sYCC
[0:02:04.536589702] [3565] DEBUG AtomispPipeline atomisp.cpp:1690 Adjusting bufferCount from 0 to 4
[0:02:04.537144789] [3553] DEBUG AtomispPipeline atomisp.cpp:1436 Largest processed stream size is 800x600
[0:02:04.537349419] [3553] DEBUG AtomispPipeline atomisp.cpp:1438 Largest raw stream size is 0x0
[0:02:04.537582011] [3553] DEBUG AtomispPipeline atomisp.cpp:1541 Picked 1296x976-SGRBG10_1X10/Unset -> 1296x976-YUYV for max processed stream size 800x600 and max raw stream size 0x0
[0:02:04.537814653] [3553] DEBUG AtomispPipeline atomisp.cpp:1592 Adjusting processed pixel format from BGRA8888 to YUYV
[0:02:04.538073384] [3553] DEBUG AtomispPipeline atomisp.cpp:1648 Adjusting size from 800x600 to 1296x976
[0:02:04.538514456] [3553] DEBUG V4L2Compat v4l2_camera_proxy.cpp:436 [/dev/video1 (fd:205)] vidioc_try_fmt()
[0:02:04.539293610] [3565] DEBUG AtomispPipeline atomisp.cpp:1436 Largest processed stream size is 1296x976
[0:02:04.539491939] [3565] DEBUG AtomispPipeline atomisp.cpp:1438 Largest raw stream size is 0x0
[0:02:04.539706931] [3565] DEBUG AtomispPipeline atomisp.cpp:1541 Picked 1296x976-SGRBG10_1X10/Unset -> 1296x976-UYVY for max processed stream size 1296x976 and max raw stream size 0x0
[0:02:04.539992549] [3565] DEBUG AtomispPipeline atomisp.cpp:1626 Unspecified color space set to sYCC
[0:02:04.540363032] [3565] DEBUG AtomispPipeline atomisp.cpp:1690 Adjusting bufferCount from 0 to 4
[0:02:04.540838430] [3553] DEBUG AtomispPipeline atomisp.cpp:1436 Largest processed stream size is 960x720
[0:02:04.541215263] [3553] DEBUG AtomispPipeline atomisp.cpp:1438 Largest raw stream size is 0x0
[0:02:04.541458730] [3553] DEBUG AtomispPipeline atomisp.cpp:1541 Picked 1296x976-SGRBG10_1X10/Unset -> 1296x976-YUYV for max processed stream size 960x720 and max raw stream size 0x0
[0:02:04.541695173] [3553] DEBUG AtomispPipeline atomisp.cpp:1592 Adjusting processed pixel format from BGRA8888 to YUYV
[0:02:04.541891415] [3553] DEBUG AtomispPipeline atomisp.cpp:1648 Adjusting size from 960x720 to 1296x976
[0:02:04.542391300] [3553] DEBUG V4L2Compat v4l2_camera_proxy.cpp:436 [/dev/video1 (fd:205)] vidioc_try_fmt()
[0:02:04.543148116] [3565] DEBUG AtomispPipeline atomisp.cpp:1436 Largest processed stream size is 1296x976
[0:02:04.543328570] [3565] DEBUG AtomispPipeline atomisp.cpp:1438 Largest raw stream size is 0x0
[0:02:04.543544475] [3565] DEBUG AtomispPipeline atomisp.cpp:1541 Picked 1296x976-SGRBG10_1X10/Unset -> 1296x976-UYVY for max processed stream size 1296x976 and max raw stream size 0x0
[0:02:04.543772192] [3565] DEBUG AtomispPipeline atomisp.cpp:1626 Unspecified color space set to sYCC
[0:02:04.544111649] [3565] DEBUG AtomispPipeline atomisp.cpp:1690 Adjusting bufferCount from 0 to 4
[0:02:04.544593547] [3553] DEBUG AtomispPipeline atomisp.cpp:1436 Largest processed stream size is 1280x720
[0:02:04.544789551] [3553] DEBUG AtomispPipeline atomisp.cpp:1438 Largest raw stream size is 0x0
[0:02:04.545109020] [3553] DEBUG AtomispPipeline atomisp.cpp:1541 Picked 1296x976-SGRBG10_1X10/Unset -> 1296x976-YUYV for max processed stream size 1280x720 and max raw stream size 0x0
[0:02:04.545354388] [3553] DEBUG AtomispPipeline atomisp.cpp:1592 Adjusting processed pixel format from BGRA8888 to YUYV
[0:02:04.545545117] [3553] DEBUG AtomispPipeline atomisp.cpp:1648 Adjusting size from 1280x720 to 1296x976
[0:02:04.545987576] [3553] DEBUG V4L2Compat v4l2_camera_proxy.cpp:436 [/dev/video1 (fd:205)] vidioc_try_fmt()
[0:02:04.547252565] [3565] DEBUG AtomispPipeline atomisp.cpp:1436 Largest processed stream size is 1296x976
[0:02:04.547372493] [3565] DEBUG AtomispPipeline atomisp.cpp:1438 Largest raw stream size is 0x0
[0:02:04.547453720] [3565] DEBUG AtomispPipeline atomisp.cpp:1541 Picked 1296x976-SGRBG10_1X10/Unset -> 1296x976-UYVY for max processed stream size 1296x976 and max raw stream size 0x0
[0:02:04.547543709] [3565] DEBUG AtomispPipeline atomisp.cpp:1626 Unspecified color space set to sYCC
[0:02:04.547691950] [3565] DEBUG AtomispPipeline atomisp.cpp:1690 Adjusting bufferCount from 0 to 4
[0:02:04.548074883] [3553] DEBUG AtomispPipeline atomisp.cpp:1436 Largest processed stream size is 1024x768
[0:02:04.548241436] [3553] DEBUG AtomispPipeline atomisp.cpp:1438 Largest raw stream size is 0x0
[0:02:04.548466041] [3553] DEBUG AtomispPipeline atomisp.cpp:1541 Picked 1296x976-SGRBG10_1X10/Unset -> 1296x976-YUYV for max processed stream size 1024x768 and max raw stream size 0x0
[0:02:04.548689133] [3553] DEBUG AtomispPipeline atomisp.cpp:1592 Adjusting processed pixel format from BGRA8888 to YUYV
[0:02:04.548877612] [3553] DEBUG AtomispPipeline atomisp.cpp:1648 Adjusting size from 1024x768 to 1296x976
[0:02:04.549309246] [3553] DEBUG V4L2Compat v4l2_camera_proxy.cpp:436 [/dev/video1 (fd:205)] vidioc_try_fmt()
[0:02:04.550286167] [3565] DEBUG AtomispPipeline atomisp.cpp:1436 Largest processed stream size is 1296x976
[0:02:04.550532722] [3565] DEBUG AtomispPipeline atomisp.cpp:1438 Largest raw stream size is 0x0
[0:02:04.550761077] [3565] DEBUG AtomispPipeline atomisp.cpp:1541 Picked 1296x976-SGRBG10_1X10/Unset -> 1296x976-UYVY for max processed stream size 1296x976 and max raw stream size 0x0
[0:02:04.551093722] [3565] DEBUG AtomispPipeline atomisp.cpp:1626 Unspecified color space set to sYCC
[0:02:04.551515793] [3565] DEBUG AtomispPipeline atomisp.cpp:1690 Adjusting bufferCount from 0 to 4
[0:02:04.551987578] [3553] DEBUG AtomispPipeline atomisp.cpp:1436 Largest processed stream size is 1440x1080
[0:02:04.552212858] [3553] DEBUG AtomispPipeline atomisp.cpp:1438 Largest raw stream size is 0x0
[0:02:04.552431175] [3553] DEBUG AtomispPipeline atomisp.cpp:1541 Picked 1296x976-SGRBG10_1X10/Unset -> 1296x976-YUYV for max processed stream size 1440x1080 and max raw stream size 0x0
[0:02:04.552989874] [3553] DEBUG AtomispPipeline atomisp.cpp:1592 Adjusting processed pixel format from BGRA8888 to YUYV
[0:02:04.553253542] [3553] DEBUG AtomispPipeline atomisp.cpp:1648 Adjusting size from 1440x1080 to 1296x976
[0:02:04.553682876] [3553] DEBUG V4L2Compat v4l2_camera_proxy.cpp:436 [/dev/video1 (fd:205)] vidioc_try_fmt()
[0:02:04.554782887] [3565] DEBUG AtomispPipeline atomisp.cpp:1436 Largest processed stream size is 1296x976
[0:02:04.555069018] [3565] DEBUG AtomispPipeline atomisp.cpp:1438 Largest raw stream size is 0x0
[0:02:04.555156783] [3565] DEBUG AtomispPipeline atomisp.cpp:1541 Picked 1296x976-SGRBG10_1X10/Unset -> 1296x976-UYVY for max processed stream size 1296x976 and max raw stream size 0x0
[0:02:04.555253572] [3565] DEBUG AtomispPipeline atomisp.cpp:1626 Unspecified color space set to sYCC
[0:02:04.555411675] [3565] DEBUG AtomispPipeline atomisp.cpp:1690 Adjusting bufferCount from 0 to 4
[0:02:04.555837609] [3553] DEBUG AtomispPipeline atomisp.cpp:1436 Largest processed stream size is 1920x1080
[0:02:04.556056202] [3553] DEBUG AtomispPipeline atomisp.cpp:1438 Largest raw stream size is 0x0
[0:02:04.556290582] [3553] DEBUG AtomispPipeline atomisp.cpp:1541 Picked 1296x976-SGRBG10_1X10/Unset -> 1296x976-YUYV for max processed stream size 1920x1080 and max raw stream size 0x0
[0:02:04.556516999] [3553] DEBUG AtomispPipeline atomisp.cpp:1592 Adjusting processed pixel format from BGRA8888 to YUYV
[0:02:04.556707115] [3553] DEBUG AtomispPipeline atomisp.cpp:1648 Adjusting size from 1920x1080 to 1296x976
[0:02:04.557185138] [3553] DEBUG V4L2Compat v4l2_camera_proxy.cpp:436 [/dev/video1 (fd:205)] vidioc_try_fmt()
[0:02:04.558179121] [3565] DEBUG AtomispPipeline atomisp.cpp:1436 Largest processed stream size is 1296x976
[0:02:04.558420877] [3565] DEBUG AtomispPipeline atomisp.cpp:1438 Largest raw stream size is 0x0
[0:02:04.558659632] [3565] DEBUG AtomispPipeline atomisp.cpp:1541 Picked 1296x976-SGRBG10_1X10/Unset -> 1296x976-UYVY for max processed stream size 1296x976 and max raw stream size 0x0
[0:02:04.558913587] [3565] DEBUG AtomispPipeline atomisp.cpp:1626 Unspecified color space set to sYCC
[0:02:04.559278870] [3565] DEBUG AtomispPipeline atomisp.cpp:1690 Adjusting bufferCount from 0 to 4
[0:02:04.559789193] [3553] DEBUG AtomispPipeline atomisp.cpp:1436 Largest processed stream size is 128x96
[0:02:04.560055399] [3553] DEBUG AtomispPipeline atomisp.cpp:1438 Largest raw stream size is 0x0
[0:02:04.560304366] [3553] DEBUG AtomispPipeline atomisp.cpp:1541 Picked 1296x976-SGRBG10_1X10/Unset -> 1296x976-YUYV for max processed stream size 128x96 and max raw stream size 0x0
[0:02:04.560538584] [3553] DEBUG AtomispPipeline atomisp.cpp:1592 Adjusting processed pixel format from ABGR8888 to YUYV
[0:02:04.560731663] [3553] DEBUG AtomispPipeline atomisp.cpp:1648 Adjusting size from 128x96 to 1296x976
[0:02:04.561253612] [3553] DEBUG V4L2Compat v4l2_camera_proxy.cpp:436 [/dev/video1 (fd:205)] vidioc_try_fmt()
[0:02:04.562216919] [3565] DEBUG AtomispPipeline atomisp.cpp:1436 Largest processed stream size is 1296x976
[0:02:04.562435649] [3565] DEBUG AtomispPipeline atomisp.cpp:1438 Largest raw stream size is 0x0
[0:02:04.562636978] [3565] DEBUG AtomispPipeline atomisp.cpp:1541 Picked 1296x976-SGRBG10_1X10/Unset -> 1296x976-UYVY for max processed stream size 1296x976 and max raw stream size 0x0
[0:02:04.562875796] [3565] DEBUG AtomispPipeline atomisp.cpp:1626 Unspecified color space set to sYCC
[0:02:04.563252916] [3565] DEBUG AtomispPipeline atomisp.cpp:1690 Adjusting bufferCount from 0 to 4
[0:02:04.563720076] [3553] DEBUG AtomispPipeline atomisp.cpp:1436 Largest processed stream size is 160x120
[0:02:04.563952569] [3553] DEBUG AtomispPipeline atomisp.cpp:1438 Largest raw stream size is 0x0
[0:02:04.564258675] [3553] DEBUG AtomispPipeline atomisp.cpp:1541 Picked 1296x976-SGRBG10_1X10/Unset -> 1296x976-YUYV for max processed stream size 160x120 and max raw stream size 0x0
[0:02:04.564494205] [3553] DEBUG AtomispPipeline atomisp.cpp:1592 Adjusting processed pixel format from ABGR8888 to YUYV
[0:02:04.564686759] [3553] DEBUG AtomispPipeline atomisp.cpp:1648 Adjusting size from 160x120 to 1296x976
[0:02:04.565191707] [3553] DEBUG V4L2Compat v4l2_camera_proxy.cpp:436 [/dev/video1 (fd:205)] vidioc_try_fmt()
[0:02:04.566073413] [3565] DEBUG AtomispPipeline atomisp.cpp:1436 Largest processed stream size is 1296x976
[0:02:04.566294518] [3565] DEBUG AtomispPipeline atomisp.cpp:1438 Largest raw stream size is 0x0
[0:02:04.566538623] [3565] DEBUG AtomispPipeline atomisp.cpp:1541 Picked 1296x976-SGRBG10_1X10/Unset -> 1296x976-UYVY for max processed stream size 1296x976 and max raw stream size 0x0
[0:02:04.566792316] [3565] DEBUG AtomispPipeline atomisp.cpp:1626 Unspecified color space set to sYCC
[0:02:04.567180162] [3565] DEBUG AtomispPipeline atomisp.cpp:1690 Adjusting bufferCount from 0 to 4
[0:02:04.567639034] [3553] DEBUG AtomispPipeline atomisp.cpp:1436 Largest processed stream size is 176x144
[0:02:04.567817063] [3553] DEBUG AtomispPipeline atomisp.cpp:1438 Largest raw stream size is 0x0
[0:02:04.568116394] [3553] DEBUG AtomispPipeline atomisp.cpp:1541 Picked 1296x976-SGRBG10_1X10/Unset -> 1296x976-YUYV for max processed stream size 176x144 and max raw stream size 0x0
[0:02:04.568357337] [3553] DEBUG AtomispPipeline atomisp.cpp:1592 Adjusting processed pixel format from ABGR8888 to YUYV
[0:02:04.568547316] [3553] DEBUG AtomispPipeline atomisp.cpp:1648 Adjusting size from 176x144 to 1296x976
[0:02:04.568924811] [3553] DEBUG V4L2Compat v4l2_camera_proxy.cpp:436 [/dev/video1 (fd:205)] vidioc_try_fmt()
[0:02:04.569736303] [3565] DEBUG AtomispPipeline atomisp.cpp:1436 Largest processed stream size is 1296x976
[0:02:04.569937220] [3565] DEBUG AtomispPipeline atomisp.cpp:1438 Largest raw stream size is 0x0
[0:02:04.570266715] [3565] DEBUG AtomispPipeline atomisp.cpp:1541 Picked 1296x976-SGRBG10_1X10/Unset -> 1296x976-UYVY for max processed stream size 1296x976 and max raw stream size 0x0
[0:02:04.570511982] [3565] DEBUG AtomispPipeline atomisp.cpp:1626 Unspecified color space set to sYCC
[0:02:04.570812089] [3565] DEBUG AtomispPipeline atomisp.cpp:1690 Adjusting bufferCount from 0 to 4
[0:02:04.571332150] [3553] DEBUG AtomispPipeline atomisp.cpp:1436 Largest processed stream size is 320x240
[0:02:04.571506291] [3553] DEBUG AtomispPipeline atomisp.cpp:1438 Largest raw stream size is 0x0
[0:02:04.571726633] [3553] DEBUG AtomispPipeline atomisp.cpp:1541 Picked 1296x976-SGRBG10_1X10/Unset -> 1296x976-YUYV for max processed stream size 320x240 and max raw stream size 0x0
[0:02:04.571956500] [3553] DEBUG AtomispPipeline atomisp.cpp:1592 Adjusting processed pixel format from ABGR8888 to YUYV
[0:02:04.572255494] [3553] DEBUG AtomispPipeline atomisp.cpp:1648 Adjusting size from 320x240 to 1296x976
[0:02:04.572635077] [3553] DEBUG V4L2Compat v4l2_camera_proxy.cpp:436 [/dev/video1 (fd:205)] vidioc_try_fmt()
[0:02:04.573421206] [3565] DEBUG AtomispPipeline atomisp.cpp:1436 Largest processed stream size is 1296x976
[0:02:04.573620673] [3565] DEBUG AtomispPipeline atomisp.cpp:1438 Largest raw stream size is 0x0
[0:02:04.573838678] [3565] DEBUG AtomispPipeline atomisp.cpp:1541 Picked 1296x976-SGRBG10_1X10/Unset -> 1296x976-UYVY for max processed stream size 1296x976 and max raw stream size 0x0
[0:02:04.574149797] [3565] DEBUG AtomispPipeline atomisp.cpp:1626 Unspecified color space set to sYCC
[0:02:04.574451278] [3565] DEBUG AtomispPipeline atomisp.cpp:1690 Adjusting bufferCount from 0 to 4
[0:02:04.574913100] [3553] DEBUG AtomispPipeline atomisp.cpp:1436 Largest processed stream size is 352x288
[0:02:04.575205594] [3553] DEBUG AtomispPipeline atomisp.cpp:1438 Largest raw stream size is 0x0
[0:02:04.575479875] [3553] DEBUG AtomispPipeline atomisp.cpp:1541 Picked 1296x976-SGRBG10_1X10/Unset -> 1296x976-YUYV for max processed stream size 352x288 and max raw stream size 0x0
[0:02:04.575706317] [3553] DEBUG AtomispPipeline atomisp.cpp:1592 Adjusting processed pixel format from ABGR8888 to YUYV
[0:02:04.575896121] [3553] DEBUG AtomispPipeline atomisp.cpp:1648 Adjusting size from 352x288 to 1296x976
[0:02:04.576332605] [3553] DEBUG V4L2Compat v4l2_camera_proxy.cpp:436 [/dev/video1 (fd:205)] vidioc_try_fmt()
[0:02:04.577101722] [3565] DEBUG AtomispPipeline atomisp.cpp:1436 Largest processed stream size is 1296x976
[0:02:04.577307863] [3565] DEBUG AtomispPipeline atomisp.cpp:1438 Largest raw stream size is 0x0
[0:02:04.577525718] [3565] DEBUG AtomispPipeline atomisp.cpp:1541 Picked 1296x976-SGRBG10_1X10/Unset -> 1296x976-UYVY for max processed stream size 1296x976 and max raw stream size 0x0
[0:02:04.577767936] [3565] DEBUG AtomispPipeline atomisp.cpp:1626 Unspecified color space set to sYCC
[0:02:04.578121818] [3565] DEBUG AtomispPipeline atomisp.cpp:1690 Adjusting bufferCount from 0 to 4
[0:02:04.578560177] [3553] DEBUG AtomispPipeline atomisp.cpp:1436 Largest processed stream size is 640x480
[0:02:04.578763594] [3553] DEBUG AtomispPipeline atomisp.cpp:1438 Largest raw stream size is 0x0
[0:02:04.578978236] [3553] DEBUG AtomispPipeline atomisp.cpp:1541 Picked 1296x976-SGRBG10_1X10/Unset -> 1296x976-YUYV for max processed stream size 640x480 and max raw stream size 0x0
[0:02:04.579281305] [3553] DEBUG AtomispPipeline atomisp.cpp:1592 Adjusting processed pixel format from ABGR8888 to YUYV
[0:02:04.579471272] [3553] DEBUG AtomispPipeline atomisp.cpp:1648 Adjusting size from 640x480 to 1296x976
[0:02:04.579860568] [3553] DEBUG V4L2Compat v4l2_camera_proxy.cpp:436 [/dev/video1 (fd:205)] vidioc_try_fmt()
[0:02:04.580642047] [3565] DEBUG AtomispPipeline atomisp.cpp:1436 Largest processed stream size is 1296x976
[0:02:04.580822738] [3565] DEBUG AtomispPipeline atomisp.cpp:1438 Largest raw stream size is 0x0
[0:02:04.580990979] [3565] DEBUG AtomispPipeline atomisp.cpp:1541 Picked 1296x976-SGRBG10_1X10/Unset -> 1296x976-UYVY for max processed stream size 1296x976 and max raw stream size 0x0
[0:02:04.581245422] [3565] DEBUG AtomispPipeline atomisp.cpp:1626 Unspecified color space set to sYCC
[0:02:04.581506865] [3565] DEBUG AtomispPipeline atomisp.cpp:1690 Adjusting bufferCount from 0 to 4
[0:02:04.581917349] [3553] DEBUG AtomispPipeline atomisp.cpp:1436 Largest processed stream size is 704x576
[0:02:04.582194217] [3553] DEBUG AtomispPipeline atomisp.cpp:1438 Largest raw stream size is 0x0
[0:02:04.582428984] [3553] DEBUG AtomispPipeline atomisp.cpp:1541 Picked 1296x976-SGRBG10_1X10/Unset -> 1296x976-YUYV for max processed stream size 704x576 and max raw stream size 0x0
[0:02:04.582662477] [3553] DEBUG AtomispPipeline atomisp.cpp:1592 Adjusting processed pixel format from ABGR8888 to YUYV
[0:02:04.582853906] [3553] DEBUG AtomispPipeline atomisp.cpp:1648 Adjusting size from 704x576 to 1296x976
[0:02:04.583306028] [3553] DEBUG V4L2Compat v4l2_camera_proxy.cpp:436 [/dev/video1 (fd:205)] vidioc_try_fmt()
[0:02:04.583946129] [3565] DEBUG AtomispPipeline atomisp.cpp:1436 Largest processed stream size is 1296x976
[0:02:04.584162271] [3565] DEBUG AtomispPipeline atomisp.cpp:1438 Largest raw stream size is 0x0
[0:02:04.584317049] [3565] DEBUG AtomispPipeline atomisp.cpp:1541 Picked 1296x976-SGRBG10_1X10/Unset -> 1296x976-UYVY for max processed stream size 1296x976 and max raw stream size 0x0
[0:02:04.584492528] [3565] DEBUG AtomispPipeline atomisp.cpp:1626 Unspecified color space set to sYCC
[0:02:04.584697120] [3565] DEBUG AtomispPipeline atomisp.cpp:1690 Adjusting bufferCount from 0 to 4
[0:02:04.585174805] [3553] DEBUG AtomispPipeline atomisp.cpp:1436 Largest processed stream size is 800x600
[0:02:04.585346609] [3553] DEBUG AtomispPipeline atomisp.cpp:1438 Largest raw stream size is 0x0
[0:02:04.585564388] [3553] DEBUG AtomispPipeline atomisp.cpp:1541 Picked 1296x976-SGRBG10_1X10/Unset -> 1296x976-YUYV for max processed stream size 800x600 and max raw stream size 0x0
[0:02:04.585849269] [3553] DEBUG AtomispPipeline atomisp.cpp:1592 Adjusting processed pixel format from ABGR8888 to YUYV
[0:02:04.586100512] [3553] DEBUG AtomispPipeline atomisp.cpp:1648 Adjusting size from 800x600 to 1296x976
[0:02:04.586482808] [3553] DEBUG V4L2Compat v4l2_camera_proxy.cpp:436 [/dev/video1 (fd:205)] vidioc_try_fmt()
[0:02:04.587105283] [3565] DEBUG AtomispPipeline atomisp.cpp:1436 Largest processed stream size is 1296x976
[0:02:04.587243424] [3565] DEBUG AtomispPipeline atomisp.cpp:1438 Largest raw stream size is 0x0
[0:02:04.587396064] [3565] DEBUG AtomispPipeline atomisp.cpp:1541 Picked 1296x976-SGRBG10_1X10/Unset -> 1296x976-UYVY for max processed stream size 1296x976 and max raw stream size 0x0
[0:02:04.587562293] [3565] DEBUG AtomispPipeline atomisp.cpp:1626 Unspecified color space set to sYCC
[0:02:04.587765735] [3565] DEBUG AtomispPipeline atomisp.cpp:1690 Adjusting bufferCount from 0 to 4
[0:02:04.588240545] [3553] DEBUG AtomispPipeline atomisp.cpp:1436 Largest processed stream size is 960x720
[0:02:04.588418611] [3553] DEBUG AtomispPipeline atomisp.cpp:1438 Largest raw stream size is 0x0
[0:02:04.588633778] [3553] DEBUG AtomispPipeline atomisp.cpp:1541 Picked 1296x976-SGRBG10_1X10/Unset -> 1296x976-YUYV for max processed stream size 960x720 and max raw stream size 0x0
[0:02:04.588861370] [3553] DEBUG AtomispPipeline atomisp.cpp:1592 Adjusting processed pixel format from ABGR8888 to YUYV
[0:02:04.589124388] [3553] DEBUG AtomispPipeline atomisp.cpp:1648 Adjusting size from 960x720 to 1296x976
[0:02:04.589517347] [3553] DEBUG V4L2Compat v4l2_camera_proxy.cpp:436 [/dev/video1 (fd:205)] vidioc_try_fmt()
[0:02:04.590136797] [3565] DEBUG AtomispPipeline atomisp.cpp:1436 Largest processed stream size is 1296x976
[0:02:04.590279888] [3565] DEBUG AtomispPipeline atomisp.cpp:1438 Largest raw stream size is 0x0
[0:02:04.590428453] [3565] DEBUG AtomispPipeline atomisp.cpp:1541 Picked 1296x976-SGRBG10_1X10/Unset -> 1296x976-UYVY for max processed stream size 1296x976 and max raw stream size 0x0
[0:02:04.590599757] [3565] DEBUG AtomispPipeline atomisp.cpp:1626 Unspecified color space set to sYCC
[0:02:04.590802874] [3565] DEBUG AtomispPipeline atomisp.cpp:1690 Adjusting bufferCount from 0 to 4
[0:02:04.591241946] [3553] DEBUG AtomispPipeline atomisp.cpp:1436 Largest processed stream size is 1280x720
[0:02:04.591418162] [3553] DEBUG AtomispPipeline atomisp.cpp:1438 Largest raw stream size is 0x0
[0:02:04.591635504] [3553] DEBUG AtomispPipeline atomisp.cpp:1541 Picked 1296x976-SGRBG10_1X10/Unset -> 1296x976-YUYV for max processed stream size 1280x720 and max raw stream size 0x0
[0:02:04.591858509] [3553] DEBUG AtomispPipeline atomisp.cpp:1592 Adjusting processed pixel format from ABGR8888 to YUYV
[0:02:04.592108227] [3553] DEBUG AtomispPipeline atomisp.cpp:1648 Adjusting size from 1280x720 to 1296x976
[0:02:04.592508935] [3553] DEBUG V4L2Compat v4l2_camera_proxy.cpp:436 [/dev/video1 (fd:205)] vidioc_try_fmt()
[0:02:04.593118623] [3565] DEBUG AtomispPipeline atomisp.cpp:1436 Largest processed stream size is 1296x976
[0:02:04.593257063] [3565] DEBUG AtomispPipeline atomisp.cpp:1438 Largest raw stream size is 0x0
[0:02:04.593404891] [3565] DEBUG AtomispPipeline atomisp.cpp:1541 Picked 1296x976-SGRBG10_1X10/Unset -> 1296x976-UYVY for max processed stream size 1296x976 and max raw stream size 0x0
[0:02:04.593575833] [3565] DEBUG AtomispPipeline atomisp.cpp:1626 Unspecified color space set to sYCC
[0:02:04.593775099] [3565] DEBUG AtomispPipeline atomisp.cpp:1690 Adjusting bufferCount from 0 to 4
[0:02:04.594235584] [3553] DEBUG AtomispPipeline atomisp.cpp:1436 Largest processed stream size is 1024x768
[0:02:04.594404050] [3553] DEBUG AtomispPipeline atomisp.cpp:1438 Largest raw stream size is 0x0
[0:02:04.594622117] [3553] DEBUG AtomispPipeline atomisp.cpp:1541 Picked 1296x976-SGRBG10_1X10/Unset -> 1296x976-YUYV for max processed stream size 1024x768 and max raw stream size 0x0
[0:02:04.594841222] [3553] DEBUG AtomispPipeline atomisp.cpp:1592 Adjusting processed pixel format from ABGR8888 to YUYV
[0:02:04.595144891] [3553] DEBUG AtomispPipeline atomisp.cpp:1648 Adjusting size from 1024x768 to 1296x976
[0:02:04.595539637] [3553] DEBUG V4L2Compat v4l2_camera_proxy.cpp:436 [/dev/video1 (fd:205)] vidioc_try_fmt()
[0:02:04.596170775] [3565] DEBUG AtomispPipeline atomisp.cpp:1436 Largest processed stream size is 1296x976
[0:02:04.596302153] [3565] DEBUG AtomispPipeline atomisp.cpp:1438 Largest raw stream size is 0x0
[0:02:04.596445468] [3565] DEBUG AtomispPipeline atomisp.cpp:1541 Picked 1296x976-SGRBG10_1X10/Unset -> 1296x976-UYVY for max processed stream size 1296x976 and max raw stream size 0x0
[0:02:04.596610884] [3565] DEBUG AtomispPipeline atomisp.cpp:1626 Unspecified color space set to sYCC
[0:02:04.596810726] [3565] DEBUG AtomispPipeline atomisp.cpp:1690 Adjusting bufferCount from 0 to 4
[0:02:04.597227510] [3553] DEBUG AtomispPipeline atomisp.cpp:1436 Largest processed stream size is 1440x1080
[0:02:04.597388138] [3553] DEBUG AtomispPipeline atomisp.cpp:1438 Largest raw stream size is 0x0
[0:02:04.597605193] [3553] DEBUG AtomispPipeline atomisp.cpp:1541 Picked 1296x976-SGRBG10_1X10/Unset -> 1296x976-YUYV for max processed stream size 1440x1080 and max raw stream size 0x0
[0:02:04.597829235] [3553] DEBUG AtomispPipeline atomisp.cpp:1592 Adjusting processed pixel format from ABGR8888 to YUYV
[0:02:04.598086640] [3553] DEBUG AtomispPipeline atomisp.cpp:1648 Adjusting size from 1440x1080 to 1296x976
[0:02:04.598457711] [3553] DEBUG V4L2Compat v4l2_camera_proxy.cpp:436 [/dev/video1 (fd:205)] vidioc_try_fmt()
[0:02:04.599280691] [3565] DEBUG AtomispPipeline atomisp.cpp:1436 Largest processed stream size is 1296x976
[0:02:04.599490495] [3565] DEBUG AtomispPipeline atomisp.cpp:1438 Largest raw stream size is 0x0
[0:02:04.599678387] [3565] DEBUG AtomispPipeline atomisp.cpp:1541 Picked 1296x976-SGRBG10_1X10/Unset -> 1296x976-UYVY for max processed stream size 1296x976 and max raw stream size 0x0
[0:02:04.599879028] [3565] DEBUG AtomispPipeline atomisp.cpp:1626 Unspecified color space set to sYCC
[0:02:04.600195610] [3565] DEBUG AtomispPipeline atomisp.cpp:1690 Adjusting bufferCount from 0 to 4
[0:02:04.600592443] [3553] DEBUG AtomispPipeline atomisp.cpp:1436 Largest processed stream size is 1920x1080
[0:02:04.600752322] [3553] DEBUG AtomispPipeline atomisp.cpp:1438 Largest raw stream size is 0x0
[0:02:04.600966164] [3553] DEBUG AtomispPipeline atomisp.cpp:1541 Picked 1296x976-SGRBG10_1X10/Unset -> 1296x976-YUYV for max processed stream size 1920x1080 and max raw stream size 0x0
[0:02:04.601244957] [3553] DEBUG AtomispPipeline atomisp.cpp:1592 Adjusting processed pixel format from ABGR8888 to YUYV
[0:02:04.601434586] [3553] DEBUG AtomispPipeline atomisp.cpp:1648 Adjusting size from 1920x1080 to 1296x976
[0:02:04.601788194] [3553] DEBUG V4L2Compat v4l2_camera_proxy.cpp:436 [/dev/video1 (fd:205)] vidioc_try_fmt()
[0:02:04.601972998] [3553]  WARN V4L2 v4l2_pixelformat.cpp:346 Unsupported V4L2 pixel format BGR4
[0:02:04.602864629] [3565] DEBUG AtomispPipeline atomisp.cpp:1436 Largest processed stream size is 1296x976
[0:02:04.603169373] [3565] DEBUG AtomispPipeline atomisp.cpp:1438 Largest raw stream size is 0x0
[0:02:04.603353102] [3565] DEBUG AtomispPipeline atomisp.cpp:1541 Picked 1296x976-SGRBG10_1X10/Unset -> 1296x976-UYVY for max processed stream size 1296x976 and max raw stream size 0x0
[0:02:04.603545943] [3565] DEBUG AtomispPipeline atomisp.cpp:1626 Unspecified color space set to sYCC
[0:02:04.603830187] [3565] DEBUG AtomispPipeline atomisp.cpp:1690 Adjusting bufferCount from 0 to 4
[0:02:04.604434012] [3553]  WARN Formats formats.cpp:1006 Unsupported pixel format 0x00000000
[0:02:04.604610828] [3553] DEBUG AtomispPipeline atomisp.cpp:1436 Largest processed stream size is 128x96
[0:02:04.604760907] [3553] DEBUG AtomispPipeline atomisp.cpp:1438 Largest raw stream size is 0x0
[0:02:04.604919122] [3553]  WARN Formats formats.cpp:1006 Unsupported pixel format 0x00000000
[0:02:04.605223041] [3553] DEBUG AtomispPipeline atomisp.cpp:1541 Picked 1296x976-SGRBG10_1X10/Unset -> 1296x976-YUYV for max processed stream size 128x96 and max raw stream size 0x0
[0:02:04.605483884] [3553]  WARN Formats formats.cpp:1006 Unsupported pixel format 0x00000000
[0:02:04.605687039] [3553]  WARN Formats formats.cpp:1006 Unsupported pixel format 0x00000000
[0:02:04.605649350] [3553] DEBUG AtomispPipeline atomisp.cpp:1592 Adjusting processed pixel format from <INVALID> to YUYV
[0:02:04.605992133] [3553] DEBUG AtomispPipeline atomisp.cpp:1648 Adjusting size from 128x96 to 1296x976
[0:02:04.606441455] [3553] DEBUG V4L2Compat v4l2_camera_proxy.cpp:436 [/dev/video1 (fd:205)] vidioc_try_fmt()
[0:02:04.606608221] [3553]  WARN V4L2 v4l2_pixelformat.cpp:346 Unsupported V4L2 pixel format BGR4
[0:02:04.607429625] [3565] DEBUG AtomispPipeline atomisp.cpp:1436 Largest processed stream size is 1296x976
[0:02:04.607622430] [3565] DEBUG AtomispPipeline atomisp.cpp:1438 Largest raw stream size is 0x0
[0:02:04.607803446] [3565] DEBUG AtomispPipeline atomisp.cpp:1541 Picked 1296x976-SGRBG10_1X10/Unset -> 1296x976-UYVY for max processed stream size 1296x976 and max raw stream size 0x0
[0:02:04.608060126] [3565] DEBUG AtomispPipeline atomisp.cpp:1626 Unspecified color space set to sYCC
[0:02:04.608346220] [3565] DEBUG AtomispPipeline atomisp.cpp:1690 Adjusting bufferCount from 0 to 4
[0:02:04.608757454] [3553]  WARN Formats formats.cpp:1006 Unsupported pixel format 0x00000000
[0:02:04.608930932] [3553] DEBUG AtomispPipeline atomisp.cpp:1436 Largest processed stream size is 160x120
[0:02:04.609140112] [3553] DEBUG AtomispPipeline atomisp.cpp:1438 Largest raw stream size is 0x0
[0:02:04.609303803] [3553]  WARN Formats formats.cpp:1006 Unsupported pixel format 0x00000000
[0:02:04.609514357] [3553] DEBUG AtomispPipeline atomisp.cpp:1541 Picked 1296x976-SGRBG10_1X10/Unset -> 1296x976-YUYV for max processed stream size 160x120 and max raw stream size 0x0
[0:02:04.609729187] [3553]  WARN Formats formats.cpp:1006 Unsupported pixel format 0x00000000
[0:02:04.609930716] [3553]  WARN Formats formats.cpp:1006 Unsupported pixel format 0x00000000
[0:02:04.609891778] [3553] DEBUG AtomispPipeline atomisp.cpp:1592 Adjusting processed pixel format from <INVALID> to YUYV
[0:02:04.610302536] [3553] DEBUG AtomispPipeline atomisp.cpp:1648 Adjusting size from 160x120 to 1296x976
[0:02:04.610687044] [3553] DEBUG V4L2Compat v4l2_camera_proxy.cpp:436 [/dev/video1 (fd:205)] vidioc_try_fmt()
[0:02:04.610861798] [3553]  WARN V4L2 v4l2_pixelformat.cpp:346 Unsupported V4L2 pixel format BGR4
[0:02:04.611790143] [3565] DEBUG AtomispPipeline atomisp.cpp:1436 Largest processed stream size is 1296x976
[0:02:04.612119775] [3565] DEBUG AtomispPipeline atomisp.cpp:1438 Largest raw stream size is 0x0
[0:02:04.612355755] [3565] DEBUG AtomispPipeline atomisp.cpp:1541 Picked 1296x976-SGRBG10_1X10/Unset -> 1296x976-UYVY for max processed stream size 1296x976 and max raw stream size 0x0
[0:02:04.612612948] [3565] DEBUG AtomispPipeline atomisp.cpp:1626 Unspecified color space set to sYCC
[0:02:04.612943580] [3565] DEBUG AtomispPipeline atomisp.cpp:1690 Adjusting bufferCount from 0 to 4
[0:02:04.613488429] [3553]  WARN Formats formats.cpp:1006 Unsupported pixel format 0x00000000
[0:02:04.613667857] [3553] DEBUG AtomispPipeline atomisp.cpp:1436 Largest processed stream size is 176x144
[0:02:04.613819636] [3553] DEBUG AtomispPipeline atomisp.cpp:1438 Largest raw stream size is 0x0
[0:02:04.613975714] [3553]  WARN Formats formats.cpp:1006 Unsupported pixel format 0x00000000
[0:02:04.614297808] [3553] DEBUG AtomispPipeline atomisp.cpp:1541 Picked 1296x976-SGRBG10_1X10/Unset -> 1296x976-YUYV for max processed stream size 176x144 and max raw stream size 0x0
[0:02:04.614519100] [3553]  WARN Formats formats.cpp:1006 Unsupported pixel format 0x00000000
[0:02:04.614719755] [3553]  WARN Formats formats.cpp:1006 Unsupported pixel format 0x00000000
[0:02:04.614681704] [3553] DEBUG AtomispPipeline atomisp.cpp:1592 Adjusting processed pixel format from <INVALID> to YUYV
[0:02:04.615087062] [3553] DEBUG AtomispPipeline atomisp.cpp:1648 Adjusting size from 176x144 to 1296x976
[0:02:04.615579348] [3553] DEBUG V4L2Compat v4l2_camera_proxy.cpp:436 [/dev/video1 (fd:205)] vidioc_try_fmt()
[0:02:04.615804628] [3553]  WARN V4L2 v4l2_pixelformat.cpp:346 Unsupported V4L2 pixel format BGR4
[0:02:04.616589582] [3565] DEBUG AtomispPipeline atomisp.cpp:1436 Largest processed stream size is 1296x976
[0:02:04.616787773] [3565] DEBUG AtomispPipeline atomisp.cpp:1438 Largest raw stream size is 0x0
[0:02:04.617088880] [3565] DEBUG AtomispPipeline atomisp.cpp:1541 Picked 1296x976-SGRBG10_1X10/Unset -> 1296x976-UYVY for max processed stream size 1296x976 and max raw stream size 0x0
[0:02:04.617347735] [3565] DEBUG AtomispPipeline atomisp.cpp:1626 Unspecified color space set to sYCC
[0:02:04.617655242] [3565] DEBUG AtomispPipeline atomisp.cpp:1690 Adjusting bufferCount from 0 to 4
[0:02:04.618198728] [3553]  WARN Formats formats.cpp:1006 Unsupported pixel format 0x00000000
[0:02:04.618392232] [3553] DEBUG AtomispPipeline atomisp.cpp:1436 Largest processed stream size is 320x240
[0:02:04.618544461] [3553] DEBUG AtomispPipeline atomisp.cpp:1438 Largest raw stream size is 0x0
[0:02:04.618703776] [3553]  WARN Formats formats.cpp:1006 Unsupported pixel format 0x00000000
[0:02:04.618922244] [3553] DEBUG AtomispPipeline atomisp.cpp:1541 Picked 1296x976-SGRBG10_1X10/Unset -> 1296x976-YUYV for max processed stream size 320x240 and max raw stream size 0x0
[0:02:04.619228863] [3553]  WARN Formats formats.cpp:1006 Unsupported pixel format 0x00000000
[0:02:04.619431692] [3553]  WARN Formats formats.cpp:1006 Unsupported pixel format 0x00000000
[0:02:04.619393191] [3553] DEBUG AtomispPipeline atomisp.cpp:1592 Adjusting processed pixel format from <INVALID> to YUYV
[0:02:04.619739486] [3553] DEBUG AtomispPipeline atomisp.cpp:1648 Adjusting size from 320x240 to 1296x976
[0:02:04.620183745] [3553] DEBUG V4L2Compat v4l2_camera_proxy.cpp:436 [/dev/video1 (fd:205)] vidioc_try_fmt()
[0:02:04.620360599] [3553]  WARN V4L2 v4l2_pixelformat.cpp:346 Unsupported V4L2 pixel format BGR4
[0:02:04.621178479] [3565] DEBUG AtomispPipeline atomisp.cpp:1436 Largest processed stream size is 1296x976
[0:02:04.621379646] [3565] DEBUG AtomispPipeline atomisp.cpp:1438 Largest raw stream size is 0x0
[0:02:04.621596363] [3565] DEBUG AtomispPipeline atomisp.cpp:1541 Picked 1296x976-SGRBG10_1X10/Unset -> 1296x976-UYVY for max processed stream size 1296x976 and max raw stream size 0x0
[0:02:04.621843205] [3565] DEBUG AtomispPipeline atomisp.cpp:1626 Unspecified color space set to sYCC
[0:02:04.622212163] [3565] DEBUG AtomispPipeline atomisp.cpp:1690 Adjusting bufferCount from 0 to 4
[0:02:04.622663235] [3553]  WARN Formats formats.cpp:1006 Unsupported pixel format 0x00000000
[0:02:04.622842626] [3553] DEBUG AtomispPipeline atomisp.cpp:1436 Largest processed stream size is 352x288
[0:02:04.622993292] [3553] DEBUG AtomispPipeline atomisp.cpp:1438 Largest raw stream size is 0x0
[0:02:04.623235635] [3553]  WARN Formats formats.cpp:1006 Unsupported pixel format 0x00000000
[0:02:04.623458815] [3553] DEBUG AtomispPipeline atomisp.cpp:1541 Picked 1296x976-SGRBG10_1X10/Unset -> 1296x976-YUYV for max processed stream size 352x288 and max raw stream size 0x0
[0:02:04.623679632] [3553]  WARN Formats formats.cpp:1006 Unsupported pixel format 0x00000000
[0:02:04.623876786] [3553]  WARN Formats formats.cpp:1006 Unsupported pixel format 0x00000000
[0:02:04.623839560] [3553] DEBUG AtomispPipeline atomisp.cpp:1592 Adjusting processed pixel format from <INVALID> to YUYV
[0:02:04.624259669] [3553] DEBUG AtomispPipeline atomisp.cpp:1648 Adjusting size from 352x288 to 1296x976
[0:02:04.624649915] [3553] DEBUG V4L2Compat v4l2_camera_proxy.cpp:436 [/dev/video1 (fd:205)] vidioc_try_fmt()
[0:02:04.624821231] [3553]  WARN V4L2 v4l2_pixelformat.cpp:346 Unsupported V4L2 pixel format BGR4
[0:02:04.625595947] [3565] DEBUG AtomispPipeline atomisp.cpp:1436 Largest processed stream size is 1296x976
[0:02:04.625795851] [3565] DEBUG AtomispPipeline atomisp.cpp:1438 Largest raw stream size is 0x0
[0:02:04.626101283] [3565] DEBUG AtomispPipeline atomisp.cpp:1541 Picked 1296x976-SGRBG10_1X10/Unset -> 1296x976-UYVY for max processed stream size 1296x976 and max raw stream size 0x0
[0:02:04.626413164] [3565] DEBUG AtomispPipeline atomisp.cpp:1626 Unspecified color space set to sYCC
[0:02:04.626717371] [3565] DEBUG AtomispPipeline atomisp.cpp:1690 Adjusting bufferCount from 0 to 4
[0:02:04.627212831] [3553]  WARN Formats formats.cpp:1006 Unsupported pixel format 0x00000000
[0:02:04.627393948] [3553] DEBUG AtomispPipeline atomisp.cpp:1436 Largest processed stream size is 640x480
[0:02:04.627542938] [3553] DEBUG AtomispPipeline atomisp.cpp:1438 Largest raw stream size is 0x0
[0:02:04.627702992] [3553]  WARN Formats formats.cpp:1006 Unsupported pixel format 0x00000000
[0:02:04.627920959] [3553] DEBUG AtomispPipeline atomisp.cpp:1541 Picked 1296x976-SGRBG10_1X10/Unset -> 1296x976-YUYV for max processed stream size 640x480 and max raw stream size 0x0
[0:02:04.628224803] [3553]  WARN Formats formats.cpp:1006 Unsupported pixel format 0x00000000
[0:02:04.628427507] [3553]  WARN Formats formats.cpp:1006 Unsupported pixel format 0x00000000
[0:02:04.628389444] [3553] DEBUG AtomispPipeline atomisp.cpp:1592 Adjusting processed pixel format from <INVALID> to YUYV
[0:02:04.628732839] [3553] DEBUG AtomispPipeline atomisp.cpp:1648 Adjusting size from 640x480 to 1296x976
[0:02:04.629183373] [3553] DEBUG V4L2Compat v4l2_camera_proxy.cpp:436 [/dev/video1 (fd:205)] vidioc_try_fmt()
[0:02:04.629358814] [3553]  WARN V4L2 v4l2_pixelformat.cpp:346 Unsupported V4L2 pixel format BGR4
[0:02:04.630132581] [3565] DEBUG AtomispPipeline atomisp.cpp:1436 Largest processed stream size is 1296x976
[0:02:04.630324235] [3565] DEBUG AtomispPipeline atomisp.cpp:1438 Largest raw stream size is 0x0
[0:02:04.630548177] [3565] DEBUG AtomispPipeline atomisp.cpp:1541 Picked 1296x976-SGRBG10_1X10/Unset -> 1296x976-UYVY for max processed stream size 1296x976 and max raw stream size 0x0
[0:02:04.630793820] [3565] DEBUG AtomispPipeline atomisp.cpp:1626 Unspecified color space set to sYCC
[0:02:04.631163540] [3565] DEBUG AtomispPipeline atomisp.cpp:1690 Adjusting bufferCount from 0 to 4
[0:02:04.631623637] [3553]  WARN Formats formats.cpp:1006 Unsupported pixel format 0x00000000
[0:02:04.631802966] [3553] DEBUG AtomispPipeline atomisp.cpp:1436 Largest processed stream size is 704x576
[0:02:04.631950907] [3553] DEBUG AtomispPipeline atomisp.cpp:1438 Largest raw stream size is 0x0
[0:02:04.632206624] [3553]  WARN Formats formats.cpp:1006 Unsupported pixel format 0x00000000
[0:02:04.632418054] [3553] DEBUG AtomispPipeline atomisp.cpp:1541 Picked 1296x976-SGRBG10_1X10/Unset -> 1296x976-YUYV for max processed stream size 704x576 and max raw stream size 0x0
[0:02:04.632639771] [3553]  WARN Formats formats.cpp:1006 Unsupported pixel format 0x00000000
[0:02:04.632838738] [3553]  WARN Formats formats.cpp:1006 Unsupported pixel format 0x00000000
[0:02:04.632801037] [3553] DEBUG AtomispPipeline atomisp.cpp:1592 Adjusting processed pixel format from <INVALID> to YUYV
[0:02:04.633215696] [3553] DEBUG AtomispPipeline atomisp.cpp:1648 Adjusting size from 704x576 to 1296x976
[0:02:04.633613617] [3553] DEBUG V4L2Compat v4l2_camera_proxy.cpp:436 [/dev/video1 (fd:205)] vidioc_try_fmt()
[0:02:04.633780970] [3553]  WARN V4L2 v4l2_pixelformat.cpp:346 Unsupported V4L2 pixel format BGR4
[0:02:04.634555049] [3565] DEBUG AtomispPipeline atomisp.cpp:1436 Largest processed stream size is 1296x976
[0:02:04.634752353] [3565] DEBUG AtomispPipeline atomisp.cpp:1438 Largest raw stream size is 0x0
[0:02:04.634965333] [3565] DEBUG AtomispPipeline atomisp.cpp:1541 Picked 1296x976-SGRBG10_1X10/Unset -> 1296x976-UYVY for max processed stream size 1296x976 and max raw stream size 0x0
[0:02:04.635290652] [3565] DEBUG AtomispPipeline atomisp.cpp:1626 Unspecified color space set to sYCC
[0:02:04.635595396] [3565] DEBUG AtomispPipeline atomisp.cpp:1690 Adjusting bufferCount from 0 to 4
[0:02:04.636112470] [3553]  WARN Formats formats.cpp:1006 Unsupported pixel format 0x00000000
[0:02:04.636296211] [3553] DEBUG AtomispPipeline atomisp.cpp:1436 Largest processed stream size is 800x600
[0:02:04.636448352] [3553] DEBUG AtomispPipeline atomisp.cpp:1438 Largest raw stream size is 0x0
[0:02:04.636651181] [3553]  WARN Formats formats.cpp:1006 Unsupported pixel format 0x00000000
[0:02:04.636869011] [3553] DEBUG AtomispPipeline atomisp.cpp:1541 Picked 1296x976-SGRBG10_1X10/Unset -> 1296x976-YUYV for max processed stream size 800x600 and max raw stream size 0x0
[0:02:04.637161004] [3553]  WARN Formats formats.cpp:1006 Unsupported pixel format 0x00000000
[0:02:04.637363784] [3553]  WARN Formats formats.cpp:1006 Unsupported pixel format 0x00000000
[0:02:04.637325158] [3553] DEBUG AtomispPipeline atomisp.cpp:1592 Adjusting processed pixel format from <INVALID> to YUYV
[0:02:04.637671215] [3553] DEBUG AtomispPipeline atomisp.cpp:1648 Adjusting size from 800x600 to 1296x976
[0:02:04.638126462] [3553] DEBUG V4L2Compat v4l2_camera_proxy.cpp:436 [/dev/video1 (fd:205)] vidioc_try_fmt()
[0:02:04.638297028] [3553]  WARN V4L2 v4l2_pixelformat.cpp:346 Unsupported V4L2 pixel format BGR4
[0:02:04.638983655] [3565] DEBUG AtomispPipeline atomisp.cpp:1436 Largest processed stream size is 1296x976
[0:02:04.639275049] [3565] DEBUG AtomispPipeline atomisp.cpp:1438 Largest raw stream size is 0x0
[0:02:04.639505091] [3565] DEBUG AtomispPipeline atomisp.cpp:1541 Picked 1296x976-SGRBG10_1X10/Unset -> 1296x976-UYVY for max processed stream size 1296x976 and max raw stream size 0x0
[0:02:04.639758909] [3565] DEBUG AtomispPipeline atomisp.cpp:1626 Unspecified color space set to sYCC
[0:02:04.640131355] [3565] DEBUG AtomispPipeline atomisp.cpp:1690 Adjusting bufferCount from 0 to 4
[0:02:04.640577052] [3553]  WARN Formats formats.cpp:1006 Unsupported pixel format 0x00000000
[0:02:04.640753380] [3553] DEBUG AtomispPipeline atomisp.cpp:1436 Largest processed stream size is 960x720
[0:02:04.640900721] [3553] DEBUG AtomispPipeline atomisp.cpp:1438 Largest raw stream size is 0x0
[0:02:04.641159614] [3553]  WARN Formats formats.cpp:1006 Unsupported pixel format 0x00000000
[0:02:04.641384119] [3553] DEBUG AtomispPipeline atomisp.cpp:1541 Picked 1296x976-SGRBG10_1X10/Unset -> 1296x976-YUYV for max processed stream size 960x720 and max raw stream size 0x0
[0:02:04.641601411] [3553]  WARN Formats formats.cpp:1006 Unsupported pixel format 0x00000000
[0:02:04.641801290] [3553]  WARN Formats formats.cpp:1006 Unsupported pixel format 0x00000000
[0:02:04.641764152] [3553] DEBUG AtomispPipeline atomisp.cpp:1592 Adjusting processed pixel format from <INVALID> to YUYV
[0:02:04.642171435] [3553] DEBUG AtomispPipeline atomisp.cpp:1648 Adjusting size from 960x720 to 1296x976
[0:02:04.642558106] [3553] DEBUG V4L2Compat v4l2_camera_proxy.cpp:436 [/dev/video1 (fd:205)] vidioc_try_fmt()
[0:02:04.642722197] [3553]  WARN V4L2 v4l2_pixelformat.cpp:346 Unsupported V4L2 pixel format BGR4
[0:02:04.643456400] [3565] DEBUG AtomispPipeline atomisp.cpp:1436 Largest processed stream size is 1296x976
[0:02:04.643644091] [3565] DEBUG AtomispPipeline atomisp.cpp:1438 Largest raw stream size is 0x0
[0:02:04.643866034] [3565] DEBUG AtomispPipeline atomisp.cpp:1541 Picked 1296x976-SGRBG10_1X10/Unset -> 1296x976-UYVY for max processed stream size 1296x976 and max raw stream size 0x0
[0:02:04.644184028] [3565] DEBUG AtomispPipeline atomisp.cpp:1626 Unspecified color space set to sYCC
[0:02:04.644486109] [3565] DEBUG AtomispPipeline atomisp.cpp:1690 Adjusting bufferCount from 0 to 4
[0:02:04.644935094] [3553]  WARN Formats formats.cpp:1006 Unsupported pixel format 0x00000000
[0:02:04.645191524] [3553] DEBUG AtomispPipeline atomisp.cpp:1436 Largest processed stream size is 1280x720
[0:02:04.645341952] [3553] DEBUG AtomispPipeline atomisp.cpp:1438 Largest raw stream size is 0x0
[0:02:04.645501893] [3553]  WARN Formats formats.cpp:1006 Unsupported pixel format 0x00000000
[0:02:04.645712710] [3553] DEBUG AtomispPipeline atomisp.cpp:1541 Picked 1296x976-SGRBG10_1X10/Unset -> 1296x976-YUYV for max processed stream size 1280x720 and max raw stream size 0x0
[0:02:04.645925527] [3553]  WARN Formats formats.cpp:1006 Unsupported pixel format 0x00000000
[0:02:04.646199058] [3553]  WARN Formats formats.cpp:1006 Unsupported pixel format 0x00000000
[0:02:04.646159532] [3553] DEBUG AtomispPipeline atomisp.cpp:1592 Adjusting processed pixel format from <INVALID> to YUYV
[0:02:04.646562416] [3553] DEBUG AtomispPipeline atomisp.cpp:1648 Adjusting size from 1280x720 to 1296x976
[0:02:04.646954099] [3553] DEBUG V4L2Compat v4l2_camera_proxy.cpp:436 [/dev/video1 (fd:205)] vidioc_try_fmt()
[0:02:04.647240392] [3553]  WARN V4L2 v4l2_pixelformat.cpp:346 Unsupported V4L2 pixel format BGR4
[0:02:04.647969995] [3565] DEBUG AtomispPipeline atomisp.cpp:1436 Largest processed stream size is 1296x976
[0:02:04.648268927] [3565] DEBUG AtomispPipeline atomisp.cpp:1438 Largest raw stream size is 0x0
[0:02:04.648490781] [3565] DEBUG AtomispPipeline atomisp.cpp:1541 Picked 1296x976-SGRBG10_1X10/Unset -> 1296x976-UYVY for max processed stream size 1296x976 and max raw stream size 0x0
[0:02:04.648741912] [3565] DEBUG AtomispPipeline atomisp.cpp:1626 Unspecified color space set to sYCC
[0:02:04.649116307] [3565] DEBUG AtomispPipeline atomisp.cpp:1690 Adjusting bufferCount from 0 to 4
[0:02:04.649571067] [3553]  WARN Formats formats.cpp:1006 Unsupported pixel format 0x00000000
[0:02:04.649749683] [3553] DEBUG AtomispPipeline atomisp.cpp:1436 Largest processed stream size is 1024x768
[0:02:04.649898574] [3553] DEBUG AtomispPipeline atomisp.cpp:1438 Largest raw stream size is 0x0
[0:02:04.650176129] [3553]  WARN Formats formats.cpp:1006 Unsupported pixel format 0x00000000
[0:02:04.650395672] [3553] DEBUG AtomispPipeline atomisp.cpp:1541 Picked 1296x976-SGRBG10_1X10/Unset -> 1296x976-YUYV for max processed stream size 1024x768 and max raw stream size 0x0
[0:02:04.650633027] [3553]  WARN Formats formats.cpp:1006 Unsupported pixel format 0x00000000
[0:02:04.650837031] [3553]  WARN Formats formats.cpp:1006 Unsupported pixel format 0x00000000
[0:02:04.650799793] [3553] DEBUG AtomispPipeline atomisp.cpp:1592 Adjusting processed pixel format from <INVALID> to YUYV
[0:02:04.651229764] [3553] DEBUG AtomispPipeline atomisp.cpp:1648 Adjusting size from 1024x768 to 1296x976
[0:02:04.651641048] [3553] DEBUG V4L2Compat v4l2_camera_proxy.cpp:436 [/dev/video1 (fd:205)] vidioc_try_fmt()
[0:02:04.651814814] [3553]  WARN V4L2 v4l2_pixelformat.cpp:346 Unsupported V4L2 pixel format BGR4
[0:02:04.652605118] [3565] DEBUG AtomispPipeline atomisp.cpp:1436 Largest processed stream size is 1296x976
[0:02:04.652796435] [3565] DEBUG AtomispPipeline atomisp.cpp:1438 Largest raw stream size is 0x0
[0:02:04.653087579] [3565] DEBUG AtomispPipeline atomisp.cpp:1541 Picked 1296x976-SGRBG10_1X10/Unset -> 1296x976-UYVY for max processed stream size 1296x976 and max raw stream size 0x0
[0:02:04.653332771] [3565] DEBUG AtomispPipeline atomisp.cpp:1626 Unspecified color space set to sYCC
[0:02:04.653637815] [3565] DEBUG AtomispPipeline atomisp.cpp:1690 Adjusting bufferCount from 0 to 4
[0:02:04.654154489] [3553]  WARN Formats formats.cpp:1006 Unsupported pixel format 0x00000000
[0:02:04.654340818] [3553] DEBUG AtomispPipeline atomisp.cpp:1436 Largest processed stream size is 1440x1080
[0:02:04.654489983] [3553] DEBUG AtomispPipeline atomisp.cpp:1438 Largest raw stream size is 0x0
[0:02:04.654646424] [3553]  WARN Formats formats.cpp:1006 Unsupported pixel format 0x00000000
[0:02:04.654862891] [3553] DEBUG AtomispPipeline atomisp.cpp:1541 Picked 1296x976-SGRBG10_1X10/Unset -> 1296x976-YUYV for max processed stream size 1440x1080 and max raw stream size 0x0
[0:02:04.655159535] [3553]  WARN Formats formats.cpp:1006 Unsupported pixel format 0x00000000
[0:02:04.655361914] [3553]  WARN Formats formats.cpp:1006 Unsupported pixel format 0x00000000
[0:02:04.655323776] [3553] DEBUG AtomispPipeline atomisp.cpp:1592 Adjusting processed pixel format from <INVALID> to YUYV
[0:02:04.655666896] [3553] DEBUG AtomispPipeline atomisp.cpp:1648 Adjusting size from 1440x1080 to 1296x976
[0:02:04.656115380] [3553] DEBUG V4L2Compat v4l2_camera_proxy.cpp:436 [/dev/video1 (fd:205)] vidioc_try_fmt()
[0:02:04.656287321] [3553]  WARN V4L2 v4l2_pixelformat.cpp:346 Unsupported V4L2 pixel format BGR4
[0:02:04.656998611] [3565] DEBUG AtomispPipeline atomisp.cpp:1436 Largest processed stream size is 1296x976
[0:02:04.657338231] [3565] DEBUG AtomispPipeline atomisp.cpp:1438 Largest raw stream size is 0x0
[0:02:04.657564048] [3565] DEBUG AtomispPipeline atomisp.cpp:1541 Picked 1296x976-SGRBG10_1X10/Unset -> 1296x976-UYVY for max processed stream size 1296x976 and max raw stream size 0x0
[0:02:04.657812441] [3565] DEBUG AtomispPipeline atomisp.cpp:1626 Unspecified color space set to sYCC
[0:02:04.658173324] [3565] DEBUG AtomispPipeline atomisp.cpp:1690 Adjusting bufferCount from 0 to 4
[0:02:04.658633746] [3553]  WARN Formats formats.cpp:1006 Unsupported pixel format 0x00000000
[0:02:04.658809262] [3553] DEBUG AtomispPipeline atomisp.cpp:1436 Largest processed stream size is 1920x1080
[0:02:04.658961003] [3553] DEBUG AtomispPipeline atomisp.cpp:1438 Largest raw stream size is 0x0
[0:02:04.659234696] [3553]  WARN Formats formats.cpp:1006 Unsupported pixel format 0x00000000
[0:02:04.659454776] [3553] DEBUG AtomispPipeline atomisp.cpp:1541 Picked 1296x976-SGRBG10_1X10/Unset -> 1296x976-YUYV for max processed stream size 1920x1080 and max raw stream size 0x0
[0:02:04.659672405] [3553]  WARN Formats formats.cpp:1006 Unsupported pixel format 0x00000000
[0:02:04.659872422] [3553]  WARN Formats formats.cpp:1006 Unsupported pixel format 0x00000000
[0:02:04.659834596] [3553] DEBUG AtomispPipeline atomisp.cpp:1592 Adjusting processed pixel format from <INVALID> to YUYV
[0:02:04.660236930] [3553] DEBUG AtomispPipeline atomisp.cpp:1648 Adjusting size from 1920x1080 to 1296x976
[0:02:04.660608150] [3553] DEBUG V4L2Compat v4l2_camera_proxy.cpp:436 [/dev/video1 (fd:205)] vidioc_try_fmt()
[0:02:04.660773979] [3553]  WARN V4L2 v4l2_pixelformat.cpp:346 Unsupported V4L2 pixel format RGB4
[0:02:04.661542382] [3565] DEBUG AtomispPipeline atomisp.cpp:1436 Largest processed stream size is 1296x976
[0:02:04.661730674] [3565] DEBUG AtomispPipeline atomisp.cpp:1438 Largest raw stream size is 0x0
[0:02:04.661950391] [3565] DEBUG AtomispPipeline atomisp.cpp:1541 Picked 1296x976-SGRBG10_1X10/Unset -> 1296x976-UYVY for max processed stream size 1296x976 and max raw stream size 0x0
[0:02:04.662304686] [3565] DEBUG AtomispPipeline atomisp.cpp:1626 Unspecified color space set to sYCC
[0:02:04.662606105] [3565] DEBUG AtomispPipeline atomisp.cpp:1690 Adjusting bufferCount from 0 to 4
[0:02:04.663142966] [3553]  WARN Formats formats.cpp:1006 Unsupported pixel format 0x00000000
[0:02:04.663333520] [3553] DEBUG AtomispPipeline atomisp.cpp:1436 Largest processed stream size is 128x96
[0:02:04.663482286] [3553] DEBUG AtomispPipeline atomisp.cpp:1438 Largest raw stream size is 0x0
[0:02:04.663641352] [3553]  WARN Formats formats.cpp:1006 Unsupported pixel format 0x00000000
[0:02:04.663855919] [3553] DEBUG AtomispPipeline atomisp.cpp:1541 Picked 1296x976-SGRBG10_1X10/Unset -> 1296x976-YUYV for max processed stream size 128x96 and max raw stream size 0x0
[0:02:04.664138262] [3553]  WARN Formats formats.cpp:1006 Unsupported pixel format 0x00000000
[0:02:04.664340504] [3553]  WARN Formats formats.cpp:1006 Unsupported pixel format 0x00000000
[0:02:04.664301578] [3553] DEBUG AtomispPipeline atomisp.cpp:1592 Adjusting processed pixel format from <INVALID> to YUYV
[0:02:04.664646723] [3553] DEBUG AtomispPipeline atomisp.cpp:1648 Adjusting size from 128x96 to 1296x976
[0:02:04.665097070] [3553] DEBUG V4L2Compat v4l2_camera_proxy.cpp:436 [/dev/video1 (fd:205)] vidioc_try_fmt()
[0:02:04.665272061] [3553]  WARN V4L2 v4l2_pixelformat.cpp:346 Unsupported V4L2 pixel format RGB4
[0:02:04.665981501] [3565] DEBUG AtomispPipeline atomisp.cpp:1436 Largest processed stream size is 1296x976
[0:02:04.666277545] [3565] DEBUG AtomispPipeline atomisp.cpp:1438 Largest raw stream size is 0x0
[0:02:04.666489937] [3565] DEBUG AtomispPipeline atomisp.cpp:1541 Picked 1296x976-SGRBG10_1X10/Unset -> 1296x976-UYVY for max processed stream size 1296x976 and max raw stream size 0x0
[0:02:04.666730455] [3565] DEBUG AtomispPipeline atomisp.cpp:1626 Unspecified color space set to sYCC
[0:02:04.667104688] [3565] DEBUG AtomispPipeline atomisp.cpp:1690 Adjusting bufferCount from 0 to 4
[0:02:04.667595523] [3553]  WARN Formats formats.cpp:1006 Unsupported pixel format 0x00000000
[0:02:04.667778302] [3553] DEBUG AtomispPipeline atomisp.cpp:1436 Largest processed stream size is 160x120
[0:02:04.667931630] [3553] DEBUG AtomispPipeline atomisp.cpp:1438 Largest raw stream size is 0x0
[0:02:04.668185310] [3553]  WARN Formats formats.cpp:1006 Unsupported pixel format 0x00000000
[0:02:04.668402440] [3553] DEBUG AtomispPipeline atomisp.cpp:1541 Picked 1296x976-SGRBG10_1X10/Unset -> 1296x976-YUYV for max processed stream size 160x120 and max raw stream size 0x0
[0:02:04.668623382] [3553]  WARN Formats formats.cpp:1006 Unsupported pixel format 0x00000000
[0:02:04.668821824] [3553]  WARN Formats formats.cpp:1006 Unsupported pixel format 0x00000000
[0:02:04.668783848] [3553] DEBUG AtomispPipeline atomisp.cpp:1592 Adjusting processed pixel format from <INVALID> to YUYV
[0:02:04.669190094] [3553] DEBUG AtomispPipeline atomisp.cpp:1648 Adjusting size from 160x120 to 1296x976
[0:02:04.669580090] [3553] DEBUG V4L2Compat v4l2_camera_proxy.cpp:436 [/dev/video1 (fd:205)] vidioc_try_fmt()
[0:02:04.669746843] [3553]  WARN V4L2 v4l2_pixelformat.cpp:346 Unsupported V4L2 pixel format RGB4
[0:02:04.670454821] [3565] DEBUG AtomispPipeline atomisp.cpp:1436 Largest processed stream size is 1296x976
[0:02:04.670646900] [3565] DEBUG AtomispPipeline atomisp.cpp:1438 Largest raw stream size is 0x0
[0:02:04.670862029] [3565] DEBUG AtomispPipeline atomisp.cpp:1541 Picked 1296x976-SGRBG10_1X10/Unset -> 1296x976-UYVY for max processed stream size 1296x976 and max raw stream size 0x0
[0:02:04.671220887] [3565] DEBUG AtomispPipeline atomisp.cpp:1626 Unspecified color space set to sYCC
[0:02:04.671520418] [3565] DEBUG AtomispPipeline atomisp.cpp:1690 Adjusting bufferCount from 0 to 4
[0:02:04.671958628] [3553]  WARN Formats formats.cpp:1006 Unsupported pixel format 0x00000000
[0:02:04.672252621] [3553] DEBUG AtomispPipeline atomisp.cpp:1436 Largest processed stream size is 176x144
[0:02:04.672403775] [3553] DEBUG AtomispPipeline atomisp.cpp:1438 Largest raw stream size is 0x0
[0:02:04.672562478] [3553]  WARN Formats formats.cpp:1006 Unsupported pixel format 0x00000000
[0:02:04.672777120] [3553] DEBUG AtomispPipeline atomisp.cpp:1541 Picked 1296x976-SGRBG10_1X10/Unset -> 1296x976-YUYV for max processed stream size 176x144 and max raw stream size 0x0
[0:02:04.672995325] [3553]  WARN Formats formats.cpp:1006 Unsupported pixel format 0x00000000
[0:02:04.673267543] [3553]  WARN Formats formats.cpp:1006 Unsupported pixel format 0x00000000
[0:02:04.673228942] [3553] DEBUG AtomispPipeline atomisp.cpp:1592 Adjusting processed pixel format from <INVALID> to YUYV
[0:02:04.673573462] [3553] DEBUG AtomispPipeline atomisp.cpp:1648 Adjusting size from 176x144 to 1296x976
[0:02:04.673963695] [3553] DEBUG V4L2Compat v4l2_camera_proxy.cpp:436 [/dev/video1 (fd:205)] vidioc_try_fmt()
[0:02:04.674203188] [3553]  WARN V4L2 v4l2_pixelformat.cpp:346 Unsupported V4L2 pixel format RGB4
[0:02:04.674927253] [3565] DEBUG AtomispPipeline atomisp.cpp:1436 Largest processed stream size is 1296x976
[0:02:04.675219022] [3565] DEBUG AtomispPipeline atomisp.cpp:1438 Largest raw stream size is 0x0
[0:02:04.675442539] [3565] DEBUG AtomispPipeline atomisp.cpp:1541 Picked 1296x976-SGRBG10_1X10/Unset -> 1296x976-UYVY for max processed stream size 1296x976 and max raw stream size 0x0
[0:02:04.675676894] [3565] DEBUG AtomispPipeline atomisp.cpp:1626 Unspecified color space set to sYCC
[0:02:04.675983925] [3565] DEBUG AtomispPipeline atomisp.cpp:1690 Adjusting bufferCount from 0 to 4
[0:02:04.676490161] [3553]  WARN Formats formats.cpp:1006 Unsupported pixel format 0x00000000
[0:02:04.676667677] [3553] DEBUG AtomispPipeline atomisp.cpp:1436 Largest processed stream size is 320x240
[0:02:04.676819918] [3553] DEBUG AtomispPipeline atomisp.cpp:1438 Largest raw stream size is 0x0
[0:02:04.676977709] [3553]  WARN Formats formats.cpp:1006 Unsupported pixel format 0x00000000
[0:02:04.677285140] [3553] DEBUG AtomispPipeline atomisp.cpp:1541 Picked 1296x976-SGRBG10_1X10/Unset -> 1296x976-YUYV for max processed stream size 320x240 and max raw stream size 0x0
[0:02:04.677571171] [3553]  WARN Formats formats.cpp:1006 Unsupported pixel format 0x00000000
[0:02:04.677774901] [3553]  WARN Formats formats.cpp:1006 Unsupported pixel format 0x00000000
[0:02:04.677736575] [3553] DEBUG AtomispPipeline atomisp.cpp:1592 Adjusting processed pixel format from <INVALID> to YUYV
[0:02:04.678150621] [3553] DEBUG AtomispPipeline atomisp.cpp:1648 Adjusting size from 320x240 to 1296x976
[0:02:04.678535479] [3553] DEBUG V4L2Compat v4l2_camera_proxy.cpp:436 [/dev/video1 (fd:205)] vidioc_try_fmt()
[0:02:04.678701795] [3553]  WARN V4L2 v4l2_pixelformat.cpp:346 Unsupported V4L2 pixel format RGB4
[0:02:04.679446711] [3565] DEBUG AtomispPipeline atomisp.cpp:1436 Largest processed stream size is 1296x976
[0:02:04.679642403] [3565] DEBUG AtomispPipeline atomisp.cpp:1438 Largest raw stream size is 0x0
[0:02:04.679863945] [3565] DEBUG AtomispPipeline atomisp.cpp:1541 Picked 1296x976-SGRBG10_1X10/Unset -> 1296x976-UYVY for max processed stream size 1296x976 and max raw stream size 0x0
[0:02:04.680188502] [3565] DEBUG AtomispPipeline atomisp.cpp:1626 Unspecified color space set to sYCC
[0:02:04.680490958] [3565] DEBUG AtomispPipeline atomisp.cpp:1690 Adjusting bufferCount from 0 to 4
[0:02:04.680950918] [3553]  WARN Formats formats.cpp:1006 Unsupported pixel format 0x00000000
[0:02:04.681209936] [3553] DEBUG AtomispPipeline atomisp.cpp:1436 Largest processed stream size is 352x288
[0:02:04.681360176] [3553] DEBUG AtomispPipeline atomisp.cpp:1438 Largest raw stream size is 0x0
[0:02:04.681520517] [3553]  WARN Formats formats.cpp:1006 Unsupported pixel format 0x00000000
[0:02:04.681734584] [3553] DEBUG AtomispPipeline atomisp.cpp:1541 Picked 1296x976-SGRBG10_1X10/Unset -> 1296x976-YUYV for max processed stream size 352x288 and max raw stream size 0x0
[0:02:04.681953251] [3553]  WARN Formats formats.cpp:1006 Unsupported pixel format 0x00000000
[0:02:04.682223545] [3553]  WARN Formats formats.cpp:1006 Unsupported pixel format 0x00000000
[0:02:04.682185081] [3553] DEBUG AtomispPipeline atomisp.cpp:1592 Adjusting processed pixel format from <INVALID> to YUYV
[0:02:04.682534526] [3553] DEBUG AtomispPipeline atomisp.cpp:1648 Adjusting size from 352x288 to 1296x976
[0:02:04.682934385] [3553] DEBUG V4L2Compat v4l2_camera_proxy.cpp:436 [/dev/video1 (fd:205)] vidioc_try_fmt()
[0:02:04.683199128] [3553]  WARN V4L2 v4l2_pixelformat.cpp:346 Unsupported V4L2 pixel format RGB4
[0:02:04.683921018] [3565] DEBUG AtomispPipeline atomisp.cpp:1436 Largest processed stream size is 1296x976
[0:02:04.684221537] [3565] DEBUG AtomispPipeline atomisp.cpp:1438 Largest raw stream size is 0x0
[0:02:04.684439367] [3565] DEBUG AtomispPipeline atomisp.cpp:1541 Picked 1296x976-SGRBG10_1X10/Unset -> 1296x976-UYVY for max processed stream size 1296x976 and max raw stream size 0x0
[0:02:04.684683872] [3565] DEBUG AtomispPipeline atomisp.cpp:1626 Unspecified color space set to sYCC
[0:02:04.684988303] [3565] DEBUG AtomispPipeline atomisp.cpp:1690 Adjusting bufferCount from 0 to 4
[0:02:04.685506164] [3553]  WARN Formats formats.cpp:1006 Unsupported pixel format 0x00000000
[0:02:04.685684155] [3553] DEBUG AtomispPipeline atomisp.cpp:1436 Largest processed stream size is 640x480
[0:02:04.685832559] [3553] DEBUG AtomispPipeline atomisp.cpp:1438 Largest raw stream size is 0x0
[0:02:04.685988762] [3553]  WARN Formats formats.cpp:1006 Unsupported pixel format 0x00000000
[0:02:04.686299343] [3553] DEBUG AtomispPipeline atomisp.cpp:1541 Picked 1296x976-SGRBG10_1X10/Unset -> 1296x976-YUYV for max processed stream size 640x480 and max raw stream size 0x0
[0:02:04.686522723] [3553]  WARN Formats formats.cpp:1006 Unsupported pixel format 0x00000000
[0:02:04.686723215] [3553]  WARN Formats formats.cpp:1006 Unsupported pixel format 0x00000000
[0:02:04.686685439] [3553] DEBUG AtomispPipeline atomisp.cpp:1592 Adjusting processed pixel format from <INVALID> to YUYV
[0:02:04.687096023] [3553] DEBUG AtomispPipeline atomisp.cpp:1648 Adjusting size from 640x480 to 1296x976
[0:02:04.687534632] [3553] DEBUG V4L2Compat v4l2_camera_proxy.cpp:436 [/dev/video1 (fd:205)] vidioc_try_fmt()
[0:02:04.687708498] [3553]  WARN V4L2 v4l2_pixelformat.cpp:346 Unsupported V4L2 pixel format RGB4
[0:02:04.688450439] [3565] DEBUG AtomispPipeline atomisp.cpp:1436 Largest processed stream size is 1296x976
[0:02:04.688652256] [3565] DEBUG AtomispPipeline atomisp.cpp:1438 Largest raw stream size is 0x0
[0:02:04.688869935] [3565] DEBUG AtomispPipeline atomisp.cpp:1541 Picked 1296x976-SGRBG10_1X10/Unset -> 1296x976-UYVY for max processed stream size 1296x976 and max raw stream size 0x0
[0:02:04.689196055] [3565] DEBUG AtomispPipeline atomisp.cpp:1626 Unspecified color space set to sYCC
[0:02:04.689510161] [3565] DEBUG AtomispPipeline atomisp.cpp:1690 Adjusting bufferCount from 0 to 4
[0:02:04.689959546] [3553]  WARN Formats formats.cpp:1006 Unsupported pixel format 0x00000000
[0:02:04.690217301] [3553] DEBUG AtomispPipeline atomisp.cpp:1436 Largest processed stream size is 704x576
[0:02:04.690367917] [3553] DEBUG AtomispPipeline atomisp.cpp:1438 Largest raw stream size is 0x0
[0:02:04.690527958] [3553]  WARN Formats formats.cpp:1006 Unsupported pixel format 0x00000000
[0:02:04.690743800] [3553] DEBUG AtomispPipeline atomisp.cpp:1541 Picked 1296x976-SGRBG10_1X10/Unset -> 1296x976-YUYV for max processed stream size 704x576 and max raw stream size 0x0
[0:02:04.690964342] [3553]  WARN Formats formats.cpp:1006 Unsupported pixel format 0x00000000
[0:02:04.691239898] [3553]  WARN Formats formats.cpp:1006 Unsupported pixel format 0x00000000
[0:02:04.691200735] [3553] DEBUG AtomispPipeline atomisp.cpp:1592 Adjusting processed pixel format from <INVALID> to YUYV
[0:02:04.691545742] [3553] DEBUG AtomispPipeline atomisp.cpp:1648 Adjusting size from 704x576 to 1296x976
[0:02:04.691933263] [3553] DEBUG V4L2Compat v4l2_camera_proxy.cpp:436 [/dev/video1 (fd:205)] vidioc_try_fmt()
[0:02:04.692208731] [3553]  WARN V4L2 v4l2_pixelformat.cpp:346 Unsupported V4L2 pixel format RGB4
[0:02:04.692913496] [3565] DEBUG AtomispPipeline atomisp.cpp:1436 Largest processed stream size is 1296x976
[0:02:04.693217677] [3565] DEBUG AtomispPipeline atomisp.cpp:1438 Largest raw stream size is 0x0
[0:02:04.693436744] [3565] DEBUG AtomispPipeline atomisp.cpp:1541 Picked 1296x976-SGRBG10_1X10/Unset -> 1296x976-UYVY for max processed stream size 1296x976 and max raw stream size 0x0
[0:02:04.693675574] [3565] DEBUG AtomispPipeline atomisp.cpp:1626 Unspecified color space set to sYCC
[0:02:04.693972593] [3565] DEBUG AtomispPipeline atomisp.cpp:1690 Adjusting bufferCount from 0 to 4
[0:02:04.694485717] [3553]  WARN Formats formats.cpp:1006 Unsupported pixel format 0x00000000
[0:02:04.694662370] [3553] DEBUG AtomispPipeline atomisp.cpp:1436 Largest processed stream size is 800x600
[0:02:04.694810261] [3553] DEBUG AtomispPipeline atomisp.cpp:1438 Largest raw stream size is 0x0
[0:02:04.694968489] [3553]  WARN Formats formats.cpp:1006 Unsupported pixel format 0x00000000
[0:02:04.695324447] [3553] DEBUG AtomispPipeline atomisp.cpp:1541 Picked 1296x976-SGRBG10_1X10/Unset -> 1296x976-YUYV for max processed stream size 800x600 and max raw stream size 0x0
[0:02:04.695543264] [3553]  WARN Formats formats.cpp:1006 Unsupported pixel format 0x00000000
[0:02:04.695744756] [3553]  WARN Formats formats.cpp:1006 Unsupported pixel format 0x00000000
[0:02:04.695706817] [3553] DEBUG AtomispPipeline atomisp.cpp:1592 Adjusting processed pixel format from <INVALID> to YUYV
[0:02:04.696108013] [3553] DEBUG AtomispPipeline atomisp.cpp:1648 Adjusting size from 800x600 to 1296x976
[0:02:04.696499297] [3553] DEBUG V4L2Compat v4l2_camera_proxy.cpp:436 [/dev/video1 (fd:205)] vidioc_try_fmt()
[0:02:04.696667113] [3553]  WARN V4L2 v4l2_pixelformat.cpp:346 Unsupported V4L2 pixel format RGB4
[0:02:04.697457629] [3565] DEBUG AtomispPipeline atomisp.cpp:1436 Largest processed stream size is 1296x976
[0:02:04.697648708] [3565] DEBUG AtomispPipeline atomisp.cpp:1438 Largest raw stream size is 0x0
[0:02:04.697867838] [3565] DEBUG AtomispPipeline atomisp.cpp:1541 Picked 1296x976-SGRBG10_1X10/Unset -> 1296x976-UYVY for max processed stream size 1296x976 and max raw stream size 0x0
[0:02:04.698240371] [3565] DEBUG AtomispPipeline atomisp.cpp:1626 Unspecified color space set to sYCC
[0:02:04.698542027] [3565] DEBUG AtomispPipeline atomisp.cpp:1690 Adjusting bufferCount from 0 to 4
[0:02:04.698985024] [3553]  WARN Formats formats.cpp:1006 Unsupported pixel format 0x00000000
[0:02:04.699290343] [3553] DEBUG AtomispPipeline atomisp.cpp:1436 Largest processed stream size is 960x720
[0:02:04.699439034] [3553] DEBUG AtomispPipeline atomisp.cpp:1438 Largest raw stream size is 0x0
[0:02:04.699595837] [3553]  WARN Formats formats.cpp:1006 Unsupported pixel format 0x00000000
[0:02:04.699816604] [3553] DEBUG AtomispPipeline atomisp.cpp:1541 Picked 1296x976-SGRBG10_1X10/Unset -> 1296x976-YUYV for max processed stream size 960x720 and max raw stream size 0x0
[0:02:04.700092648] [3553]  WARN Formats formats.cpp:1006 Unsupported pixel format 0x00000000
[0:02:04.700299714] [3553]  WARN Formats formats.cpp:1006 Unsupported pixel format 0x00000000
[0:02:04.700260326] [3553] DEBUG AtomispPipeline atomisp.cpp:1592 Adjusting processed pixel format from <INVALID> to YUYV
[0:02:04.700604583] [3553] DEBUG AtomispPipeline atomisp.cpp:1648 Adjusting size from 960x720 to 1296x976
[0:02:04.700995167] [3553] DEBUG V4L2Compat v4l2_camera_proxy.cpp:436 [/dev/video1 (fd:205)] vidioc_try_fmt()
[0:02:04.701227309] [3553]  WARN V4L2 v4l2_pixelformat.cpp:346 Unsupported V4L2 pixel format RGB4
[0:02:04.701943112] [3565] DEBUG AtomispPipeline atomisp.cpp:1436 Largest processed stream size is 1296x976
[0:02:04.702236805] [3565] DEBUG AtomispPipeline atomisp.cpp:1438 Largest raw stream size is 0x0
[0:02:04.702456398] [3565] DEBUG AtomispPipeline atomisp.cpp:1541 Picked 1296x976-SGRBG10_1X10/Unset -> 1296x976-UYVY for max processed stream size 1296x976 and max raw stream size 0x0
[0:02:04.702701378] [3565] DEBUG AtomispPipeline atomisp.cpp:1626 Unspecified color space set to sYCC
[0:02:04.702999609] [3565] DEBUG AtomispPipeline atomisp.cpp:1690 Adjusting bufferCount from 0 to 4
[0:02:04.703499720] [3553]  WARN Formats formats.cpp:1006 Unsupported pixel format 0x00000000
[0:02:04.703678573] [3553] DEBUG AtomispPipeline atomisp.cpp:1436 Largest processed stream size is 1280x720
[0:02:04.703827739] [3553] DEBUG AtomispPipeline atomisp.cpp:1438 Largest raw stream size is 0x0
[0:02:04.703985792] [3553]  WARN Formats formats.cpp:1006 Unsupported pixel format 0x00000000
[0:02:04.704306762] [3553] DEBUG AtomispPipeline atomisp.cpp:1541 Picked 1296x976-SGRBG10_1X10/Unset -> 1296x976-YUYV for max processed stream size 1280x720 and max raw stream size 0x0
[0:02:04.704526391] [3553]  WARN Formats formats.cpp:1006 Unsupported pixel format 0x00000000
[0:02:04.704729046] [3553]  WARN Formats formats.cpp:1006 Unsupported pixel format 0x00000000
[0:02:04.704691120] [3553] DEBUG AtomispPipeline atomisp.cpp:1592 Adjusting processed pixel format from <INVALID> to YUYV
[0:02:04.705091678] [3553] DEBUG AtomispPipeline atomisp.cpp:1648 Adjusting size from 1280x720 to 1296x976
[0:02:04.705488462] [3553] DEBUG V4L2Compat v4l2_camera_proxy.cpp:436 [/dev/video1 (fd:205)] vidioc_try_fmt()
[0:02:04.705658040] [3553]  WARN V4L2 v4l2_pixelformat.cpp:346 Unsupported V4L2 pixel format RGB4
[0:02:04.706426907] [3565] DEBUG AtomispPipeline atomisp.cpp:1436 Largest processed stream size is 1296x976
[0:02:04.706620823] [3565] DEBUG AtomispPipeline atomisp.cpp:1438 Largest raw stream size is 0x0
[0:02:04.706839878] [3565] DEBUG AtomispPipeline atomisp.cpp:1541 Picked 1296x976-SGRBG10_1X10/Unset -> 1296x976-UYVY for max processed stream size 1296x976 and max raw stream size 0x0
[0:02:04.707162747] [3565] DEBUG AtomispPipeline atomisp.cpp:1626 Unspecified color space set to sYCC
[0:02:04.707474129] [3565] DEBUG AtomispPipeline atomisp.cpp:1690 Adjusting bufferCount from 0 to 4
[0:02:04.707929213] [3553]  WARN Formats formats.cpp:1006 Unsupported pixel format 0x00000000
[0:02:04.708196156] [3553] DEBUG AtomispPipeline atomisp.cpp:1436 Largest processed stream size is 1024x768
[0:02:04.708347322] [3553] DEBUG AtomispPipeline atomisp.cpp:1438 Largest raw stream size is 0x0
[0:02:04.708549201] [3553]  WARN Formats formats.cpp:1006 Unsupported pixel format 0x00000000
[0:02:04.708768681] [3553] DEBUG AtomispPipeline atomisp.cpp:1541 Picked 1296x976-SGRBG10_1X10/Unset -> 1296x976-YUYV for max processed stream size 1024x768 and max raw stream size 0x0
[0:02:04.708987661] [3553]  WARN Formats formats.cpp:1006 Unsupported pixel format 0x00000000
[0:02:04.709257504] [3553]  WARN Formats formats.cpp:1006 Unsupported pixel format 0x00000000
[0:02:04.709219191] [3553] DEBUG AtomispPipeline atomisp.cpp:1592 Adjusting processed pixel format from <INVALID> to YUYV
[0:02:04.709562685] [3553] DEBUG AtomispPipeline atomisp.cpp:1648 Adjusting size from 1024x768 to 1296x976
[0:02:04.709949819] [3553] DEBUG V4L2Compat v4l2_camera_proxy.cpp:436 [/dev/video1 (fd:205)] vidioc_try_fmt()
[0:02:04.710184886] [3553]  WARN V4L2 v4l2_pixelformat.cpp:346 Unsupported V4L2 pixel format RGB4
[0:02:04.710883426] [3565] DEBUG AtomispPipeline atomisp.cpp:1436 Largest processed stream size is 1296x976
[0:02:04.711169419] [3565] DEBUG AtomispPipeline atomisp.cpp:1438 Largest raw stream size is 0x0
[0:02:04.711386336] [3565] DEBUG AtomispPipeline atomisp.cpp:1541 Picked 1296x976-SGRBG10_1X10/Unset -> 1296x976-UYVY for max processed stream size 1296x976 and max raw stream size 0x0
[0:02:04.711624566] [3565] DEBUG AtomispPipeline atomisp.cpp:1626 Unspecified color space set to sYCC
[0:02:04.711923773] [3565] DEBUG AtomispPipeline atomisp.cpp:1690 Adjusting bufferCount from 0 to 4
[0:02:04.712432771] [3553]  WARN Formats formats.cpp:1006 Unsupported pixel format 0x00000000
[0:02:04.712607487] [3553] DEBUG AtomispPipeline atomisp.cpp:1436 Largest processed stream size is 1440x1080
[0:02:04.712754878] [3553] DEBUG AtomispPipeline atomisp.cpp:1438 Largest raw stream size is 0x0
[0:02:04.712911531] [3553]  WARN Formats formats.cpp:1006 Unsupported pixel format 0x00000000
[0:02:04.713227075] [3553] DEBUG AtomispPipeline atomisp.cpp:1541 Picked 1296x976-SGRBG10_1X10/Unset -> 1296x976-YUYV for max processed stream size 1440x1080 and max raw stream size 0x0
[0:02:04.713453455] [3553]  WARN Formats formats.cpp:1006 Unsupported pixel format 0x00000000
[0:02:04.713655484] [3553]  WARN Formats formats.cpp:1006 Unsupported pixel format 0x00000000
[0:02:04.713617734] [3553] DEBUG AtomispPipeline atomisp.cpp:1592 Adjusting processed pixel format from <INVALID> to YUYV
[0:02:04.713961603] [3553] DEBUG AtomispPipeline atomisp.cpp:1648 Adjusting size from 1440x1080 to 1296x976
[0:02:04.714413838] [3553] DEBUG V4L2Compat v4l2_camera_proxy.cpp:436 [/dev/video1 (fd:205)] vidioc_try_fmt()
[0:02:04.714584104] [3553]  WARN V4L2 v4l2_pixelformat.cpp:346 Unsupported V4L2 pixel format RGB4
[0:02:04.715382296] [3565] DEBUG AtomispPipeline atomisp.cpp:1436 Largest processed stream size is 1296x976
[0:02:04.715574663] [3565] DEBUG AtomispPipeline atomisp.cpp:1438 Largest raw stream size is 0x0
[0:02:04.715794880] [3565] DEBUG AtomispPipeline atomisp.cpp:1541 Picked 1296x976-SGRBG10_1X10/Unset -> 1296x976-UYVY for max processed stream size 1296x976 and max raw stream size 0x0
[0:02:04.716094399] [3565] DEBUG AtomispPipeline atomisp.cpp:1626 Unspecified color space set to sYCC
[0:02:04.716403843] [3565] DEBUG AtomispPipeline atomisp.cpp:1690 Adjusting bufferCount from 0 to 4
[0:02:04.716851302] [3553]  WARN Formats formats.cpp:1006 Unsupported pixel format 0x00000000
[0:02:04.717144171] [3553] DEBUG AtomispPipeline atomisp.cpp:1436 Largest processed stream size is 1920x1080
[0:02:04.717303049] [3553] DEBUG AtomispPipeline atomisp.cpp:1438 Largest raw stream size is 0x0
[0:02:04.717468190] [3553]  WARN Formats formats.cpp:1006 Unsupported pixel format 0x00000000
[0:02:04.717683720] [3553] DEBUG AtomispPipeline atomisp.cpp:1541 Picked 1296x976-SGRBG10_1X10/Unset -> 1296x976-YUYV for max processed stream size 1920x1080 and max raw stream size 0x0
[0:02:04.717909574] [3553]  WARN Formats formats.cpp:1006 Unsupported pixel format 0x00000000
[0:02:04.718179243] [3553]  WARN Formats formats.cpp:1006 Unsupported pixel format 0x00000000
[0:02:04.718140092] [3553] DEBUG AtomispPipeline atomisp.cpp:1592 Adjusting processed pixel format from <INVALID> to YUYV
[0:02:04.718540500] [3553] DEBUG AtomispPipeline atomisp.cpp:1648 Adjusting size from 1920x1080 to 1296x976
[0:02:04.719172514] [3553] DEBUG V4L2Compat v4l2_camera_proxy.cpp:101 [/dev/video1 (fd:205)] close()
[0:02:04.722738477] [3553] DEBUG V4L2Compat v4l2_compat_manager.cpp:153 No camera found for /dev/video0
[0:02:04.723313764] [3553] DEBUG V4L2Compat v4l2_camera_proxy.cpp:66 [] open()
[0:02:04.724618179] [3565] DEBUG AtomispPipeline atomisp.cpp:1436 Largest processed stream size is 1296x976
[0:02:04.724862371] [3565] DEBUG AtomispPipeline atomisp.cpp:1438 Largest raw stream size is 0x0
[0:02:04.725189116] [3565] DEBUG AtomispPipeline atomisp.cpp:1541 Picked 1296x976-SGRBG10_1X10/Unset -> 1296x976-UYVY for max processed stream size 1296x976 and max raw stream size 0x0
[0:02:04.725453259] [3565] DEBUG AtomispPipeline atomisp.cpp:1626 Unspecified color space set to sYCC
[0:02:04.725783166] [3565] DEBUG AtomispPipeline atomisp.cpp:1690 Adjusting bufferCount from 0 to 4
[0:02:04.726324527] [3553] DEBUG V4L2Compat v4l2_camera_proxy.cpp:219 V4L2 proxy layout: format=UYVY activeSize=1296x976 exposedSize=1312x976 bytesperline=2624 sizeimage=2564096 packedPaddingWidthQuirk=1
[0:02:04.726551995] [3553]  WARN V4L2Compat v4l2_camera_proxy.cpp:243 Camera does not support FrameDurationLimits
[0:02:04.726756649] [3553] DEBUG V4L2Compat v4l2_compat_manager.cpp:168 Opened /dev/video1 -> fd 205
[0:02:04.726930178] [3553] DEBUG V4L2Compat v4l2_camera_proxy.cpp:304 [/dev/video1 (fd:205)] vidioc_querycap()
[0:02:04.727197983] [3553] DEBUG V4L2Compat v4l2_camera_proxy.cpp:101 [/dev/video1 (fd:205)] close()
[0:02:04.735915805] [3553] DEBUG V4L2Compat v4l2_camera_proxy.cpp:66 [] open()
[0:02:04.737097543] [3565] DEBUG AtomispPipeline atomisp.cpp:1436 Largest processed stream size is 1296x976
[0:02:04.737362286] [3565] DEBUG AtomispPipeline atomisp.cpp:1438 Largest raw stream size is 0x0
[0:02:04.737606678] [3565] DEBUG AtomispPipeline atomisp.cpp:1541 Picked 1296x976-SGRBG10_1X10/Unset -> 1296x976-UYVY for max processed stream size 1296x976 and max raw stream size 0x0
[0:02:04.737873697] [3565] DEBUG AtomispPipeline atomisp.cpp:1626 Unspecified color space set to sYCC
[0:02:04.738275368] [3565] DEBUG AtomispPipeline atomisp.cpp:1690 Adjusting bufferCount from 0 to 4
[0:02:04.738672901] [3553] DEBUG V4L2Compat v4l2_camera_proxy.cpp:219 V4L2 proxy layout: format=UYVY activeSize=1296x976 exposedSize=1312x976 bytesperline=2624 sizeimage=2564096 packedPaddingWidthQuirk=1
[0:02:04.738756578] [3553]  WARN V4L2Compat v4l2_camera_proxy.cpp:243 Camera does not support FrameDurationLimits
[0:02:04.738836342] [3553] DEBUG V4L2Compat v4l2_compat_manager.cpp:168 Opened /dev/video1 -> fd 205
[0:02:04.738912981] [3553] DEBUG V4L2Compat v4l2_camera_proxy.cpp:338 [/dev/video1 (fd:205)] vidioc_enum_fmt()
[0:02:04.739149199] [3553] DEBUG V4L2Compat v4l2_camera_proxy.cpp:338 [/dev/video1 (fd:205)] vidioc_enum_fmt()
[0:02:04.739245476] [3553] DEBUG V4L2Compat v4l2_camera_proxy.cpp:338 [/dev/video1 (fd:205)] vidioc_enum_fmt()
[0:02:04.739322640] [3553] DEBUG V4L2Compat v4l2_camera_proxy.cpp:404 [/dev/video1 (fd:205)] vidioc_s_fmt()
[0:02:04.739858789] [3565] DEBUG AtomispPipeline atomisp.cpp:1436 Largest processed stream size is 1296x976
[0:02:04.740150157] [3565] DEBUG AtomispPipeline atomisp.cpp:1438 Largest raw stream size is 0x0
[0:02:04.740378837] [3565] DEBUG AtomispPipeline atomisp.cpp:1541 Picked 1296x976-SGRBG10_1X10/Unset -> 1296x976-UYVY for max processed stream size 1296x976 and max raw stream size 0x0
[0:02:04.740638355] [3565] DEBUG AtomispPipeline atomisp.cpp:1626 Unspecified color space set to sYCC
[0:02:04.740944262] [3565] DEBUG AtomispPipeline atomisp.cpp:1690 Adjusting bufferCount from 0 to 4
[0:02:04.741356008] [3553] DEBUG AtomispPipeline atomisp.cpp:1436 Largest processed stream size is 640x480
[0:02:04.741421034] [3553] DEBUG AtomispPipeline atomisp.cpp:1438 Largest raw stream size is 0x0
[0:02:04.741547712] [3553] DEBUG AtomispPipeline atomisp.cpp:1541 Picked 1296x976-SGRBG10_1X10/Unset -> 1296x976-YUYV for max processed stream size 640x480 and max raw stream size 0x0
[0:02:04.741653639] [3553] DEBUG AtomispPipeline atomisp.cpp:1648 Adjusting size from 640x480 to 1296x976
[0:02:04.741858706] [3553] DEBUG AtomispPipeline atomisp.cpp:1436 Largest processed stream size is 1296x976
[0:02:04.741918107] [3553] DEBUG AtomispPipeline atomisp.cpp:1438 Largest raw stream size is 0x0
[0:02:04.741995634] [3553] DEBUG AtomispPipeline atomisp.cpp:1541 Picked 1296x976-SGRBG10_1X10/Unset -> 1296x976-YUYV for max processed stream size 1296x976 and max raw stream size 0x0
[0:02:04.742174900] [3553] DEBUG AtomispPipeline atomisp.cpp:1690 Adjusting bufferCount from 0 to 4
[0:02:04.742229964] [3553] DEBUG V4L2Compat v4l2_camera.cpp:126 Configuration adjusted
[0:02:04.742283802] [3553] DEBUG V4L2Compat v4l2_camera.cpp:128 Validated configuration is: 1296x976-YUYV/sYCC
[0:02:04.742390642] [3553] DEBUG AtomispPipeline atomisp.cpp:1436 Largest processed stream size is 1296x976
[0:02:04.742444868] [3553] DEBUG AtomispPipeline atomisp.cpp:1438 Largest raw stream size is 0x0
[0:02:04.742522595] [3553] DEBUG AtomispPipeline atomisp.cpp:1541 Picked 1296x976-SGRBG10_1X10/Unset -> 1296x976-YUYV for max processed stream size 1296x976 and max raw stream size 0x0
[0:02:04.742681098] [3553]  INFO Camera camera.cpp:1216 configuring streams: (0) 1296x976-YUYV/sYCC
[0:02:04.744668365] [3565] DEBUG AtomispPipeline atomisp.cpp:1127 Link 'mt9m114 pixel array 2-0048'[0] -> 'mt9m114 ifp 2-0048'[0]: configured with format 1296x976-SGRBG10_1X10/RAW
[0:02:04.745168613] [3565] DEBUG AtomispPipeline atomisp.cpp:1127 Link 'mt9m114 ifp 2-0048'[1] -> 'ATOM ISP CSI2-port0'[0]: configured with format 1288x968-UYVY8_1X16/Unset
[0:02:04.745461157] [3565] DEBUG AtomispPipeline atomisp.cpp:1127 Link 'ATOM ISP CSI2-port0'[1] -> 'Atom ISP'[0]: configured with format 1288x968-UYVY8_1X16/Unset
[0:02:04.745696687] [3565] DEBUG AtomispPipeline atomisp.cpp:1127 Link 'Atom ISP'[1] -> 'ATOMISP video output'[0]: configured with format 1288x968-SBGGR10_1X10/Unset
[0:02:04.751424358] [3565] DEBUG AtomispPipeline atomisp.cpp:1948 AtomISP stream layout: format=YUYV size=1296x976 stride=2624 frameSize=2564096 packedStride=2592
[0:02:04.752502968] [3565] DEBUG AtomispPipeline atomisp.cpp:264 AtomISP AE configured: exp [1..995] hw=995 gain [1..511] hw=32 height=976 vblankPracticalMax=43889 format=YUYV size=1296x976 bpl=2624
[0:02:04.753404700] [3553] DEBUG V4L2Compat v4l2_camera_proxy.cpp:219 V4L2 proxy layout: format=YUYV activeSize=1296x976 exposedSize=1312x976 bytesperline=2624 sizeimage=2564096 packedPaddingWidthQuirk=1
[0:02:04.753547228] [3553]  WARN V4L2Compat v4l2_camera_proxy.cpp:243 Camera does not support FrameDurationLimits
[0:02:04.753629067] [3553] DEBUG V4L2Compat v4l2_camera_proxy.cpp:815 [/dev/video1 (fd:205)] vidioc_g_parm()
[0:02:04.753700531] [3553] DEBUG V4L2Compat v4l2_camera_proxy.cpp:831 [/dev/video1 (fd:205)] vidioc_s_parm()
[0:02:04.753854010] [3553] DEBUG V4L2Compat v4l2_camera_proxy.cpp:532 [/dev/video1 (fd:205)] vidioc_reqbufs()
[0:02:04.753918886] [3553] DEBUG V4L2Compat v4l2_camera_proxy.cpp:539 4 buffers requested 
[0:02:04.754049351] [3553] DEBUG AtomispPipeline atomisp.cpp:1436 Largest processed stream size is 1312x976
[0:02:04.754121140] [3553] DEBUG AtomispPipeline atomisp.cpp:1438 Largest raw stream size is 0x0
[0:02:04.754225142] [3553] DEBUG AtomispPipeline atomisp.cpp:1541 Picked 1296x976-SGRBG10_1X10/Unset -> 1296x976-YUYV for max processed stream size 1312x976 and max raw stream size 0x0
[0:02:04.754339632] [3553] DEBUG AtomispPipeline atomisp.cpp:1648 Adjusting size from 1312x976 to 1296x976
[0:02:04.754504886] [3553] DEBUG V4L2Compat v4l2_camera.cpp:126 Configuration adjusted
[0:02:04.754572137] [3553] DEBUG V4L2Compat v4l2_camera.cpp:128 Validated configuration is: 1296x976-YUYV/sYCC
[0:02:04.754678527] [3553] DEBUG AtomispPipeline atomisp.cpp:1436 Largest processed stream size is 1296x976
[0:02:04.754744191] [3553] DEBUG AtomispPipeline atomisp.cpp:1438 Largest raw stream size is 0x0
[0:02:04.754874169] [3553] DEBUG AtomispPipeline atomisp.cpp:1541 Picked 1296x976-SGRBG10_1X10/Unset -> 1296x976-YUYV for max processed stream size 1296x976 and max raw stream size 0x0
[0:02:04.755080785] [3553]  INFO Camera camera.cpp:1216 configuring streams: (0) 1296x976-YUYV/sYCC
[0:02:04.756943187] [3565] DEBUG AtomispPipeline atomisp.cpp:1127 Link 'mt9m114 pixel array 2-0048'[0] -> 'mt9m114 ifp 2-0048'[0]: configured with format 1296x976-SGRBG10_1X10/RAW
[0:02:04.757476511] [3565] DEBUG AtomispPipeline atomisp.cpp:1127 Link 'mt9m114 ifp 2-0048'[1] -> 'ATOM ISP CSI2-port0'[0]: configured with format 1296x976-SGRBG10_1X10/Unset
[0:02:04.757765830] [3565] DEBUG AtomispPipeline atomisp.cpp:1127 Link 'ATOM ISP CSI2-port0'[1] -> 'Atom ISP'[0]: configured with format 1296x976-SGRBG10_1X10/Unset
[0:02:04.758061749] [3565] DEBUG AtomispPipeline atomisp.cpp:1127 Link 'Atom ISP'[1] -> 'ATOMISP video output'[0]: configured with format 1296x976-0x8008/Unset
[0:02:04.765447880] [3565] DEBUG AtomispPipeline atomisp.cpp:1948 AtomISP stream layout: format=YUYV size=1296x976 stride=2624 frameSize=2564096 packedStride=2592
[0:02:04.766477389] [3565] DEBUG AtomispPipeline atomisp.cpp:264 AtomISP AE configured: exp [1..995] hw=995 gain [1..511] hw=32 height=976 vblankPracticalMax=43889 format=YUYV size=1296x976 bpl=2624
[0:02:04.767043926] [3553] DEBUG V4L2Compat v4l2_camera_proxy.cpp:219 V4L2 proxy layout: format=YUYV activeSize=1296x976 exposedSize=1312x976 bytesperline=2624 sizeimage=2564096 packedPaddingWidthQuirk=1
[0:02:04.767172079] [3553]  WARN V4L2Compat v4l2_camera_proxy.cpp:243 Camera does not support FrameDurationLimits
[0:02:04.778796487] [3565] DEBUG V4L2 v4l2_videodevice.cpp:1336 /dev/video1[200:cap]: 4 buffers requested.
[0:02:04.783387559] [3565] DEBUG V4L2 v4l2_videodevice.cpp:1336 /dev/video1[200:cap]: 0 buffers requested.
[0:02:04.784590447] [3553] DEBUG V4L2Compat v4l2_camera_proxy.cpp:599 Allocated 4 buffers
[0:02:04.784792089] [3553] DEBUG V4L2Compat v4l2_camera_proxy.cpp:608 [/dev/video1 (fd:205)] vidioc_querybuf()
[0:02:04.784940842] [3553] DEBUG V4L2Compat v4l2_camera_proxy.cpp:119 [/dev/video1 (fd:205)] mmap()
[0:02:04.786063353] [3553] DEBUG V4L2Compat v4l2_camera_proxy.cpp:659 [/dev/video1 (fd:205)] vidioc_qbuf(index=0)
[0:02:04.786689766] [3553] DEBUG V4L2Compat v4l2_camera_proxy.cpp:608 [/dev/video1 (fd:205)] vidioc_querybuf()
[0:02:04.786814857] [3553] DEBUG V4L2Compat v4l2_camera_proxy.cpp:119 [/dev/video1 (fd:205)] mmap()
[0:02:04.787556460] [3553] DEBUG V4L2Compat v4l2_camera_proxy.cpp:659 [/dev/video1 (fd:205)] vidioc_qbuf(index=1)
[0:02:04.787762652] [3553] DEBUG V4L2Compat v4l2_camera_proxy.cpp:608 [/dev/video1 (fd:205)] vidioc_querybuf()
[0:02:04.787875967] [3553] DEBUG V4L2Compat v4l2_camera_proxy.cpp:119 [/dev/video1 (fd:205)] mmap()
[0:02:04.788575706] [3553] DEBUG V4L2Compat v4l2_camera_proxy.cpp:659 [/dev/video1 (fd:205)] vidioc_qbuf(index=2)
[0:02:04.788794773] [3553] DEBUG V4L2Compat v4l2_camera_proxy.cpp:608 [/dev/video1 (fd:205)] vidioc_querybuf()
[0:02:04.788921451] [3553] DEBUG V4L2Compat v4l2_camera_proxy.cpp:119 [/dev/video1 (fd:205)] mmap()
[0:02:04.789686130] [3553] DEBUG V4L2Compat v4l2_camera_proxy.cpp:659 [/dev/video1 (fd:205)] vidioc_qbuf(index=3)
[0:02:04.789875184] [3553] DEBUG V4L2Compat v4l2_camera_proxy.cpp:768 [/dev/video1 (fd:205)] vidioc_streamon()
[0:02:04.790982395] [3565] DEBUG V4L2 v4l2_videodevice.cpp:1336 /dev/video1[200:cap]: 4 buffers requested.
[0:02:04.791435392] [3565] DEBUG V4L2 v4l2_videodevice.cpp:1603 /dev/video1[200:cap]: Prepared to import 4 buffers
[0:02:04.791870101] [3565] DEBUG AtomispPipeline atomisp.cpp:2071 Set exposure mode 1 on mt9m114 ifp 2-0048
[0:02:04.792468714] [3565] DEBUG AtomispPipeline atomisp.cpp:283 AtomISP AE bootstrap: exp=995 gain=32 vblank=21
[0:02:05.031858489] [3565] DEBUG V4L2 v4l2_videodevice.cpp:1783 /dev/video1[200:cap]: Queueing buffer 0
[0:02:05.034619572] [3565] DEBUG V4L2 v4l2_videodevice.cpp:1783 /dev/video1[200:cap]: Queueing buffer 1
[0:02:05.036662428] [3565] DEBUG V4L2 v4l2_videodevice.cpp:1783 /dev/video1[200:cap]: Queueing buffer 2
[0:02:05.038454703] [3565] DEBUG V4L2 v4l2_videodevice.cpp:1783 /dev/video1[200:cap]: Queueing buffer 3
[0:02:05.072460022] [3565] DEBUG V4L2 v4l2_videodevice.cpp:1855 /dev/video1[200:cap]: Dequeuing buffer 0
[0:02:05.073773337] [3568] DEBUG V4L2Compat v4l2_camera_proxy.cpp:691 [/dev/video1 (fd:205)] vidioc_dqbuf()
[0:02:05.079942005] [3568] DEBUG V4L2Compat v4l2_camera_proxy.cpp:659 [/dev/video1 (fd:205)] vidioc_qbuf(index=0)
[0:02:05.084735319] [3565] DEBUG V4L2 v4l2_videodevice.cpp:1783 /dev/video1[200:cap]: Queueing buffer 0
[0:02:05.105688012] [3565] DEBUG V4L2 v4l2_videodevice.cpp:1855 /dev/video1[200:cap]: Dequeuing buffer 1
[0:02:05.106635332] [3568] DEBUG V4L2Compat v4l2_camera_proxy.cpp:691 [/dev/video1 (fd:205)] vidioc_dqbuf()
[0:02:05.115687286] [3568] DEBUG V4L2Compat v4l2_camera_proxy.cpp:659 [/dev/video1 (fd:205)] vidioc_qbuf(index=1)
[0:02:05.118635924] [3565] DEBUG V4L2 v4l2_videodevice.cpp:1783 /dev/video1[200:cap]: Queueing buffer 1
[0:02:05.138735136] [3565] DEBUG V4L2 v4l2_videodevice.cpp:1855 /dev/video1[200:cap]: Dequeuing buffer 2
[0:02:05.139244997] [3568] DEBUG V4L2Compat v4l2_camera_proxy.cpp:691 [/dev/video1 (fd:205)] vidioc_dqbuf()
[0:02:05.149579591] [3568] DEBUG V4L2Compat v4l2_camera_proxy.cpp:659 [/dev/video1 (fd:205)] vidioc_qbuf(index=2)
[0:02:05.151196962] [3565] DEBUG V4L2 v4l2_videodevice.cpp:1783 /dev/video1[200:cap]: Queueing buffer 2
[0:02:05.173742777] [3565] DEBUG V4L2 v4l2_videodevice.cpp:1855 /dev/video1[200:cap]: Dequeuing buffer 3
[0:02:05.174348839] [3568] DEBUG V4L2Compat v4l2_camera_proxy.cpp:691 [/dev/video1 (fd:205)] vidioc_dqbuf()
[0:02:05.174667146] [3568] DEBUG V4L2Compat v4l2_camera_proxy.cpp:691 [/dev/video1 (fd:205)] vidioc_dqbuf()
[0:02:05.174750598] [3568] DEBUG V4L2Compat v4l2_camera_proxy.cpp:691 [/dev/video1 (fd:205)] vidioc_dqbuf()
[0:02:05.174822587] [3568] DEBUG V4L2Compat v4l2_camera_proxy.cpp:691 [/dev/video1 (fd:205)] vidioc_dqbuf()
[0:02:05.174887076] [3568] DEBUG V4L2Compat v4l2_camera_proxy.cpp:691 [/dev/video1 (fd:205)] vidioc_dqbuf()
[0:02:05.174954040] [3568] DEBUG V4L2Compat v4l2_camera_proxy.cpp:691 [/dev/video1 (fd:205)] vidioc_dqbuf()
[0:02:05.175086192] [3568] DEBUG V4L2Compat v4l2_camera_proxy.cpp:691 [/dev/video1 (fd:205)] vidioc_dqbuf()
[0:02:05.175160144] [3568] DEBUG V4L2Compat v4l2_camera_proxy.cpp:691 [/dev/video1 (fd:205)] vidioc_dqbuf()
[0:02:05.175242296] [3568] DEBUG V4L2Compat v4l2_camera_proxy.cpp:691 [/dev/video1 (fd:205)] vidioc_dqbuf()
[0:02:05.175321672] [3568] DEBUG V4L2Compat v4l2_camera_proxy.cpp:691 [/dev/video1 (fd:205)] vidioc_dqbuf()
[0:02:05.175480751] [3568] DEBUG V4L2Compat v4l2_camera_proxy.cpp:691 [/dev/video1 (fd:205)] vidioc_dqbuf()
[0:02:05.187283200] [3568] DEBUG V4L2Compat v4l2_camera_proxy.cpp:659 [/dev/video1 (fd:205)] vidioc_qbuf(index=3)
[0:02:05.187917414] [3565] DEBUG V4L2 v4l2_videodevice.cpp:1783 /dev/video1[200:cap]: Queueing buffer 3
[0:02:05.205266868] [3565] DEBUG V4L2 v4l2_videodevice.cpp:1855 /dev/video1[200:cap]: Dequeuing buffer 0
[0:02:05.205671202] [3568] DEBUG V4L2Compat v4l2_camera_proxy.cpp:691 [/dev/video1 (fd:205)] vidioc_dqbuf()
[0:02:05.211653066] [3568] DEBUG V4L2Compat v4l2_camera_proxy.cpp:659 [/dev/video1 (fd:205)] vidioc_qbuf(index=0)
[0:02:05.212569498] [3565] DEBUG V4L2 v4l2_videodevice.cpp:1783 /dev/video1[200:cap]: Queueing buffer 0
[0:02:05.238757151] [3565] DEBUG V4L2 v4l2_videodevice.cpp:1855 /dev/video1[200:cap]: Dequeuing buffer 1
[0:02:05.243140794] [3568] DEBUG V4L2Compat v4l2_camera_proxy.cpp:691 [/dev/video1 (fd:205)] vidioc_dqbuf()
[0:02:05.272463189] [3565] DEBUG V4L2 v4l2_videodevice.cpp:1855 /dev/video1[200:cap]: Dequeuing buffer 2
[0:02:05.286902107] [3568] DEBUG V4L2Compat v4l2_camera_proxy.cpp:659 [/dev/video1 (fd:205)] vidioc_qbuf(index=1)
[0:02:05.288152184] [3565] DEBUG V4L2 v4l2_videodevice.cpp:1783 /dev/video1[200:cap]: Queueing buffer 1
[0:02:05.289170593] [3568] DEBUG V4L2Compat v4l2_camera_proxy.cpp:691 [/dev/video1 (fd:205)] vidioc_dqbuf()
[0:02:05.296818129] [3568] DEBUG V4L2Compat v4l2_camera_proxy.cpp:659 [/dev/video1 (fd:205)] vidioc_qbuf(index=2)
[0:02:05.298096519] [3565] DEBUG V4L2 v4l2_videodevice.cpp:1783 /dev/video1[200:cap]: Queueing buffer 2
[0:02:05.309270280] [3565] DEBUG V4L2 v4l2_videodevice.cpp:1855 /dev/video1[200:cap]: Dequeuing buffer 3
[0:02:05.309846905] [3568] DEBUG V4L2Compat v4l2_camera_proxy.cpp:691 [/dev/video1 (fd:205)] vidioc_dqbuf()
[0:02:05.338682827] [3565] DEBUG V4L2 v4l2_videodevice.cpp:1855 /dev/video1[200:cap]: Dequeuing buffer 0
[0:02:05.340829035] [3568] DEBUG V4L2Compat v4l2_camera_proxy.cpp:659 [/dev/video1 (fd:205)] vidioc_qbuf(index=3)
[0:02:05.342219889] [3568] DEBUG V4L2Compat v4l2_camera_proxy.cpp:691 [/dev/video1 (fd:205)] vidioc_dqbuf()
[0:02:05.344611665] [3565] DEBUG V4L2 v4l2_videodevice.cpp:1783 /dev/video1[200:cap]: Queueing buffer 3
[0:02:05.372733735] [3565] DEBUG V4L2 v4l2_videodevice.cpp:1855 /dev/video1[200:cap]: Dequeuing buffer 1
[0:02:05.391870739] [3568] DEBUG V4L2Compat v4l2_camera_proxy.cpp:659 [/dev/video1 (fd:205)] vidioc_qbuf(index=0)
[0:02:05.392567892] [3565] DEBUG V4L2 v4l2_videodevice.cpp:1783 /dev/video1[200:cap]: Queueing buffer 0
[0:02:05.393669265] [3568] DEBUG V4L2Compat v4l2_camera_proxy.cpp:691 [/dev/video1 (fd:205)] vidioc_dqbuf()
[0:02:05.405110044] [3565] DEBUG V4L2 v4l2_videodevice.cpp:1855 /dev/video1[200:cap]: Dequeuing buffer 2
[0:02:05.406570125] [3568] DEBUG V4L2Compat v4l2_camera_proxy.cpp:659 [/dev/video1 (fd:205)] vidioc_qbuf(index=1)
[0:02:05.408612243] [3568] DEBUG V4L2Compat v4l2_camera_proxy.cpp:691 [/dev/video1 (fd:205)] vidioc_dqbuf()
[0:02:05.410383718] [3565] DEBUG V4L2 v4l2_videodevice.cpp:1783 /dev/video1[200:cap]: Queueing buffer 1
[0:02:05.416397496] [3568] DEBUG V4L2Compat v4l2_camera_proxy.cpp:659 [/dev/video1 (fd:205)] vidioc_qbuf(index=2)
[0:02:05.417258589] [3565] DEBUG V4L2 v4l2_videodevice.cpp:1783 /dev/video1[200:cap]: Queueing buffer 2
[0:02:05.438162368] [3565] DEBUG V4L2 v4l2_videodevice.cpp:1855 /dev/video1[200:cap]: Dequeuing buffer 3
[0:02:05.438577452] [3568] DEBUG V4L2Compat v4l2_camera_proxy.cpp:691 [/dev/video1 (fd:205)] vidioc_dqbuf()
[0:02:05.444496077] [3568] DEBUG V4L2Compat v4l2_camera_proxy.cpp:659 [/dev/video1 (fd:205)] vidioc_qbuf(index=3)
[0:02:05.445696328] [3565] DEBUG V4L2 v4l2_videodevice.cpp:1783 /dev/video1[200:cap]: Queueing buffer 3
[0:02:05.471285306] [3565] DEBUG V4L2 v4l2_videodevice.cpp:1855 /dev/video1[200:cap]: Dequeuing buffer 0
[0:02:05.471643001] [3568] DEBUG V4L2Compat v4l2_camera_proxy.cpp:691 [/dev/video1 (fd:205)] vidioc_dqbuf()
[0:02:05.478850729] [3568] DEBUG V4L2Compat v4l2_camera_proxy.cpp:659 [/dev/video1 (fd:205)] vidioc_qbuf(index=0)
[0:02:05.479439754] [3565] DEBUG V4L2 v4l2_videodevice.cpp:1783 /dev/video1[200:cap]: Queueing buffer 0
[0:02:05.504488484] [3565] DEBUG V4L2 v4l2_videodevice.cpp:1855 /dev/video1[200:cap]: Dequeuing buffer 1
[0:02:05.504853204] [3568] DEBUG V4L2Compat v4l2_camera_proxy.cpp:691 [/dev/video1 (fd:205)] vidioc_dqbuf()
[0:02:05.512698170] [3568] DEBUG V4L2Compat v4l2_camera_proxy.cpp:659 [/dev/video1 (fd:205)] vidioc_qbuf(index=1)
[0:02:05.513497574] [3565] DEBUG V4L2 v4l2_videodevice.cpp:1783 /dev/video1[200:cap]: Queueing buffer 1
[0:02:05.537814063] [3565] DEBUG V4L2 v4l2_videodevice.cpp:1855 /dev/video1[200:cap]: Dequeuing buffer 2
[0:02:05.539517624] [3565] DEBUG AtomispPipeline atomisp.cpp:449 AtomISP AE update: msv=1.1529 exp=995 gain=256 vblank=21 expMax=995
[0:02:05.540345792] [3568] DEBUG V4L2Compat v4l2_camera_proxy.cpp:691 [/dev/video1 (fd:205)] vidioc_dqbuf()
[0:02:05.548928761] [3568] DEBUG V4L2Compat v4l2_camera_proxy.cpp:659 [/dev/video1 (fd:205)] vidioc_qbuf(index=2)
[0:02:05.549679964] [3565] DEBUG V4L2 v4l2_videodevice.cpp:1783 /dev/video1[200:cap]: Queueing buffer 2
[0:02:05.571312147] [3565] DEBUG V4L2 v4l2_videodevice.cpp:1855 /dev/video1[200:cap]: Dequeuing buffer 3
[0:02:05.572095326] [3568] DEBUG V4L2Compat v4l2_camera_proxy.cpp:691 [/dev/video1 (fd:205)] vidioc_dqbuf()
[0:02:05.582106262] [3568] DEBUG V4L2Compat v4l2_camera_proxy.cpp:659 [/dev/video1 (fd:205)] vidioc_qbuf(index=3)
[0:02:05.583326288] [3565] DEBUG V4L2 v4l2_videodevice.cpp:1783 /dev/video1[200:cap]: Queueing buffer 3
[0:02:05.588503398] [3565] DEBUG V4L2 v4l2_videodevice.cpp:1855 /dev/video1[200:cap]: Dequeuing buffer 0
[0:02:05.588909581] [3568] DEBUG V4L2Compat v4l2_camera_proxy.cpp:691 [/dev/video1 (fd:205)] vidioc_dqbuf()
[0:02:05.596875237] [3568] DEBUG V4L2Compat v4l2_camera_proxy.cpp:659 [/dev/video1 (fd:205)] vidioc_qbuf(index=0)
[0:02:05.597787669] [3565] DEBUG V4L2 v4l2_videodevice.cpp:1783 /dev/video1[200:cap]: Queueing buffer 0
[0:02:05.654405954] [3565] DEBUG V4L2 v4l2_videodevice.cpp:1855 /dev/video1[200:cap]: Dequeuing buffer 1
[0:02:05.655103156] [3568] DEBUG V4L2Compat v4l2_camera_proxy.cpp:691 [/dev/video1 (fd:205)] vidioc_dqbuf()
[0:02:05.663737539] [3568] DEBUG V4L2Compat v4l2_camera_proxy.cpp:659 [/dev/video1 (fd:205)] vidioc_qbuf(index=1)
[0:02:05.664491555] [3565] DEBUG V4L2 v4l2_videodevice.cpp:1783 /dev/video1[200:cap]: Queueing buffer 1
[0:02:05.687344425] [3565] DEBUG V4L2 v4l2_videodevice.cpp:1855 /dev/video1[200:cap]: Dequeuing buffer 2
[0:02:05.687974476] [3568] DEBUG V4L2Compat v4l2_camera_proxy.cpp:691 [/dev/video1 (fd:205)] vidioc_dqbuf()
[0:02:05.698352096] [3568] DEBUG V4L2Compat v4l2_camera_proxy.cpp:659 [/dev/video1 (fd:205)] vidioc_qbuf(index=2)
[0:02:05.699275165] [3565] DEBUG V4L2 v4l2_videodevice.cpp:1783 /dev/video1[200:cap]: Queueing buffer 2
[0:02:05.720407275] [3565] DEBUG V4L2 v4l2_videodevice.cpp:1855 /dev/video1[200:cap]: Dequeuing buffer 3
[0:02:05.720821121] [3568] DEBUG V4L2Compat v4l2_camera_proxy.cpp:691 [/dev/video1 (fd:205)] vidioc_dqbuf()
[0:02:05.734407183] [3568] DEBUG V4L2Compat v4l2_camera_proxy.cpp:659 [/dev/video1 (fd:205)] vidioc_qbuf(index=3)
[0:02:05.735401917] [3565] DEBUG V4L2 v4l2_videodevice.cpp:1783 /dev/video1[200:cap]: Queueing buffer 3
[0:02:05.754124600] [3565] DEBUG V4L2 v4l2_videodevice.cpp:1855 /dev/video1[200:cap]: Dequeuing buffer 0
[0:02:05.754549547] [3568] DEBUG V4L2Compat v4l2_camera_proxy.cpp:691 [/dev/video1 (fd:205)] vidioc_dqbuf()
[0:02:05.767605623] [3568] DEBUG V4L2Compat v4l2_camera_proxy.cpp:659 [/dev/video1 (fd:205)] vidioc_qbuf(index=0)
[0:02:05.768822698] [3565] DEBUG V4L2 v4l2_videodevice.cpp:1783 /dev/video1[200:cap]: Queueing buffer 0
[0:02:05.787345403] [3565] DEBUG V4L2 v4l2_videodevice.cpp:1855 /dev/video1[200:cap]: Dequeuing buffer 1
[0:02:05.787826638] [3568] DEBUG V4L2Compat v4l2_camera_proxy.cpp:691 [/dev/video1 (fd:205)] vidioc_dqbuf()
[0:02:05.800801312] [3568] DEBUG V4L2Compat v4l2_camera_proxy.cpp:659 [/dev/video1 (fd:205)] vidioc_qbuf(index=1)
[0:02:05.801859385] [3565] DEBUG V4L2 v4l2_videodevice.cpp:1783 /dev/video1[200:cap]: Queueing buffer 1
[0:02:05.820625319] [3565] DEBUG V4L2 v4l2_videodevice.cpp:1855 /dev/video1[200:cap]: Dequeuing buffer 2
[0:02:05.821237632] [3568] DEBUG V4L2Compat v4l2_camera_proxy.cpp:691 [/dev/video1 (fd:205)] vidioc_dqbuf()
[0:02:05.828954858] [3568] DEBUG V4L2Compat v4l2_camera_proxy.cpp:659 [/dev/video1 (fd:205)] vidioc_qbuf(index=2)
[0:02:05.829655447] [3565] DEBUG V4L2 v4l2_videodevice.cpp:1783 /dev/video1[200:cap]: Queueing buffer 2
[0:02:05.853488414] [3565] DEBUG V4L2 v4l2_videodevice.cpp:1855 /dev/video1[200:cap]: Dequeuing buffer 3
[0:02:05.854168778] [3568] DEBUG V4L2Compat v4l2_camera_proxy.cpp:691 [/dev/video1 (fd:205)] vidioc_dqbuf()
[0:02:05.866573016] [3568] DEBUG V4L2Compat v4l2_camera_proxy.cpp:659 [/dev/video1 (fd:205)] vidioc_qbuf(index=3)
[0:02:05.867383745] [3565] DEBUG V4L2 v4l2_videodevice.cpp:1783 /dev/video1[200:cap]: Queueing buffer 3
[0:02:05.886595927] [3565] DEBUG V4L2 v4l2_videodevice.cpp:1855 /dev/video1[200:cap]: Dequeuing buffer 0
[0:02:05.887125838] [3568] DEBUG V4L2Compat v4l2_camera_proxy.cpp:691 [/dev/video1 (fd:205)] vidioc_dqbuf()
[0:02:05.900242253] [3568] DEBUG V4L2Compat v4l2_camera_proxy.cpp:659 [/dev/video1 (fd:205)] vidioc_qbuf(index=0)
[0:02:05.901405640] [3565] DEBUG V4L2 v4l2_videodevice.cpp:1783 /dev/video1[200:cap]: Queueing buffer 0
[0:02:05.919973345] [3565] DEBUG V4L2 v4l2_videodevice.cpp:1855 /dev/video1[200:cap]: Dequeuing buffer 1
[0:02:05.920388166] [3568] DEBUG V4L2Compat v4l2_camera_proxy.cpp:691 [/dev/video1 (fd:205)] vidioc_dqbuf()
[0:02:05.932700789] [3568] DEBUG V4L2Compat v4l2_camera_proxy.cpp:659 [/dev/video1 (fd:205)] vidioc_qbuf(index=1)
[0:02:05.933667009] [3565] DEBUG V4L2 v4l2_videodevice.cpp:1783 /dev/video1[200:cap]: Queueing buffer 1
[0:02:05.953282687] [3565] DEBUG V4L2 v4l2_videodevice.cpp:1855 /dev/video1[200:cap]: Dequeuing buffer 2
[0:02:05.953639269] [3568] DEBUG V4L2Compat v4l2_camera_proxy.cpp:691 [/dev/video1 (fd:205)] vidioc_dqbuf()
[0:02:05.970098955] [3568] DEBUG V4L2Compat v4l2_camera_proxy.cpp:659 [/dev/video1 (fd:205)] vidioc_qbuf(index=2)
[0:02:05.971328718] [3565] DEBUG V4L2 v4l2_videodevice.cpp:1783 /dev/video1[200:cap]: Queueing buffer 2
[0:02:05.986435613] [3565] DEBUG V4L2 v4l2_videodevice.cpp:1855 /dev/video1[200:cap]: Dequeuing buffer 3
[0:02:05.986788758] [3568] DEBUG V4L2Compat v4l2_camera_proxy.cpp:691 [/dev/video1 (fd:205)] vidioc_dqbuf()
[0:02:05.997425145] [3568] DEBUG V4L2Compat v4l2_camera_proxy.cpp:659 [/dev/video1 (fd:205)] vidioc_qbuf(index=3)
[0:02:05.998301739] [3565] DEBUG V4L2 v4l2_videodevice.cpp:1783 /dev/video1[200:cap]: Queueing buffer 3
[0:02:06.019814281] [3565] DEBUG V4L2 v4l2_videodevice.cpp:1855 /dev/video1[200:cap]: Dequeuing buffer 0
[0:02:06.020201902] [3568] DEBUG V4L2Compat v4l2_camera_proxy.cpp:691 [/dev/video1 (fd:205)] vidioc_dqbuf()
[0:02:06.028928124] [3568] DEBUG V4L2Compat v4l2_camera_proxy.cpp:659 [/dev/video1 (fd:205)] vidioc_qbuf(index=0)
[0:02:06.029935445] [3565] DEBUG V4L2 v4l2_videodevice.cpp:1783 /dev/video1[200:cap]: Queueing buffer 0
[0:02:06.052835267] [3565] DEBUG V4L2 v4l2_videodevice.cpp:1855 /dev/video1[200:cap]: Dequeuing buffer 1
[0:02:06.054413325] [3565] DEBUG AtomispPipeline atomisp.cpp:449 AtomISP AE update: msv=1.74852 exp=995 gain=366 vblank=21 expMax=995
[0:02:06.054912136] [3568] DEBUG V4L2Compat v4l2_camera_proxy.cpp:691 [/dev/video1 (fd:205)] vidioc_dqbuf()
[0:02:06.074427161] [3568] DEBUG V4L2Compat v4l2_camera_proxy.cpp:659 [/dev/video1 (fd:205)] vidioc_qbuf(index=1)
[0:02:06.076314201] [3565] DEBUG V4L2 v4l2_videodevice.cpp:1783 /dev/video1[200:cap]: Queueing buffer 1
[0:02:06.086062620] [3565] DEBUG V4L2 v4l2_videodevice.cpp:1855 /dev/video1[200:cap]: Dequeuing buffer 2
[0:02:06.086399714] [3568] DEBUG V4L2Compat v4l2_camera_proxy.cpp:691 [/dev/video1 (fd:205)] vidioc_dqbuf()
[0:02:06.093091718] [3568] DEBUG V4L2Compat v4l2_camera_proxy.cpp:659 [/dev/video1 (fd:205)] vidioc_qbuf(index=2)
[0:02:06.093901436] [3565] DEBUG V4L2 v4l2_videodevice.cpp:1783 /dev/video1[200:cap]: Queueing buffer 2
[0:02:06.119205170] [3565] DEBUG V4L2 v4l2_videodevice.cpp:1855 /dev/video1[200:cap]: Dequeuing buffer 3
[0:02:06.119591966] [3568] DEBUG V4L2Compat v4l2_camera_proxy.cpp:691 [/dev/video1 (fd:205)] vidioc_dqbuf()
[0:02:06.127913355] [3568] DEBUG V4L2Compat v4l2_camera_proxy.cpp:659 [/dev/video1 (fd:205)] vidioc_qbuf(index=3)
[0:02:06.128551081] [3565] DEBUG V4L2 v4l2_videodevice.cpp:1783 /dev/video1[200:cap]: Queueing buffer 3
[0:02:06.152222381] [3565] DEBUG V4L2 v4l2_videodevice.cpp:1855 /dev/video1[200:cap]: Dequeuing buffer 0
[0:02:06.152597114] [3568] DEBUG V4L2Compat v4l2_camera_proxy.cpp:691 [/dev/video1 (fd:205)] vidioc_dqbuf()
[0:02:06.167256374] [3568] DEBUG V4L2Compat v4l2_camera_proxy.cpp:659 [/dev/video1 (fd:205)] vidioc_qbuf(index=0)
[0:02:06.168119468] [3565] DEBUG V4L2 v4l2_videodevice.cpp:1783 /dev/video1[200:cap]: Queueing buffer 0
[0:02:06.185942357] [3565] DEBUG V4L2 v4l2_videodevice.cpp:1855 /dev/video1[200:cap]: Dequeuing buffer 1
[0:02:06.186422155] [3568] DEBUG V4L2Compat v4l2_camera_proxy.cpp:691 [/dev/video1 (fd:205)] vidioc_dqbuf()
[0:02:06.192386406] [3568] DEBUG V4L2Compat v4l2_camera_proxy.cpp:659 [/dev/video1 (fd:205)] vidioc_qbuf(index=1)
[0:02:06.192944330] [3565] DEBUG V4L2 v4l2_videodevice.cpp:1783 /dev/video1[200:cap]: Queueing buffer 1
[0:02:06.218897091] [3565] DEBUG V4L2 v4l2_videodevice.cpp:1855 /dev/video1[200:cap]: Dequeuing buffer 2
[0:02:06.219296337] [3568] DEBUG V4L2Compat v4l2_camera_proxy.cpp:691 [/dev/video1 (fd:205)] vidioc_dqbuf()
[0:02:06.233637741] [3568] DEBUG V4L2Compat v4l2_camera_proxy.cpp:659 [/dev/video1 (fd:205)] vidioc_qbuf(index=2)
[0:02:06.236359036] [3565] DEBUG V4L2 v4l2_videodevice.cpp:1783 /dev/video1[200:cap]: Queueing buffer 2
[0:02:06.251982141] [3565] DEBUG V4L2 v4l2_videodevice.cpp:1855 /dev/video1[200:cap]: Dequeuing buffer 3
[0:02:06.252698819] [3568] DEBUG V4L2Compat v4l2_camera_proxy.cpp:691 [/dev/video1 (fd:205)] vidioc_dqbuf()
[0:02:06.268879798] [3568] DEBUG V4L2Compat v4l2_camera_proxy.cpp:659 [/dev/video1 (fd:205)] vidioc_qbuf(index=3)
[0:02:06.270294141] [3565] DEBUG V4L2 v4l2_videodevice.cpp:1783 /dev/video1[200:cap]: Queueing buffer 3
[0:02:06.285369622] [3565] DEBUG V4L2 v4l2_videodevice.cpp:1855 /dev/video1[200:cap]: Dequeuing buffer 0
[0:02:06.285854320] [3568] DEBUG V4L2Compat v4l2_camera_proxy.cpp:691 [/dev/video1 (fd:205)] vidioc_dqbuf()
[0:02:06.292243167] [3568] DEBUG V4L2Compat v4l2_camera_proxy.cpp:659 [/dev/video1 (fd:205)] vidioc_qbuf(index=0)
[0:02:06.292780541] [3565] DEBUG V4L2 v4l2_videodevice.cpp:1783 /dev/video1[200:cap]: Queueing buffer 0
[0:02:06.318431259] [3565] DEBUG V4L2 v4l2_videodevice.cpp:1855 /dev/video1[200:cap]: Dequeuing buffer 1
[0:02:06.318852042] [3568] DEBUG V4L2Compat v4l2_camera_proxy.cpp:691 [/dev/video1 (fd:205)] vidioc_dqbuf()
[0:02:06.334483748] [3568] DEBUG V4L2Compat v4l2_camera_proxy.cpp:659 [/dev/video1 (fd:205)] vidioc_qbuf(index=1)
[0:02:06.335746262] [3565] DEBUG V4L2 v4l2_videodevice.cpp:1783 /dev/video1[200:cap]: Queueing buffer 1
[0:02:06.351591998] [3565] DEBUG V4L2 v4l2_videodevice.cpp:1855 /dev/video1[200:cap]: Dequeuing buffer 2
[0:02:06.352256624] [3568] DEBUG V4L2Compat v4l2_camera_proxy.cpp:691 [/dev/video1 (fd:205)] vidioc_dqbuf()
[0:02:06.370981283] [3568] DEBUG V4L2Compat v4l2_camera_proxy.cpp:659 [/dev/video1 (fd:205)] vidioc_qbuf(index=2)
[0:02:06.372423776] [3565] DEBUG V4L2 v4l2_videodevice.cpp:1783 /dev/video1[200:cap]: Queueing buffer 2
[0:02:06.384947928] [3565] DEBUG V4L2 v4l2_videodevice.cpp:1855 /dev/video1[200:cap]: Dequeuing buffer 3
[0:02:06.385406875] [3568] DEBUG V4L2Compat v4l2_camera_proxy.cpp:691 [/dev/video1 (fd:205)] vidioc_dqbuf()
[0:02:06.398125557] [3568] DEBUG V4L2Compat v4l2_camera_proxy.cpp:659 [/dev/video1 (fd:205)] vidioc_qbuf(index=3)
[0:02:06.399144028] [3565] DEBUG V4L2 v4l2_videodevice.cpp:1783 /dev/video1[200:cap]: Queueing buffer 3
[0:02:06.418158355] [3565] DEBUG V4L2 v4l2_videodevice.cpp:1855 /dev/video1[200:cap]: Dequeuing buffer 0
[0:02:06.418603502] [3568] DEBUG V4L2Compat v4l2_camera_proxy.cpp:691 [/dev/video1 (fd:205)] vidioc_dqbuf()
[0:02:06.432773389] [3568] DEBUG V4L2Compat v4l2_camera_proxy.cpp:659 [/dev/video1 (fd:205)] vidioc_qbuf(index=0)
[0:02:06.433686159] [3565] DEBUG V4L2 v4l2_videodevice.cpp:1783 /dev/video1[200:cap]: Queueing buffer 0
[0:02:06.451355220] [3565] DEBUG V4L2 v4l2_videodevice.cpp:1855 /dev/video1[200:cap]: Dequeuing buffer 1
[0:02:06.451799004] [3568] DEBUG V4L2Compat v4l2_camera_proxy.cpp:691 [/dev/video1 (fd:205)] vidioc_dqbuf()
[0:02:06.467293069] [3568] DEBUG V4L2Compat v4l2_camera_proxy.cpp:659 [/dev/video1 (fd:205)] vidioc_qbuf(index=1)
[0:02:06.468509158] [3565] DEBUG V4L2 v4l2_videodevice.cpp:1783 /dev/video1[200:cap]: Queueing buffer 1
[0:02:06.484662087] [3565] DEBUG V4L2 v4l2_videodevice.cpp:1855 /dev/video1[200:cap]: Dequeuing buffer 2
[0:02:06.485548680] [3568] DEBUG V4L2Compat v4l2_camera_proxy.cpp:691 [/dev/video1 (fd:205)] vidioc_dqbuf()
[0:02:06.503518210] [3568] DEBUG V4L2Compat v4l2_camera_proxy.cpp:659 [/dev/video1 (fd:205)] vidioc_qbuf(index=2)
[0:02:06.504778625] [3565] DEBUG V4L2 v4l2_videodevice.cpp:1783 /dev/video1[200:cap]: Queueing buffer 2
[0:02:06.517757424] [3565] DEBUG V4L2 v4l2_videodevice.cpp:1855 /dev/video1[200:cap]: Dequeuing buffer 3
[0:02:06.518592592] [3568] DEBUG V4L2Compat v4l2_camera_proxy.cpp:691 [/dev/video1 (fd:205)] vidioc_dqbuf()
[0:02:06.536425306] [3568] DEBUG V4L2Compat v4l2_camera_proxy.cpp:659 [/dev/video1 (fd:205)] vidioc_qbuf(index=3)
[0:02:06.537671420] [3565] DEBUG V4L2 v4l2_videodevice.cpp:1783 /dev/video1[200:cap]: Queueing buffer 3
[0:02:06.551088804] [3565] DEBUG V4L2 v4l2_videodevice.cpp:1855 /dev/video1[200:cap]: Dequeuing buffer 0
[0:02:06.554201082] [3565] DEBUG AtomispPipeline atomisp.cpp:449 AtomISP AE update: msv=2.11158 exp=995 gain=433 vblank=21 expMax=995
[0:02:06.555412845] [3568] DEBUG V4L2Compat v4l2_camera_proxy.cpp:691 [/dev/video1 (fd:205)] vidioc_dqbuf()
[0:02:06.574658090] [3568] DEBUG V4L2Compat v4l2_camera_proxy.cpp:659 [/dev/video1 (fd:205)] vidioc_qbuf(index=0)
[0:02:06.575731588] [3565] DEBUG V4L2 v4l2_videodevice.cpp:1783 /dev/video1[200:cap]: Queueing buffer 0
[0:02:06.584332045] [3565] DEBUG V4L2 v4l2_videodevice.cpp:1855 /dev/video1[200:cap]: Dequeuing buffer 1
[0:02:06.584931032] [3568] DEBUG V4L2Compat v4l2_camera_proxy.cpp:691 [/dev/video1 (fd:205)] vidioc_dqbuf()
[0:02:06.599921887] [3568] DEBUG V4L2Compat v4l2_camera_proxy.cpp:659 [/dev/video1 (fd:205)] vidioc_qbuf(index=1)
[0:02:06.601474532] [3565] DEBUG V4L2 v4l2_videodevice.cpp:1783 /dev/video1[200:cap]: Queueing buffer 1
[0:02:06.617412682] [3565] DEBUG V4L2 v4l2_videodevice.cpp:1855 /dev/video1[200:cap]: Dequeuing buffer 2
[0:02:06.618111771] [3568] DEBUG V4L2Compat v4l2_camera_proxy.cpp:691 [/dev/video1 (fd:205)] vidioc_dqbuf()
[0:02:06.635864984] [3568] DEBUG V4L2Compat v4l2_camera_proxy.cpp:659 [/dev/video1 (fd:205)] vidioc_qbuf(index=2)
[0:02:06.636953457] [3565] DEBUG V4L2 v4l2_videodevice.cpp:1783 /dev/video1[200:cap]: Queueing buffer 2
[0:02:06.650521294] [3565] DEBUG V4L2 v4l2_videodevice.cpp:1855 /dev/video1[200:cap]: Dequeuing buffer 3
[0:02:06.651236097] [3568] DEBUG V4L2Compat v4l2_camera_proxy.cpp:691 [/dev/video1 (fd:205)] vidioc_dqbuf()
[0:02:06.669432894] [3568] DEBUG V4L2Compat v4l2_camera_proxy.cpp:659 [/dev/video1 (fd:205)] vidioc_qbuf(index=3)
[0:02:06.670743909] [3565] DEBUG V4L2 v4l2_videodevice.cpp:1783 /dev/video1[200:cap]: Queueing buffer 3
[0:02:06.683756497] [3565] DEBUG V4L2 v4l2_videodevice.cpp:1855 /dev/video1[200:cap]: Dequeuing buffer 0
[0:02:06.684464800] [3568] DEBUG V4L2Compat v4l2_camera_proxy.cpp:691 [/dev/video1 (fd:205)] vidioc_dqbuf()
[0:02:06.701589499] [3568] DEBUG V4L2Compat v4l2_camera_proxy.cpp:659 [/dev/video1 (fd:205)] vidioc_qbuf(index=0)
[0:02:06.703454751] [3565] DEBUG V4L2 v4l2_videodevice.cpp:1783 /dev/video1[200:cap]: Queueing buffer 0
[0:02:06.717142028] [3565] DEBUG V4L2 v4l2_videodevice.cpp:1855 /dev/video1[200:cap]: Dequeuing buffer 1
[0:02:06.717844068] [3568] DEBUG V4L2Compat v4l2_camera_proxy.cpp:691 [/dev/video1 (fd:205)] vidioc_dqbuf()
[0:02:06.735832311] [3568] DEBUG V4L2Compat v4l2_camera_proxy.cpp:659 [/dev/video1 (fd:205)] vidioc_qbuf(index=1)
[0:02:06.737533422] [3565] DEBUG V4L2 v4l2_videodevice.cpp:1783 /dev/video1[200:cap]: Queueing buffer 1
[0:02:06.750228540] [3565] DEBUG V4L2 v4l2_videodevice.cpp:1855 /dev/video1[200:cap]: Dequeuing buffer 2
[0:02:06.750808453] [3568] DEBUG V4L2Compat v4l2_camera_proxy.cpp:691 [/dev/video1 (fd:205)] vidioc_dqbuf()
[0:02:06.768801896] [3568] DEBUG V4L2Compat v4l2_camera_proxy.cpp:659 [/dev/video1 (fd:205)] vidioc_qbuf(index=2)
[0:02:06.769915457] [3565] DEBUG V4L2 v4l2_videodevice.cpp:1783 /dev/video1[200:cap]: Queueing buffer 2
[0:02:06.783419780] [3565] DEBUG V4L2 v4l2_videodevice.cpp:1855 /dev/video1[200:cap]: Dequeuing buffer 3
[0:02:06.784430626] [3568] DEBUG V4L2Compat v4l2_camera_proxy.cpp:691 [/dev/video1 (fd:205)] vidioc_dqbuf()
[0:02:06.802929330] [3568] DEBUG V4L2Compat v4l2_camera_proxy.cpp:659 [/dev/video1 (fd:205)] vidioc_qbuf(index=3)
[0:02:06.804410324] [3565] DEBUG V4L2 v4l2_videodevice.cpp:1783 /dev/video1[200:cap]: Queueing buffer 3
[0:02:06.816621532] [3565] DEBUG V4L2 v4l2_videodevice.cpp:1855 /dev/video1[200:cap]: Dequeuing buffer 0
[0:02:06.817306246] [3568] DEBUG V4L2Compat v4l2_camera_proxy.cpp:691 [/dev/video1 (fd:205)] vidioc_dqbuf()
[0:02:06.835508906] [3568] DEBUG V4L2Compat v4l2_camera_proxy.cpp:659 [/dev/video1 (fd:205)] vidioc_qbuf(index=0)
[0:02:06.837326557] [3565] DEBUG V4L2 v4l2_videodevice.cpp:1783 /dev/video1[200:cap]: Queueing buffer 0
[0:02:06.849910811] [3565] DEBUG V4L2 v4l2_videodevice.cpp:1855 /dev/video1[200:cap]: Dequeuing buffer 1
[0:02:06.850706165] [3568] DEBUG V4L2Compat v4l2_camera_proxy.cpp:691 [/dev/video1 (fd:205)] vidioc_dqbuf()
[0:02:06.868907750] [3568] DEBUG V4L2Compat v4l2_camera_proxy.cpp:659 [/dev/video1 (fd:205)] vidioc_qbuf(index=1)
[0:02:06.870208240] [3565] DEBUG V4L2 v4l2_videodevice.cpp:1783 /dev/video1[200:cap]: Queueing buffer 1
[0:02:06.883120663] [3565] DEBUG V4L2 v4l2_videodevice.cpp:1855 /dev/video1[200:cap]: Dequeuing buffer 2
[0:02:06.883725138] [3568] DEBUG V4L2Compat v4l2_camera_proxy.cpp:691 [/dev/video1 (fd:205)] vidioc_dqbuf()
[0:02:06.901900235] [3568] DEBUG V4L2Compat v4l2_camera_proxy.cpp:659 [/dev/video1 (fd:205)] vidioc_qbuf(index=2)
[0:02:06.903113874] [3565] DEBUG V4L2 v4l2_videodevice.cpp:1783 /dev/video1[200:cap]: Queueing buffer 2
[0:02:06.916295190] [3565] DEBUG V4L2 v4l2_videodevice.cpp:1855 /dev/video1[200:cap]: Dequeuing buffer 3
[0:02:06.916960091] [3568] DEBUG V4L2Compat v4l2_camera_proxy.cpp:691 [/dev/video1 (fd:205)] vidioc_dqbuf()
[0:02:06.935212340] [3568] DEBUG V4L2Compat v4l2_camera_proxy.cpp:659 [/dev/video1 (fd:205)] vidioc_qbuf(index=3)
[0:02:06.936341889] [3565] DEBUG V4L2 v4l2_videodevice.cpp:1783 /dev/video1[200:cap]: Queueing buffer 3
[0:02:06.949499442] [3565] DEBUG V4L2 v4l2_videodevice.cpp:1855 /dev/video1[200:cap]: Dequeuing buffer 0
[0:02:06.950110917] [3568] DEBUG V4L2Compat v4l2_camera_proxy.cpp:691 [/dev/video1 (fd:205)] vidioc_dqbuf()
[0:02:06.968983566] [3568] DEBUG V4L2Compat v4l2_camera_proxy.cpp:659 [/dev/video1 (fd:205)] vidioc_qbuf(index=0)
[0:02:06.970259706] [3565] DEBUG V4L2 v4l2_videodevice.cpp:1783 /dev/video1[200:cap]: Queueing buffer 0
[0:02:06.982707057] [3565] DEBUG V4L2 v4l2_videodevice.cpp:1855 /dev/video1[200:cap]: Dequeuing buffer 1
[0:02:06.983429647] [3568] DEBUG V4L2Compat v4l2_camera_proxy.cpp:691 [/dev/video1 (fd:205)] vidioc_dqbuf()
[0:02:07.001977864] [3568] DEBUG V4L2Compat v4l2_camera_proxy.cpp:659 [/dev/video1 (fd:205)] vidioc_qbuf(index=1)
[0:02:07.004175161] [3565] DEBUG V4L2 v4l2_videodevice.cpp:1783 /dev/video1[200:cap]: Queueing buffer 1
[0:02:07.015940722] [3565] DEBUG V4L2 v4l2_videodevice.cpp:1855 /dev/video1[200:cap]: Dequeuing buffer 2
[0:02:07.016698176] [3568] DEBUG V4L2Compat v4l2_camera_proxy.cpp:691 [/dev/video1 (fd:205)] vidioc_dqbuf()
[0:02:07.034395650] [3568] DEBUG V4L2Compat v4l2_camera_proxy.cpp:659 [/dev/video1 (fd:205)] vidioc_qbuf(index=2)
[0:02:07.035387146] [3565] DEBUG V4L2 v4l2_videodevice.cpp:1783 /dev/video1[200:cap]: Queueing buffer 2
[0:02:07.049200038] [3565] DEBUG V4L2 v4l2_videodevice.cpp:1855 /dev/video1[200:cap]: Dequeuing buffer 3
[0:02:07.051964896] [3568] DEBUG V4L2Compat v4l2_camera_proxy.cpp:691 [/dev/video1 (fd:205)] vidioc_dqbuf()
[0:02:07.069637045] [3568] DEBUG V4L2Compat v4l2_camera_proxy.cpp:659 [/dev/video1 (fd:205)] vidioc_qbuf(index=3)
[0:02:07.070945823] [3565] DEBUG V4L2 v4l2_videodevice.cpp:1783 /dev/video1[200:cap]: Queueing buffer 3
[0:02:07.082221836] [3565] DEBUG V4L2 v4l2_videodevice.cpp:1855 /dev/video1[200:cap]: Dequeuing buffer 0
[0:02:07.082813236] [3568] DEBUG V4L2Compat v4l2_camera_proxy.cpp:691 [/dev/video1 (fd:205)] vidioc_dqbuf()
[0:02:07.082999153] [3568] DEBUG V4L2Compat v4l2_camera_proxy.cpp:691 [/dev/video1 (fd:205)] vidioc_dqbuf()
[0:02:07.083193632] [3568] DEBUG V4L2Compat v4l2_camera_proxy.cpp:691 [/dev/video1 (fd:205)] vidioc_dqbuf()
[0:02:07.083343222] [3568] DEBUG V4L2Compat v4l2_camera_proxy.cpp:691 [/dev/video1 (fd:205)] vidioc_dqbuf()
[0:02:07.083485988] [3568] DEBUG V4L2Compat v4l2_camera_proxy.cpp:691 [/dev/video1 (fd:205)] vidioc_dqbuf()
[0:02:07.083662904] [3568] DEBUG V4L2Compat v4l2_camera_proxy.cpp:691 [/dev/video1 (fd:205)] vidioc_dqbuf()
[0:02:07.083801682] [3568] DEBUG V4L2Compat v4l2_camera_proxy.cpp:691 [/dev/video1 (fd:205)] vidioc_dqbuf()
[0:02:07.083942310] [3568] DEBUG V4L2Compat v4l2_camera_proxy.cpp:691 [/dev/video1 (fd:205)] vidioc_dqbuf()
[0:02:07.084139914] [3568] DEBUG V4L2Compat v4l2_camera_proxy.cpp:691 [/dev/video1 (fd:205)] vidioc_dqbuf()
[0:02:07.093702792] [3568] DEBUG V4L2Compat v4l2_camera_proxy.cpp:659 [/dev/video1 (fd:205)] vidioc_qbuf(index=0)
[0:02:07.094588760] [3565] DEBUG V4L2 v4l2_videodevice.cpp:1783 /dev/video1[200:cap]: Queueing buffer 0
[0:02:07.115547229] [3565] DEBUG V4L2 v4l2_videodevice.cpp:1855 /dev/video1[200:cap]: Dequeuing buffer 1
[0:02:07.116080927] [3568] DEBUG V4L2Compat v4l2_camera_proxy.cpp:691 [/dev/video1 (fd:205)] vidioc_dqbuf()
[0:02:07.128234184] [3568] DEBUG V4L2Compat v4l2_camera_proxy.cpp:659 [/dev/video1 (fd:205)] vidioc_qbuf(index=1)
[0:02:07.129214668] [3565] DEBUG V4L2 v4l2_videodevice.cpp:1783 /dev/video1[200:cap]: Queueing buffer 1
[0:02:07.148769819] [3565] DEBUG V4L2 v4l2_videodevice.cpp:1855 /dev/video1[200:cap]: Dequeuing buffer 2
[0:02:07.149429783] [3568] DEBUG V4L2Compat v4l2_camera_proxy.cpp:691 [/dev/video1 (fd:205)] vidioc_dqbuf()
[0:02:07.164607166] [3568] DEBUG V4L2Compat v4l2_camera_proxy.cpp:659 [/dev/video1 (fd:205)] vidioc_qbuf(index=2)
[0:02:07.165565174] [3565] DEBUG V4L2 v4l2_videodevice.cpp:1783 /dev/video1[200:cap]: Queueing buffer 2
[0:02:07.181804642] [3565] DEBUG V4L2 v4l2_videodevice.cpp:1855 /dev/video1[200:cap]: Dequeuing buffer 3
[0:02:07.183136445] [3568] DEBUG V4L2Compat v4l2_camera_proxy.cpp:691 [/dev/video1 (fd:205)] vidioc_dqbuf()
[0:02:07.198366380] [3568] DEBUG V4L2Compat v4l2_camera_proxy.cpp:659 [/dev/video1 (fd:205)] vidioc_qbuf(index=3)
[0:02:07.199416090] [3565] DEBUG V4L2 v4l2_videodevice.cpp:1783 /dev/video1[200:cap]: Queueing buffer 3
[0:02:07.215075208] [3565] DEBUG V4L2 v4l2_videodevice.cpp:1855 /dev/video1[200:cap]: Dequeuing buffer 0
[0:02:07.215625457] [3568] DEBUG V4L2Compat v4l2_camera_proxy.cpp:691 [/dev/video1 (fd:205)] vidioc_dqbuf()
[0:02:07.232334123] [3568] DEBUG V4L2Compat v4l2_camera_proxy.cpp:659 [/dev/video1 (fd:205)] vidioc_qbuf(index=0)
[0:02:07.233320832] [3565] DEBUG V4L2 v4l2_videodevice.cpp:1783 /dev/video1[200:cap]: Queueing buffer 0
[0:02:07.248330012] [3565] DEBUG V4L2 v4l2_videodevice.cpp:1855 /dev/video1[200:cap]: Dequeuing buffer 1
[0:02:07.248857960] [3568] DEBUG V4L2Compat v4l2_camera_proxy.cpp:691 [/dev/video1 (fd:205)] vidioc_dqbuf()
[0:02:07.264380338] [3568] DEBUG V4L2Compat v4l2_camera_proxy.cpp:659 [/dev/video1 (fd:205)] vidioc_qbuf(index=1)
[0:02:07.265395035] [3565] DEBUG V4L2 v4l2_videodevice.cpp:1783 /dev/video1[200:cap]: Queueing buffer 1
[0:02:07.281371710] [3565] DEBUG V4L2 v4l2_videodevice.cpp:1855 /dev/video1[200:cap]: Dequeuing buffer 2
[0:02:07.281750943] [3568] DEBUG V4L2Compat v4l2_camera_proxy.cpp:691 [/dev/video1 (fd:205)] vidioc_dqbuf()
[0:02:07.295510634] [3568] DEBUG V4L2Compat v4l2_camera_proxy.cpp:659 [/dev/video1 (fd:205)] vidioc_qbuf(index=2)
[0:02:07.296332264] [3565] DEBUG V4L2 v4l2_videodevice.cpp:1783 /dev/video1[200:cap]: Queueing buffer 2
[0:02:07.314863556] [3565] DEBUG V4L2 v4l2_videodevice.cpp:1855 /dev/video1[200:cap]: Dequeuing buffer 3
[0:02:07.316107845] [3568] DEBUG V4L2Compat v4l2_camera_proxy.cpp:691 [/dev/video1 (fd:205)] vidioc_dqbuf()
[0:02:07.329525104] [3568] DEBUG V4L2Compat v4l2_camera_proxy.cpp:659 [/dev/video1 (fd:205)] vidioc_qbuf(index=3)
[0:02:07.330325945] [3565] DEBUG V4L2 v4l2_videodevice.cpp:1783 /dev/video1[200:cap]: Queueing buffer 3
[0:02:07.348192398] [3565] DEBUG V4L2 v4l2_videodevice.cpp:1855 /dev/video1[200:cap]: Dequeuing buffer 0
[0:02:07.348981215] [3568] DEBUG V4L2Compat v4l2_camera_proxy.cpp:691 [/dev/video1 (fd:205)] vidioc_dqbuf()
[0:02:07.356349583] [3568] DEBUG V4L2Compat v4l2_camera_proxy.cpp:659 [/dev/video1 (fd:205)] vidioc_qbuf(index=0)
[0:02:07.357189851] [3565] DEBUG V4L2 v4l2_videodevice.cpp:1783 /dev/video1[200:cap]: Queueing buffer 0
[0:02:07.381381938] [3565] DEBUG V4L2 v4l2_videodevice.cpp:1855 /dev/video1[200:cap]: Dequeuing buffer 1
[0:02:07.381752120] [3568] DEBUG V4L2Compat v4l2_camera_proxy.cpp:691 [/dev/video1 (fd:205)] vidioc_dqbuf()
[0:02:07.394232172] [3568] DEBUG V4L2Compat v4l2_camera_proxy.cpp:659 [/dev/video1 (fd:205)] vidioc_qbuf(index=1)
[0:02:07.394913349] [3565] DEBUG V4L2 v4l2_videodevice.cpp:1783 /dev/video1[200:cap]: Queueing buffer 1
[0:02:07.414547677] [3565] DEBUG V4L2 v4l2_videodevice.cpp:1855 /dev/video1[200:cap]: Dequeuing buffer 2
[0:02:07.415059325] [3568] DEBUG V4L2Compat v4l2_camera_proxy.cpp:691 [/dev/video1 (fd:205)] vidioc_dqbuf()
[0:02:07.426404327] [3568] DEBUG V4L2Compat v4l2_camera_proxy.cpp:659 [/dev/video1 (fd:205)] vidioc_qbuf(index=2)
[0:02:07.426935439] [3565] DEBUG V4L2 v4l2_videodevice.cpp:1783 /dev/video1[200:cap]: Queueing buffer 2
[0:02:07.447522624] [3565] DEBUG V4L2 v4l2_videodevice.cpp:1855 /dev/video1[200:cap]: Dequeuing buffer 3
[0:02:07.447949070] [3568] DEBUG V4L2Compat v4l2_camera_proxy.cpp:691 [/dev/video1 (fd:205)] vidioc_dqbuf()
[0:02:07.459447201] [3568] DEBUG V4L2Compat v4l2_camera_proxy.cpp:659 [/dev/video1 (fd:205)] vidioc_qbuf(index=3)
[0:02:07.460217367] [3565] DEBUG V4L2 v4l2_videodevice.cpp:1783 /dev/video1[200:cap]: Queueing buffer 3
[0:02:07.480861066] [3565] DEBUG V4L2 v4l2_videodevice.cpp:1855 /dev/video1[200:cap]: Dequeuing buffer 0
[0:02:07.481307838] [3568] DEBUG V4L2Compat v4l2_camera_proxy.cpp:691 [/dev/video1 (fd:205)] vidioc_dqbuf()
[0:02:07.495354398] [3568] DEBUG V4L2Compat v4l2_camera_proxy.cpp:659 [/dev/video1 (fd:205)] vidioc_qbuf(index=0)
[0:02:07.496884630] [3565] DEBUG V4L2 v4l2_videodevice.cpp:1783 /dev/video1[200:cap]: Queueing buffer 0
[0:02:07.514062644] [3565] DEBUG V4L2 v4l2_videodevice.cpp:1855 /dev/video1[200:cap]: Dequeuing buffer 1
[0:02:07.514443202] [3568] DEBUG V4L2Compat v4l2_camera_proxy.cpp:691 [/dev/video1 (fd:205)] vidioc_dqbuf()
[0:02:07.524994125] [3568] DEBUG V4L2Compat v4l2_camera_proxy.cpp:659 [/dev/video1 (fd:205)] vidioc_qbuf(index=1)
[0:02:07.525800092] [3565] DEBUG V4L2 v4l2_videodevice.cpp:1783 /dev/video1[200:cap]: Queueing buffer 1
[0:02:07.547186919] [3565] DEBUG V4L2 v4l2_videodevice.cpp:1855 /dev/video1[200:cap]: Dequeuing buffer 2
[0:02:07.548522897] [3568] DEBUG V4L2Compat v4l2_camera_proxy.cpp:691 [/dev/video1 (fd:205)] vidioc_dqbuf()
[0:02:07.555796464] [3568] DEBUG V4L2Compat v4l2_camera_proxy.cpp:659 [/dev/video1 (fd:205)] vidioc_qbuf(index=2)
[0:02:07.556407639] [3565] DEBUG V4L2 v4l2_videodevice.cpp:1783 /dev/video1[200:cap]: Queueing buffer 2
[0:02:07.580669090] [3565] DEBUG V4L2 v4l2_videodevice.cpp:1855 /dev/video1[200:cap]: Dequeuing buffer 3
[0:02:07.581231476] [3568] DEBUG V4L2Compat v4l2_camera_proxy.cpp:691 [/dev/video1 (fd:205)] vidioc_dqbuf()
[0:02:07.596833907] [3568] DEBUG V4L2Compat v4l2_camera_proxy.cpp:659 [/dev/video1 (fd:205)] vidioc_qbuf(index=3)
[0:02:07.597772401] [3565] DEBUG V4L2 v4l2_videodevice.cpp:1783 /dev/video1[200:cap]: Queueing buffer 3
[0:02:07.613512859] [3565] DEBUG V4L2 v4l2_videodevice.cpp:1855 /dev/video1[200:cap]: Dequeuing buffer 0
[0:02:07.613833629] [3568] DEBUG V4L2Compat v4l2_camera_proxy.cpp:691 [/dev/video1 (fd:205)] vidioc_dqbuf()
[0:02:07.629202816] [3568] DEBUG V4L2Compat v4l2_camera_proxy.cpp:659 [/dev/video1 (fd:205)] vidioc_qbuf(index=0)
[0:02:07.630263539] [3565] DEBUG V4L2 v4l2_videodevice.cpp:1783 /dev/video1[200:cap]: Queueing buffer 0
[0:02:07.647139070] [3565] DEBUG V4L2 v4l2_videodevice.cpp:1855 /dev/video1[200:cap]: Dequeuing buffer 1
[0:02:07.647487603] [3568] DEBUG V4L2Compat v4l2_camera_proxy.cpp:691 [/dev/video1 (fd:205)] vidioc_dqbuf()
[0:02:07.657304973] [3568] DEBUG V4L2Compat v4l2_camera_proxy.cpp:659 [/dev/video1 (fd:205)] vidioc_qbuf(index=1)
[0:02:07.658233430] [3565] DEBUG V4L2 v4l2_videodevice.cpp:1783 /dev/video1[200:cap]: Queueing buffer 1
[0:02:07.680364036] [3565] DEBUG V4L2 v4l2_videodevice.cpp:1855 /dev/video1[200:cap]: Dequeuing buffer 2
[0:02:07.680713930] [3568] DEBUG V4L2Compat v4l2_camera_proxy.cpp:691 [/dev/video1 (fd:205)] vidioc_dqbuf()
[0:02:07.691594086] [3568] DEBUG V4L2Compat v4l2_camera_proxy.cpp:659 [/dev/video1 (fd:205)] vidioc_qbuf(index=2)
[0:02:07.692529993] [3565] DEBUG V4L2 v4l2_videodevice.cpp:1783 /dev/video1[200:cap]: Queueing buffer 2
[0:02:07.713438147] [3565] DEBUG V4L2 v4l2_videodevice.cpp:1855 /dev/video1[200:cap]: Dequeuing buffer 3
[0:02:07.713850919] [3568] DEBUG V4L2Compat v4l2_camera_proxy.cpp:691 [/dev/video1 (fd:205)] vidioc_dqbuf()
[0:02:07.726647452] [3568] DEBUG V4L2Compat v4l2_camera_proxy.cpp:659 [/dev/video1 (fd:205)] vidioc_qbuf(index=3)
[0:02:07.727626310] [3565] DEBUG V4L2 v4l2_videodevice.cpp:1783 /dev/video1[200:cap]: Queueing buffer 3
[0:02:07.746697588] [3565] DEBUG V4L2 v4l2_videodevice.cpp:1855 /dev/video1[200:cap]: Dequeuing buffer 0
[0:02:07.747465655] [3568] DEBUG V4L2Compat v4l2_camera_proxy.cpp:691 [/dev/video1 (fd:205)] vidioc_dqbuf()
[0:02:07.765906232] [3568] DEBUG V4L2Compat v4l2_camera_proxy.cpp:659 [/dev/video1 (fd:205)] vidioc_qbuf(index=0)
[0:02:07.766994955] [3565] DEBUG V4L2 v4l2_videodevice.cpp:1783 /dev/video1[200:cap]: Queueing buffer 0
[0:02:07.779959079] [3565] DEBUG V4L2 v4l2_videodevice.cpp:1855 /dev/video1[200:cap]: Dequeuing buffer 1
[0:02:07.780340212] [3568] DEBUG V4L2Compat v4l2_camera_proxy.cpp:691 [/dev/video1 (fd:205)] vidioc_dqbuf()
[0:02:07.788972870] [3568] DEBUG V4L2Compat v4l2_camera_proxy.cpp:659 [/dev/video1 (fd:205)] vidioc_qbuf(index=1)
[0:02:07.790126269] [3565] DEBUG V4L2 v4l2_videodevice.cpp:1783 /dev/video1[200:cap]: Queueing buffer 1
[0:02:07.813162181] [3565] DEBUG V4L2 v4l2_videodevice.cpp:1855 /dev/video1[200:cap]: Dequeuing buffer 2
[0:02:07.813524527] [3568] DEBUG V4L2Compat v4l2_camera_proxy.cpp:691 [/dev/video1 (fd:205)] vidioc_dqbuf()
[0:02:07.831585721] [3568] DEBUG V4L2Compat v4l2_camera_proxy.cpp:659 [/dev/video1 (fd:205)] vidioc_qbuf(index=2)
[0:02:07.832680107] [3565] DEBUG V4L2 v4l2_videodevice.cpp:1783 /dev/video1[200:cap]: Queueing buffer 2
[0:02:07.845953450] [3565] DEBUG V4L2 v4l2_videodevice.cpp:1855 /dev/video1[200:cap]: Dequeuing buffer 3
[0:02:07.846508287] [3568] DEBUG V4L2Compat v4l2_camera_proxy.cpp:691 [/dev/video1 (fd:205)] vidioc_dqbuf()
[0:02:07.865103630] [3568] DEBUG V4L2Compat v4l2_camera_proxy.cpp:659 [/dev/video1 (fd:205)] vidioc_qbuf(index=3)
[0:02:07.866160240] [3565] DEBUG V4L2 v4l2_videodevice.cpp:1783 /dev/video1[200:cap]: Queueing buffer 3
[0:02:07.879465371] [3565] DEBUG V4L2 v4l2_videodevice.cpp:1855 /dev/video1[200:cap]: Dequeuing buffer 0
[0:02:07.879827866] [3568] DEBUG V4L2Compat v4l2_camera_proxy.cpp:691 [/dev/video1 (fd:205)] vidioc_dqbuf()
[0:02:07.885625551] [3568] DEBUG V4L2Compat v4l2_camera_proxy.cpp:659 [/dev/video1 (fd:205)] vidioc_qbuf(index=0)
[0:02:07.886191163] [3565] DEBUG V4L2 v4l2_videodevice.cpp:1783 /dev/video1[200:cap]: Queueing buffer 0
[0:02:07.912490119] [3565] DEBUG V4L2 v4l2_videodevice.cpp:1855 /dev/video1[200:cap]: Dequeuing buffer 1
[0:02:07.912857302] [3568] DEBUG V4L2Compat v4l2_camera_proxy.cpp:691 [/dev/video1 (fd:205)] vidioc_dqbuf()
[0:02:07.928819752] [3568] DEBUG V4L2Compat v4l2_camera_proxy.cpp:659 [/dev/video1 (fd:205)] vidioc_qbuf(index=1)
[0:02:07.929882312] [3565] DEBUG V4L2 v4l2_videodevice.cpp:1783 /dev/video1[200:cap]: Queueing buffer 1
[0:02:07.945790486] [3565] DEBUG V4L2 v4l2_videodevice.cpp:1855 /dev/video1[200:cap]: Dequeuing buffer 2
[0:02:07.946195207] [3568] DEBUG V4L2Compat v4l2_camera_proxy.cpp:691 [/dev/video1 (fd:205)] vidioc_dqbuf()
[0:02:07.963903019] [3568] DEBUG V4L2Compat v4l2_camera_proxy.cpp:659 [/dev/video1 (fd:205)] vidioc_qbuf(index=2)
[0:02:07.965146196] [3565] DEBUG V4L2 v4l2_videodevice.cpp:1783 /dev/video1[200:cap]: Queueing buffer 2
[0:02:07.979142029] [3565] DEBUG V4L2 v4l2_videodevice.cpp:1855 /dev/video1[200:cap]: Dequeuing buffer 3
[0:02:07.979600301] [3568] DEBUG V4L2Compat v4l2_camera_proxy.cpp:691 [/dev/video1 (fd:205)] vidioc_dqbuf()
[0:02:07.998405661] [3568] DEBUG V4L2Compat v4l2_camera_proxy.cpp:659 [/dev/video1 (fd:205)] vidioc_qbuf(index=3)
[0:02:07.999402232] [3565] DEBUG V4L2 v4l2_videodevice.cpp:1783 /dev/video1[200:cap]: Queueing buffer 3
[0:02:08.012551673] [3565] DEBUG V4L2 v4l2_videodevice.cpp:1855 /dev/video1[200:cap]: Dequeuing buffer 0
[0:02:08.012998870] [3568] DEBUG V4L2Compat v4l2_camera_proxy.cpp:691 [/dev/video1 (fd:205)] vidioc_dqbuf()
[0:02:08.031892270] [3568] DEBUG V4L2Compat v4l2_camera_proxy.cpp:659 [/dev/video1 (fd:205)] vidioc_qbuf(index=0)
[0:02:08.033125646] [3565] DEBUG V4L2 v4l2_videodevice.cpp:1783 /dev/video1[200:cap]: Queueing buffer 0
[0:02:08.045673661] [3565] DEBUG V4L2 v4l2_videodevice.cpp:1855 /dev/video1[200:cap]: Dequeuing buffer 1
[0:02:08.047121817] [3568] DEBUG V4L2Compat v4l2_camera_proxy.cpp:691 [/dev/video1 (fd:205)] vidioc_dqbuf()
[0:02:08.065926577] [3568] DEBUG V4L2Compat v4l2_camera_proxy.cpp:659 [/dev/video1 (fd:205)] vidioc_qbuf(index=1)
[0:02:08.066987787] [3565] DEBUG V4L2 v4l2_videodevice.cpp:1783 /dev/video1[200:cap]: Queueing buffer 1
[0:02:08.078870876] [3565] DEBUG V4L2 v4l2_videodevice.cpp:1855 /dev/video1[200:cap]: Dequeuing buffer 2
[0:02:08.079625142] [3568] DEBUG V4L2Compat v4l2_camera_proxy.cpp:691 [/dev/video1 (fd:205)] vidioc_dqbuf()
[0:02:08.097129562] [3568] DEBUG V4L2Compat v4l2_camera_proxy.cpp:659 [/dev/video1 (fd:205)] vidioc_qbuf(index=2)
[0:02:08.098173059] [3565] DEBUG V4L2 v4l2_videodevice.cpp:1783 /dev/video1[200:cap]: Queueing buffer 2
[0:02:08.111769859] [3565] DEBUG V4L2 v4l2_videodevice.cpp:1855 /dev/video1[200:cap]: Dequeuing buffer 3
[0:02:08.112181093] [3568] DEBUG V4L2Compat v4l2_camera_proxy.cpp:691 [/dev/video1 (fd:205)] vidioc_dqbuf()
[0:02:08.119043163] [3568] DEBUG V4L2Compat v4l2_camera_proxy.cpp:659 [/dev/video1 (fd:205)] vidioc_qbuf(index=3)
[0:02:08.119570136] [3565] DEBUG V4L2 v4l2_videodevice.cpp:1783 /dev/video1[200:cap]: Queueing buffer 3
[0:02:08.145094238] [3565] DEBUG V4L2 v4l2_videodevice.cpp:1855 /dev/video1[200:cap]: Dequeuing buffer 0
[0:02:08.145509360] [3568] DEBUG V4L2Compat v4l2_camera_proxy.cpp:691 [/dev/video1 (fd:205)] vidioc_dqbuf()
[0:02:08.154810219] [3568] DEBUG V4L2Compat v4l2_camera_proxy.cpp:659 [/dev/video1 (fd:205)] vidioc_qbuf(index=0)
[0:02:08.155480858] [3565] DEBUG V4L2 v4l2_videodevice.cpp:1783 /dev/video1[200:cap]: Queueing buffer 0
[0:02:08.178454944] [3565] DEBUG V4L2 v4l2_videodevice.cpp:1855 /dev/video1[200:cap]: Dequeuing buffer 1
[0:02:08.179857436] [3568] DEBUG V4L2Compat v4l2_camera_proxy.cpp:691 [/dev/video1 (fd:205)] vidioc_dqbuf()
[0:02:08.193930334] [3568] DEBUG V4L2Compat v4l2_camera_proxy.cpp:659 [/dev/video1 (fd:205)] vidioc_qbuf(index=1)
[0:02:08.195273112] [3565] DEBUG V4L2 v4l2_videodevice.cpp:1783 /dev/video1[200:cap]: Queueing buffer 1
[0:02:08.211377303] [3565] DEBUG V4L2 v4l2_videodevice.cpp:1855 /dev/video1[200:cap]: Dequeuing buffer 2
[0:02:08.211909701] [3568] DEBUG V4L2Compat v4l2_camera_proxy.cpp:691 [/dev/video1 (fd:205)] vidioc_dqbuf()
[0:02:08.226740278] [3568] DEBUG V4L2Compat v4l2_camera_proxy.cpp:659 [/dev/video1 (fd:205)] vidioc_qbuf(index=2)
[0:02:08.227723823] [3565] DEBUG V4L2 v4l2_videodevice.cpp:1783 /dev/video1[200:cap]: Queueing buffer 2
[0:02:08.245038065] [3565] DEBUG V4L2 v4l2_videodevice.cpp:1855 /dev/video1[200:cap]: Dequeuing buffer 3
[0:02:08.245453973] [3568] DEBUG V4L2Compat v4l2_camera_proxy.cpp:691 [/dev/video1 (fd:205)] vidioc_dqbuf()
[0:02:08.259720438] [3568] DEBUG V4L2Compat v4l2_camera_proxy.cpp:659 [/dev/video1 (fd:205)] vidioc_qbuf(index=3)
[0:02:08.260710408] [3565] DEBUG V4L2 v4l2_videodevice.cpp:1783 /dev/video1[200:cap]: Queueing buffer 3
[0:02:08.278272280] [3565] DEBUG V4L2 v4l2_videodevice.cpp:1855 /dev/video1[200:cap]: Dequeuing buffer 0
[0:02:08.278708452] [3568] DEBUG V4L2Compat v4l2_camera_proxy.cpp:691 [/dev/video1 (fd:205)] vidioc_dqbuf()
[0:02:08.294676464] [3568] DEBUG V4L2Compat v4l2_camera_proxy.cpp:659 [/dev/video1 (fd:205)] vidioc_qbuf(index=0)
[0:02:08.296537816] [3565] DEBUG V4L2 v4l2_videodevice.cpp:1783 /dev/video1[200:cap]: Queueing buffer 0
[0:02:08.311250502] [3565] DEBUG V4L2 v4l2_videodevice.cpp:1855 /dev/video1[200:cap]: Dequeuing buffer 1
[0:02:08.311722875] [3568] DEBUG V4L2Compat v4l2_camera_proxy.cpp:691 [/dev/video1 (fd:205)] vidioc_dqbuf()
[0:02:08.329105005] [3568] DEBUG V4L2Compat v4l2_camera_proxy.cpp:659 [/dev/video1 (fd:205)] vidioc_qbuf(index=1)
[0:02:08.329952360] [3565] DEBUG V4L2 v4l2_videodevice.cpp:1783 /dev/video1[200:cap]: Queueing buffer 1
[0:02:08.344351540] [3565] DEBUG V4L2 v4l2_videodevice.cpp:1855 /dev/video1[200:cap]: Dequeuing buffer 2
[0:02:08.344822362] [3568] DEBUG V4L2Compat v4l2_camera_proxy.cpp:691 [/dev/video1 (fd:205)] vidioc_dqbuf()
[0:02:08.362751241] [3568] DEBUG V4L2Compat v4l2_camera_proxy.cpp:659 [/dev/video1 (fd:205)] vidioc_qbuf(index=2)
[0:02:08.363866953] [3565] DEBUG V4L2 v4l2_videodevice.cpp:1783 /dev/video1[200:cap]: Queueing buffer 2
[0:02:08.377556005] [3565] DEBUG V4L2 v4l2_videodevice.cpp:1855 /dev/video1[200:cap]: Dequeuing buffer 3
[0:02:08.378069553] [3568] DEBUG V4L2Compat v4l2_camera_proxy.cpp:691 [/dev/video1 (fd:205)] vidioc_dqbuf()
[0:02:08.396602482] [3568] DEBUG V4L2Compat v4l2_camera_proxy.cpp:659 [/dev/video1 (fd:205)] vidioc_qbuf(index=3)
[0:02:08.397611266] [3565] DEBUG V4L2 v4l2_videodevice.cpp:1783 /dev/video1[200:cap]: Queueing buffer 3
[0:02:08.410871472] [3565] DEBUG V4L2 v4l2_videodevice.cpp:1855 /dev/video1[200:cap]: Dequeuing buffer 0
[0:02:08.411334644] [3568] DEBUG V4L2Compat v4l2_camera_proxy.cpp:691 [/dev/video1 (fd:205)] vidioc_dqbuf()
[0:02:08.429970538] [3568] DEBUG V4L2Compat v4l2_camera_proxy.cpp:659 [/dev/video1 (fd:205)] vidioc_qbuf(index=0)
[0:02:08.431124950] [3565] DEBUG V4L2 v4l2_videodevice.cpp:1783 /dev/video1[200:cap]: Queueing buffer 0
[0:02:08.444374143] [3565] DEBUG V4L2 v4l2_videodevice.cpp:1855 /dev/video1[200:cap]: Dequeuing buffer 1
[0:02:08.444815164] [3568] DEBUG V4L2Compat v4l2_camera_proxy.cpp:691 [/dev/video1 (fd:205)] vidioc_dqbuf()
[0:02:08.457999556] [3568] DEBUG V4L2Compat v4l2_camera_proxy.cpp:659 [/dev/video1 (fd:205)] vidioc_qbuf(index=1)
[0:02:08.458926725] [3565] DEBUG V4L2 v4l2_videodevice.cpp:1783 /dev/video1[200:cap]: Queueing buffer 1
[0:02:08.477435967] [3565] DEBUG V4L2 v4l2_videodevice.cpp:1855 /dev/video1[200:cap]: Dequeuing buffer 2
[0:02:08.477910039] [3568] DEBUG V4L2Compat v4l2_camera_proxy.cpp:691 [/dev/video1 (fd:205)] vidioc_dqbuf()
[0:02:08.495356846] [3568] DEBUG V4L2Compat v4l2_camera_proxy.cpp:659 [/dev/video1 (fd:205)] vidioc_qbuf(index=2)
[0:02:08.496370492] [3565] DEBUG V4L2 v4l2_videodevice.cpp:1783 /dev/video1[200:cap]: Queueing buffer 2
[0:02:08.510354525] [3565] DEBUG V4L2 v4l2_videodevice.cpp:1855 /dev/video1[200:cap]: Dequeuing buffer 3
[0:02:08.510796310] [3568] DEBUG V4L2Compat v4l2_camera_proxy.cpp:691 [/dev/video1 (fd:205)] vidioc_dqbuf()
[0:02:08.528895855] [3568] DEBUG V4L2Compat v4l2_camera_proxy.cpp:659 [/dev/video1 (fd:205)] vidioc_qbuf(index=3)
[0:02:08.529969640] [3565] DEBUG V4L2 v4l2_videodevice.cpp:1783 /dev/video1[200:cap]: Queueing buffer 3
[0:02:08.543670255] [3565] DEBUG V4L2 v4l2_videodevice.cpp:1855 /dev/video1[200:cap]: Dequeuing buffer 0
[0:02:08.546480389] [3568] DEBUG V4L2Compat v4l2_camera_proxy.cpp:691 [/dev/video1 (fd:205)] vidioc_dqbuf()
[0:02:08.564256103] [3568] DEBUG V4L2Compat v4l2_camera_proxy.cpp:659 [/dev/video1 (fd:205)] vidioc_qbuf(index=0)
[0:02:08.565271737] [3565] DEBUG V4L2 v4l2_videodevice.cpp:1783 /dev/video1[200:cap]: Queueing buffer 0
[0:02:08.576932596] [3565] DEBUG V4L2 v4l2_videodevice.cpp:1855 /dev/video1[200:cap]: Dequeuing buffer 1
[0:02:08.577535771] [3568] DEBUG V4L2Compat v4l2_camera_proxy.cpp:691 [/dev/video1 (fd:205)] vidioc_dqbuf()
[0:02:08.593084425] [3568] DEBUG V4L2Compat v4l2_camera_proxy.cpp:659 [/dev/video1 (fd:205)] vidioc_qbuf(index=1)
[0:02:08.594084871] [3565] DEBUG V4L2 v4l2_videodevice.cpp:1783 /dev/video1[200:cap]: Queueing buffer 1
[0:02:08.610438417] [3565] DEBUG V4L2 v4l2_videodevice.cpp:1855 /dev/video1[200:cap]: Dequeuing buffer 2
[0:02:08.611261347] [3568] DEBUG V4L2Compat v4l2_camera_proxy.cpp:691 [/dev/video1 (fd:205)] vidioc_dqbuf()
[0:02:08.629198364] [3568] DEBUG V4L2Compat v4l2_camera_proxy.cpp:659 [/dev/video1 (fd:205)] vidioc_qbuf(index=2)
[0:02:08.630282574] [3565] DEBUG V4L2 v4l2_videodevice.cpp:1783 /dev/video1[200:cap]: Queueing buffer 2
[0:02:08.643302212] [3565] DEBUG V4L2 v4l2_videodevice.cpp:1855 /dev/video1[200:cap]: Dequeuing buffer 3
[0:02:08.644070803] [3568] DEBUG V4L2Compat v4l2_camera_proxy.cpp:691 [/dev/video1 (fd:205)] vidioc_dqbuf()
[0:02:08.662735073] [3568] DEBUG V4L2Compat v4l2_camera_proxy.cpp:659 [/dev/video1 (fd:205)] vidioc_qbuf(index=3)
[0:02:08.663783208] [3565] DEBUG V4L2 v4l2_videodevice.cpp:1783 /dev/video1[200:cap]: Queueing buffer 3
[0:02:08.676554915] [3565] DEBUG V4L2 v4l2_videodevice.cpp:1855 /dev/video1[200:cap]: Dequeuing buffer 0
[0:02:08.677286181] [3568] DEBUG V4L2Compat v4l2_camera_proxy.cpp:691 [/dev/video1 (fd:205)] vidioc_dqbuf()
[0:02:08.695308399] [3568] DEBUG V4L2Compat v4l2_camera_proxy.cpp:659 [/dev/video1 (fd:205)] vidioc_qbuf(index=0)
[0:02:08.696757267] [3565] DEBUG V4L2 v4l2_videodevice.cpp:1783 /dev/video1[200:cap]: Queueing buffer 0
[0:02:08.709825206] [3565] DEBUG V4L2 v4l2_videodevice.cpp:1855 /dev/video1[200:cap]: Dequeuing buffer 1
[0:02:08.710548009] [3568] DEBUG V4L2Compat v4l2_camera_proxy.cpp:691 [/dev/video1 (fd:205)] vidioc_dqbuf()
[0:02:08.729237079] [3568] DEBUG V4L2Compat v4l2_camera_proxy.cpp:659 [/dev/video1 (fd:205)] vidioc_qbuf(index=1)
[0:02:08.730308402] [3565] DEBUG V4L2 v4l2_videodevice.cpp:1783 /dev/video1[200:cap]: Queueing buffer 1
[0:02:08.743072659] [3565] DEBUG V4L2 v4l2_videodevice.cpp:1855 /dev/video1[200:cap]: Dequeuing buffer 2
[0:02:08.743875976] [3568] DEBUG V4L2Compat v4l2_camera_proxy.cpp:691 [/dev/video1 (fd:205)] vidioc_dqbuf()
[0:02:08.756482280] [3568] DEBUG V4L2Compat v4l2_camera_proxy.cpp:659 [/dev/video1 (fd:205)] vidioc_qbuf(index=2)
[0:02:08.757418650] [3565] DEBUG V4L2 v4l2_videodevice.cpp:1783 /dev/video1[200:cap]: Queueing buffer 2
[0:02:08.776238073] [3565] DEBUG V4L2 v4l2_videodevice.cpp:1855 /dev/video1[200:cap]: Dequeuing buffer 3
[0:02:08.777177105] [3568] DEBUG V4L2Compat v4l2_camera_proxy.cpp:691 [/dev/video1 (fd:205)] vidioc_dqbuf()
[0:02:08.791279441] [3568] DEBUG V4L2Compat v4l2_camera_proxy.cpp:659 [/dev/video1 (fd:205)] vidioc_qbuf(index=3)
[0:02:08.792148560] [3565] DEBUG V4L2 v4l2_videodevice.cpp:1783 /dev/video1[200:cap]: Queueing buffer 3
[0:02:08.809347136] [3565] DEBUG V4L2 v4l2_videodevice.cpp:1855 /dev/video1[200:cap]: Dequeuing buffer 0
[0:02:08.809992074] [3568] DEBUG V4L2Compat v4l2_camera_proxy.cpp:691 [/dev/video1 (fd:205)] vidioc_dqbuf()
[0:02:08.828939850] [3568] DEBUG V4L2Compat v4l2_camera_proxy.cpp:659 [/dev/video1 (fd:205)] vidioc_qbuf(index=0)
[0:02:08.829824419] [3565] DEBUG V4L2 v4l2_videodevice.cpp:1783 /dev/video1[200:cap]: Queueing buffer 0
[0:02:08.842730504] [3565] DEBUG V4L2 v4l2_videodevice.cpp:1855 /dev/video1[200:cap]: Dequeuing buffer 1
[0:02:08.843454557] [3568] DEBUG V4L2Compat v4l2_camera_proxy.cpp:691 [/dev/video1 (fd:205)] vidioc_dqbuf()
[0:02:08.860750460] [3568] DEBUG V4L2Compat v4l2_camera_proxy.cpp:659 [/dev/video1 (fd:205)] vidioc_qbuf(index=1)
[0:02:08.861687593] [3565] DEBUG V4L2 v4l2_videodevice.cpp:1783 /dev/video1[200:cap]: Queueing buffer 1
[0:02:08.875841617] [3565] DEBUG V4L2 v4l2_videodevice.cpp:1855 /dev/video1[200:cap]: Dequeuing buffer 2
[0:02:08.876604608] [3568] DEBUG V4L2Compat v4l2_camera_proxy.cpp:691 [/dev/video1 (fd:205)] vidioc_dqbuf()
[0:02:08.892842764] [3568] DEBUG V4L2Compat v4l2_camera_proxy.cpp:659 [/dev/video1 (fd:205)] vidioc_qbuf(index=2)
[0:02:08.893801859] [3565] DEBUG V4L2 v4l2_videodevice.cpp:1783 /dev/video1[200:cap]: Queueing buffer 2
[0:02:08.909098445] [3565] DEBUG V4L2 v4l2_videodevice.cpp:1855 /dev/video1[200:cap]: Dequeuing buffer 3
[0:02:08.909774372] [3568] DEBUG V4L2Compat v4l2_camera_proxy.cpp:691 [/dev/video1 (fd:205)] vidioc_dqbuf()
[0:02:08.927958819] [3568] DEBUG V4L2Compat v4l2_camera_proxy.cpp:659 [/dev/video1 (fd:205)] vidioc_qbuf(index=3)
[0:02:08.929070293] [3565] DEBUG V4L2 v4l2_videodevice.cpp:1783 /dev/video1[200:cap]: Queueing buffer 3
[0:02:08.942292460] [3565] DEBUG V4L2 v4l2_videodevice.cpp:1855 /dev/video1[200:cap]: Dequeuing buffer 0
[0:02:08.942932536] [3568] DEBUG V4L2Compat v4l2_camera_proxy.cpp:691 [/dev/video1 (fd:205)] vidioc_dqbuf()
[0:02:08.961232173] [3568] DEBUG V4L2Compat v4l2_camera_proxy.cpp:659 [/dev/video1 (fd:205)] vidioc_qbuf(index=0)
[0:02:08.962198231] [3565] DEBUG V4L2 v4l2_videodevice.cpp:1783 /dev/video1[200:cap]: Queueing buffer 0
[0:02:08.975454336] [3565] DEBUG V4L2 v4l2_videodevice.cpp:1855 /dev/video1[200:cap]: Dequeuing buffer 1
[0:02:08.976087712] [3568] DEBUG V4L2Compat v4l2_camera_proxy.cpp:691 [/dev/video1 (fd:205)] vidioc_dqbuf()
[0:02:08.997647806] [3568] DEBUG V4L2Compat v4l2_camera_proxy.cpp:659 [/dev/video1 (fd:205)] vidioc_qbuf(index=1)
[0:02:08.998413434] [3565] DEBUG V4L2 v4l2_videodevice.cpp:1783 /dev/video1[200:cap]: Queueing buffer 1
[0:02:09.008676914] [3565] DEBUG V4L2 v4l2_videodevice.cpp:1855 /dev/video1[200:cap]: Dequeuing buffer 2
[0:02:09.009419167] [3568] DEBUG V4L2Compat v4l2_camera_proxy.cpp:691 [/dev/video1 (fd:205)] vidioc_dqbuf()
[0:02:09.016757160] [3568] DEBUG V4L2Compat v4l2_camera_proxy.cpp:659 [/dev/video1 (fd:205)] vidioc_qbuf(index=2)
[0:02:09.017434136] [3565] DEBUG V4L2 v4l2_videodevice.cpp:1783 /dev/video1[200:cap]: Queueing buffer 2
[0:02:09.041985618] [3565] DEBUG V4L2 v4l2_videodevice.cpp:1855 /dev/video1[200:cap]: Dequeuing buffer 3
[0:02:09.043705492] [3568] DEBUG V4L2Compat v4l2_camera_proxy.cpp:691 [/dev/video1 (fd:205)] vidioc_dqbuf()
[0:02:09.053590601] [3568] DEBUG V4L2Compat v4l2_camera_proxy.cpp:659 [/dev/video1 (fd:205)] vidioc_qbuf(index=3)
[0:02:09.054483520] [3565] DEBUG V4L2 v4l2_videodevice.cpp:1783 /dev/video1[200:cap]: Queueing buffer 3
[0:02:09.075119881] [3565] DEBUG V4L2 v4l2_videodevice.cpp:1855 /dev/video1[200:cap]: Dequeuing buffer 0
[0:02:09.075645130] [3568] DEBUG V4L2Compat v4l2_camera_proxy.cpp:691 [/dev/video1 (fd:205)] vidioc_dqbuf()
[0:02:09.091707007] [3568] DEBUG V4L2Compat v4l2_camera_proxy.cpp:659 [/dev/video1 (fd:205)] vidioc_qbuf(index=0)
[0:02:09.092567250] [3565] DEBUG V4L2 v4l2_videodevice.cpp:1783 /dev/video1[200:cap]: Queueing buffer 0
[0:02:09.108317721] [3565] DEBUG V4L2 v4l2_videodevice.cpp:1855 /dev/video1[200:cap]: Dequeuing buffer 1
[0:02:09.108974560] [3568] DEBUG V4L2Compat v4l2_camera_proxy.cpp:691 [/dev/video1 (fd:205)] vidioc_dqbuf()
[0:02:09.124515876] [3568] DEBUG V4L2Compat v4l2_camera_proxy.cpp:659 [/dev/video1 (fd:205)] vidioc_qbuf(index=1)
[0:02:09.125472309] [3565] DEBUG V4L2 v4l2_videodevice.cpp:1783 /dev/video1[200:cap]: Queueing buffer 1
[0:02:09.141541573] [3565] DEBUG V4L2 v4l2_videodevice.cpp:1855 /dev/video1[200:cap]: Dequeuing buffer 2
[0:02:09.142203650] [3568] DEBUG V4L2Compat v4l2_camera_proxy.cpp:691 [/dev/video1 (fd:205)] vidioc_dqbuf()
[0:02:09.157861469] [3568] DEBUG V4L2Compat v4l2_camera_proxy.cpp:659 [/dev/video1 (fd:205)] vidioc_qbuf(index=2)
[0:02:09.158854502] [3565] DEBUG V4L2 v4l2_videodevice.cpp:1783 /dev/video1[200:cap]: Queueing buffer 2
[0:02:09.174683612] [3565] DEBUG V4L2 v4l2_videodevice.cpp:1855 /dev/video1[200:cap]: Dequeuing buffer 3
[0:02:09.175381727] [3568] DEBUG V4L2Compat v4l2_camera_proxy.cpp:691 [/dev/video1 (fd:205)] vidioc_dqbuf()
[0:02:09.193411633] [3568] DEBUG V4L2Compat v4l2_camera_proxy.cpp:659 [/dev/video1 (fd:205)] vidioc_qbuf(index=3)
[0:02:09.194440305] [3565] DEBUG V4L2 v4l2_videodevice.cpp:1783 /dev/video1[200:cap]: Queueing buffer 3
[0:02:09.207939803] [3565] DEBUG V4L2 v4l2_videodevice.cpp:1855 /dev/video1[200:cap]: Dequeuing buffer 0
[0:02:09.208799533] [3568] DEBUG V4L2Compat v4l2_camera_proxy.cpp:691 [/dev/video1 (fd:205)] vidioc_dqbuf()
[0:02:09.226700224] [3568] DEBUG V4L2Compat v4l2_camera_proxy.cpp:659 [/dev/video1 (fd:205)] vidioc_qbuf(index=0)
[0:02:09.227768184] [3565] DEBUG V4L2 v4l2_videodevice.cpp:1783 /dev/video1[200:cap]: Queueing buffer 0
[0:02:09.241243207] [3565] DEBUG V4L2 v4l2_videodevice.cpp:1855 /dev/video1[200:cap]: Dequeuing buffer 1
[0:02:09.242082537] [3568] DEBUG V4L2Compat v4l2_camera_proxy.cpp:691 [/dev/video1 (fd:205)] vidioc_dqbuf()
[0:02:09.259901777] [3568] DEBUG V4L2Compat v4l2_camera_proxy.cpp:659 [/dev/video1 (fd:205)] vidioc_qbuf(index=1)
[0:02:09.260919811] [3565] DEBUG V4L2 v4l2_videodevice.cpp:1783 /dev/video1[200:cap]: Queueing buffer 1
[0:02:09.274342457] [3565] DEBUG V4L2 v4l2_videodevice.cpp:1855 /dev/video1[200:cap]: Dequeuing buffer 2
[0:02:09.274925607] [3568] DEBUG V4L2Compat v4l2_camera_proxy.cpp:691 [/dev/video1 (fd:205)] vidioc_dqbuf()
[0:02:09.292584780] [3568] DEBUG V4L2Compat v4l2_camera_proxy.cpp:659 [/dev/video1 (fd:205)] vidioc_qbuf(index=2)
[0:02:09.293645978] [3565] DEBUG V4L2 v4l2_videodevice.cpp:1783 /dev/video1[200:cap]: Queueing buffer 2
[0:02:09.307561959] [3565] DEBUG V4L2 v4l2_videodevice.cpp:1855 /dev/video1[200:cap]: Dequeuing buffer 3
[0:02:09.308288237] [3568] DEBUG V4L2Compat v4l2_camera_proxy.cpp:691 [/dev/video1 (fd:205)] vidioc_dqbuf()
[0:02:09.325942798] [3568] DEBUG V4L2Compat v4l2_camera_proxy.cpp:659 [/dev/video1 (fd:205)] vidioc_qbuf(index=3)
[0:02:09.327063947] [3565] DEBUG V4L2 v4l2_videodevice.cpp:1783 /dev/video1[200:cap]: Queueing buffer 3
[0:02:09.340751974] [3565] DEBUG V4L2 v4l2_videodevice.cpp:1855 /dev/video1[200:cap]: Dequeuing buffer 0
[0:02:09.341415425] [3568] DEBUG V4L2Compat v4l2_camera_proxy.cpp:691 [/dev/video1 (fd:205)] vidioc_dqbuf()
[0:02:09.358897595] [3568] DEBUG V4L2Compat v4l2_camera_proxy.cpp:659 [/dev/video1 (fd:205)] vidioc_qbuf(index=0)
[0:02:09.359964330] [3565] DEBUG V4L2 v4l2_videodevice.cpp:1783 /dev/video1[200:cap]: Queueing buffer 0
[0:02:09.373938438] [3565] DEBUG V4L2 v4l2_videodevice.cpp:1855 /dev/video1[200:cap]: Dequeuing buffer 1
[0:02:09.374604015] [3568] DEBUG V4L2Compat v4l2_camera_proxy.cpp:691 [/dev/video1 (fd:205)] vidioc_dqbuf()
[0:02:09.392863738] [3568] DEBUG V4L2Compat v4l2_camera_proxy.cpp:659 [/dev/video1 (fd:205)] vidioc_qbuf(index=1)
[0:02:09.393951486] [3565] DEBUG V4L2 v4l2_videodevice.cpp:1783 /dev/video1[200:cap]: Queueing buffer 1
[0:02:09.407210979] [3565] DEBUG V4L2 v4l2_videodevice.cpp:1855 /dev/video1[200:cap]: Dequeuing buffer 2
[0:02:09.407830455] [3568] DEBUG V4L2Compat v4l2_camera_proxy.cpp:691 [/dev/video1 (fd:205)] vidioc_dqbuf()
[0:02:09.426750630] [3568] DEBUG V4L2Compat v4l2_camera_proxy.cpp:659 [/dev/video1 (fd:205)] vidioc_qbuf(index=2)
[0:02:09.427814565] [3565] DEBUG V4L2 v4l2_videodevice.cpp:1783 /dev/video1[200:cap]: Queueing buffer 2
[0:02:09.440463995] [3565] DEBUG V4L2 v4l2_videodevice.cpp:1855 /dev/video1[200:cap]: Dequeuing buffer 3
[0:02:09.441085321] [3568] DEBUG V4L2Compat v4l2_camera_proxy.cpp:691 [/dev/video1 (fd:205)] vidioc_dqbuf()
[0:02:09.460256539] [3568] DEBUG V4L2Compat v4l2_camera_proxy.cpp:659 [/dev/video1 (fd:205)] vidioc_qbuf(index=3)
[0:02:09.461321986] [3565] DEBUG V4L2 v4l2_videodevice.cpp:1783 /dev/video1[200:cap]: Queueing buffer 3
[0:02:09.473699448] [3565] DEBUG V4L2 v4l2_videodevice.cpp:1855 /dev/video1[200:cap]: Dequeuing buffer 0
[0:02:09.474410075] [3568] DEBUG V4L2Compat v4l2_camera_proxy.cpp:691 [/dev/video1 (fd:205)] vidioc_dqbuf()
[0:02:09.491986872] [3568] DEBUG V4L2Compat v4l2_camera_proxy.cpp:659 [/dev/video1 (fd:205)] vidioc_qbuf(index=0)
[0:02:09.493110483] [3565] DEBUG V4L2 v4l2_videodevice.cpp:1783 /dev/video1[200:cap]: Queueing buffer 0
[0:02:09.506842549] [3565] DEBUG V4L2 v4l2_videodevice.cpp:1855 /dev/video1[200:cap]: Dequeuing buffer 1
[0:02:09.507491900] [3568] DEBUG V4L2Compat v4l2_camera_proxy.cpp:691 [/dev/video1 (fd:205)] vidioc_dqbuf()
[0:02:09.525448442] [3568] DEBUG V4L2Compat v4l2_camera_proxy.cpp:659 [/dev/video1 (fd:205)] vidioc_qbuf(index=1)
[0:02:09.526505427] [3565] DEBUG V4L2 v4l2_videodevice.cpp:1783 /dev/video1[200:cap]: Queueing buffer 1
[0:02:09.540140915] [3565] DEBUG V4L2 v4l2_videodevice.cpp:1855 /dev/video1[200:cap]: Dequeuing buffer 2
[0:02:09.542882286] [3568] DEBUG V4L2Compat v4l2_camera_proxy.cpp:691 [/dev/video1 (fd:205)] vidioc_dqbuf()
[0:02:09.560506121] [3568] DEBUG V4L2Compat v4l2_camera_proxy.cpp:659 [/dev/video1 (fd:205)] vidioc_qbuf(index=2)
[0:02:09.561554931] [3565] DEBUG V4L2 v4l2_videodevice.cpp:1783 /dev/video1[200:cap]: Queueing buffer 2
[0:02:09.573324630] [3565] DEBUG V4L2 v4l2_videodevice.cpp:1855 /dev/video1[200:cap]: Dequeuing buffer 3
[0:02:09.573988419] [3568] DEBUG V4L2Compat v4l2_camera_proxy.cpp:691 [/dev/video1 (fd:205)] vidioc_dqbuf()
[0:02:09.589315793] [3568] DEBUG V4L2Compat v4l2_camera_proxy.cpp:659 [/dev/video1 (fd:205)] vidioc_qbuf(index=3)
[0:02:09.590354502] [3565] DEBUG V4L2 v4l2_videodevice.cpp:1783 /dev/video1[200:cap]: Queueing buffer 3
[0:02:09.606474618] [3565] DEBUG V4L2 v4l2_videodevice.cpp:1855 /dev/video1[200:cap]: Dequeuing buffer 0
[0:02:09.607091069] [3568] DEBUG V4L2Compat v4l2_camera_proxy.cpp:691 [/dev/video1 (fd:205)] vidioc_dqbuf()
[0:02:09.624625827] [3568] DEBUG V4L2Compat v4l2_camera_proxy.cpp:659 [/dev/video1 (fd:205)] vidioc_qbuf(index=0)
[0:02:09.625757214] [3565] DEBUG V4L2 v4l2_videodevice.cpp:1783 /dev/video1[200:cap]: Queueing buffer 0
[0:02:09.639689808] [3565] DEBUG V4L2 v4l2_videodevice.cpp:1855 /dev/video1[200:cap]: Dequeuing buffer 1
[0:02:09.640398836] [3568] DEBUG V4L2Compat v4l2_camera_proxy.cpp:691 [/dev/video1 (fd:205)] vidioc_dqbuf()
[0:02:09.658507819] [3568] DEBUG V4L2Compat v4l2_camera_proxy.cpp:659 [/dev/video1 (fd:205)] vidioc_qbuf(index=1)
[0:02:09.659568766] [3565] DEBUG V4L2 v4l2_videodevice.cpp:1783 /dev/video1[200:cap]: Queueing buffer 1
[0:02:09.673444922] [3565] DEBUG V4L2 v4l2_videodevice.cpp:1855 /dev/video1[200:cap]: Dequeuing buffer 2
[0:02:09.674111111] [3568] DEBUG V4L2Compat v4l2_camera_proxy.cpp:691 [/dev/video1 (fd:205)] vidioc_dqbuf()
[0:02:09.692382073] [3568] DEBUG V4L2Compat v4l2_camera_proxy.cpp:659 [/dev/video1 (fd:205)] vidioc_qbuf(index=2)
[0:02:09.693414482] [3565] DEBUG V4L2 v4l2_videodevice.cpp:1783 /dev/video1[200:cap]: Queueing buffer 2
[0:02:09.706193615] [3565] DEBUG V4L2 v4l2_videodevice.cpp:1855 /dev/video1[200:cap]: Dequeuing buffer 3
[0:02:09.706851566] [3568] DEBUG V4L2Compat v4l2_camera_proxy.cpp:691 [/dev/video1 (fd:205)] vidioc_dqbuf()
[0:02:09.724949599] [3568] DEBUG V4L2Compat v4l2_camera_proxy.cpp:659 [/dev/video1 (fd:205)] vidioc_qbuf(index=3)
[0:02:09.726114923] [3565] DEBUG V4L2 v4l2_videodevice.cpp:1783 /dev/video1[200:cap]: Queueing buffer 3
[0:02:09.739375516] [3565] DEBUG V4L2 v4l2_videodevice.cpp:1855 /dev/video1[200:cap]: Dequeuing buffer 0
[0:02:09.740099944] [3568] DEBUG V4L2Compat v4l2_camera_proxy.cpp:691 [/dev/video1 (fd:205)] vidioc_dqbuf()
[0:02:09.758788802] [3568] DEBUG V4L2Compat v4l2_camera_proxy.cpp:659 [/dev/video1 (fd:205)] vidioc_qbuf(index=0)
[0:02:09.759852812] [3565] DEBUG V4L2 v4l2_videodevice.cpp:1783 /dev/video1[200:cap]: Queueing buffer 0
[0:02:09.772569993] [3565] DEBUG V4L2 v4l2_videodevice.cpp:1855 /dev/video1[200:cap]: Dequeuing buffer 1
[0:02:09.773693155] [3568] DEBUG V4L2Compat v4l2_camera_proxy.cpp:691 [/dev/video1 (fd:205)] vidioc_dqbuf()
[0:02:09.786911247] [3568] DEBUG V4L2Compat v4l2_camera_proxy.cpp:659 [/dev/video1 (fd:205)] vidioc_qbuf(index=1)
[0:02:09.788244500] [3565] DEBUG V4L2 v4l2_videodevice.cpp:1783 /dev/video1[200:cap]: Queueing buffer 1
[0:02:09.805805521] [3565] DEBUG V4L2 v4l2_videodevice.cpp:1855 /dev/video1[200:cap]: Dequeuing buffer 2
[0:02:09.806399346] [3568] DEBUG V4L2Compat v4l2_camera_proxy.cpp:691 [/dev/video1 (fd:205)] vidioc_dqbuf()
[0:02:09.823817552] [3568] DEBUG V4L2Compat v4l2_camera_proxy.cpp:659 [/dev/video1 (fd:205)] vidioc_qbuf(index=2)
[0:02:09.824880424] [3565] DEBUG V4L2 v4l2_videodevice.cpp:1783 /dev/video1[200:cap]: Queueing buffer 2
[0:02:09.839092738] [3565] DEBUG V4L2 v4l2_videodevice.cpp:1855 /dev/video1[200:cap]: Dequeuing buffer 3
[0:02:09.839714276] [3568] DEBUG V4L2Compat v4l2_camera_proxy.cpp:691 [/dev/video1 (fd:205)] vidioc_dqbuf()
[0:02:09.858665114] [3568] DEBUG V4L2Compat v4l2_camera_proxy.cpp:659 [/dev/video1 (fd:205)] vidioc_qbuf(index=3)
[0:02:09.859742862] [3565] DEBUG V4L2 v4l2_videodevice.cpp:1783 /dev/video1[200:cap]: Queueing buffer 3
[0:02:09.872272402] [3565] DEBUG V4L2 v4l2_videodevice.cpp:1855 /dev/video1[200:cap]: Dequeuing buffer 0
[0:02:09.873226234] [3568] DEBUG V4L2Compat v4l2_camera_proxy.cpp:691 [/dev/video1 (fd:205)] vidioc_dqbuf()
[0:02:09.891589848] [3568] DEBUG V4L2Compat v4l2_camera_proxy.cpp:659 [/dev/video1 (fd:205)] vidioc_qbuf(index=0)
[0:02:09.892675996] [3565] DEBUG V4L2 v4l2_videodevice.cpp:1783 /dev/video1[200:cap]: Queueing buffer 0
[0:02:09.905488954] [3565] DEBUG V4L2 v4l2_videodevice.cpp:1855 /dev/video1[200:cap]: Dequeuing buffer 1
[0:02:09.906219407] [3568] DEBUG V4L2Compat v4l2_camera_proxy.cpp:691 [/dev/video1 (fd:205)] vidioc_dqbuf()
[0:02:09.925117032] [3568] DEBUG V4L2Compat v4l2_camera_proxy.cpp:659 [/dev/video1 (fd:205)] vidioc_qbuf(index=1)
[0:02:09.926199430] [3565] DEBUG V4L2 v4l2_videodevice.cpp:1783 /dev/video1[200:cap]: Queueing buffer 1
[0:02:09.938674569] [3565] DEBUG V4L2 v4l2_videodevice.cpp:1855 /dev/video1[200:cap]: Dequeuing buffer 2
[0:02:09.939599913] [3568] DEBUG V4L2Compat v4l2_camera_proxy.cpp:691 [/dev/video1 (fd:205)] vidioc_dqbuf()
[0:02:09.957382902] [3568] DEBUG V4L2Compat v4l2_camera_proxy.cpp:659 [/dev/video1 (fd:205)] vidioc_qbuf(index=2)
[0:02:09.958424274] [3565] DEBUG V4L2 v4l2_videodevice.cpp:1783 /dev/video1[200:cap]: Queueing buffer 2
[0:02:09.971858745] [3565] DEBUG V4L2 v4l2_videodevice.cpp:1855 /dev/video1[200:cap]: Dequeuing buffer 3
[0:02:09.972600286] [3568] DEBUG V4L2Compat v4l2_camera_proxy.cpp:691 [/dev/video1 (fd:205)] vidioc_dqbuf()
[0:02:09.990128932] [3568] DEBUG V4L2Compat v4l2_camera_proxy.cpp:659 [/dev/video1 (fd:205)] vidioc_qbuf(index=3)
[0:02:09.990969862] [3565] DEBUG V4L2 v4l2_videodevice.cpp:1783 /dev/video1[200:cap]: Queueing buffer 3
[0:02:10.005127886] [3565] DEBUG V4L2 v4l2_videodevice.cpp:1855 /dev/video1[200:cap]: Dequeuing buffer 0
[0:02:10.005713936] [3568] DEBUG V4L2Compat v4l2_camera_proxy.cpp:691 [/dev/video1 (fd:205)] vidioc_dqbuf()
[0:02:10.025114297] [3568] DEBUG V4L2Compat v4l2_camera_proxy.cpp:659 [/dev/video1 (fd:205)] vidioc_qbuf(index=0)
[0:02:10.025982952] [3565] DEBUG V4L2 v4l2_videodevice.cpp:1783 /dev/video1[200:cap]: Queueing buffer 0
[0:02:10.038368039] [3565] DEBUG V4L2 v4l2_videodevice.cpp:1855 /dev/video1[200:cap]: Dequeuing buffer 1
[0:02:10.040062625] [3568] DEBUG V4L2Compat v4l2_camera_proxy.cpp:691 [/dev/video1 (fd:205)] vidioc_dqbuf()
[0:02:10.046606589] [3568] DEBUG V4L2Compat v4l2_camera_proxy.cpp:659 [/dev/video1 (fd:205)] vidioc_qbuf(index=1)
[0:02:10.047337416] [3565] DEBUG V4L2 v4l2_videodevice.cpp:1783 /dev/video1[200:cap]: Queueing buffer 1
[0:02:10.071549804] [3565] DEBUG V4L2 v4l2_videodevice.cpp:1855 /dev/video1[200:cap]: Dequeuing buffer 2
[0:02:10.072219755] [3568] DEBUG V4L2Compat v4l2_camera_proxy.cpp:691 [/dev/video1 (fd:205)] vidioc_dqbuf()
[0:02:10.083224650] [3568] DEBUG V4L2Compat v4l2_camera_proxy.cpp:659 [/dev/video1 (fd:205)] vidioc_qbuf(index=2)
[0:02:10.084042918] [3565] DEBUG V4L2 v4l2_videodevice.cpp:1783 /dev/video1[200:cap]: Queueing buffer 2
[0:02:10.104765631] [3565] DEBUG V4L2 v4l2_videodevice.cpp:1855 /dev/video1[200:cap]: Dequeuing buffer 3
[0:02:10.105429033] [3568] DEBUG V4L2Compat v4l2_camera_proxy.cpp:691 [/dev/video1 (fd:205)] vidioc_dqbuf()
[0:02:10.111478698] [3568] DEBUG V4L2Compat v4l2_camera_proxy.cpp:659 [/dev/video1 (fd:205)] vidioc_qbuf(index=3)
[0:02:10.112362379] [3565] DEBUG V4L2 v4l2_videodevice.cpp:1783 /dev/video1[200:cap]: Queueing buffer 3
[0:02:10.138138224] [3565] DEBUG V4L2 v4l2_videodevice.cpp:1855 /dev/video1[200:cap]: Dequeuing buffer 0
[0:02:10.138764112] [3568] DEBUG V4L2Compat v4l2_camera_proxy.cpp:691 [/dev/video1 (fd:205)] vidioc_dqbuf()
[0:02:10.149098256] [3568] DEBUG V4L2Compat v4l2_camera_proxy.cpp:659 [/dev/video1 (fd:205)] vidioc_qbuf(index=0)
[0:02:10.149980037] [3565] DEBUG V4L2 v4l2_videodevice.cpp:1783 /dev/video1[200:cap]: Queueing buffer 0
[0:02:10.171212099] [3565] DEBUG V4L2 v4l2_videodevice.cpp:1855 /dev/video1[200:cap]: Dequeuing buffer 1
[0:02:10.171910663] [3568] DEBUG V4L2Compat v4l2_camera_proxy.cpp:691 [/dev/video1 (fd:205)] vidioc_dqbuf()
[0:02:10.190793213] [3568] DEBUG V4L2Compat v4l2_camera_proxy.cpp:659 [/dev/video1 (fd:205)] vidioc_qbuf(index=1)
[0:02:10.192255119] [3565] DEBUG V4L2 v4l2_videodevice.cpp:1783 /dev/video1[200:cap]: Queueing buffer 1
[0:02:10.204527791] [3565] DEBUG V4L2 v4l2_videodevice.cpp:1855 /dev/video1[200:cap]: Dequeuing buffer 2
[0:02:10.205223668] [3568] DEBUG V4L2Compat v4l2_camera_proxy.cpp:691 [/dev/video1 (fd:205)] vidioc_dqbuf()
[0:02:10.222309892] [3568] DEBUG V4L2Compat v4l2_camera_proxy.cpp:659 [/dev/video1 (fd:205)] vidioc_qbuf(index=2)
[0:02:10.223373577] [3565] DEBUG V4L2 v4l2_videodevice.cpp:1783 /dev/video1[200:cap]: Queueing buffer 2
[0:02:10.237794919] [3565] DEBUG V4L2 v4l2_videodevice.cpp:1855 /dev/video1[200:cap]: Dequeuing buffer 3
[0:02:10.238934068] [3568] DEBUG V4L2Compat v4l2_camera_proxy.cpp:691 [/dev/video1 (fd:205)] vidioc_dqbuf()
[0:02:10.245137987] [3568] DEBUG V4L2Compat v4l2_camera_proxy.cpp:659 [/dev/video1 (fd:205)] vidioc_qbuf(index=3)
[0:02:10.245881165] [3565] DEBUG V4L2 v4l2_videodevice.cpp:1783 /dev/video1[200:cap]: Queueing buffer 3
[0:02:10.271146275] [3565] DEBUG V4L2 v4l2_videodevice.cpp:1855 /dev/video1[200:cap]: Dequeuing buffer 0
[0:02:10.271976467] [3568] DEBUG V4L2Compat v4l2_camera_proxy.cpp:691 [/dev/video1 (fd:205)] vidioc_dqbuf()
[0:02:10.280305318] [3568] DEBUG V4L2Compat v4l2_camera_proxy.cpp:659 [/dev/video1 (fd:205)] vidioc_qbuf(index=0)
[0:02:10.280967282] [3565] DEBUG V4L2 v4l2_videodevice.cpp:1783 /dev/video1[200:cap]: Queueing buffer 0
[0:02:10.303976519] [3565] DEBUG V4L2 v4l2_videodevice.cpp:1855 /dev/video1[200:cap]: Dequeuing buffer 1
[0:02:10.304414941] [3568] DEBUG V4L2Compat v4l2_camera_proxy.cpp:691 [/dev/video1 (fd:205)] vidioc_dqbuf()
[0:02:10.311754996] [3568] DEBUG V4L2Compat v4l2_camera_proxy.cpp:659 [/dev/video1 (fd:205)] vidioc_qbuf(index=1)
[0:02:10.312536787] [3565] DEBUG V4L2 v4l2_videodevice.cpp:1783 /dev/video1[200:cap]: Queueing buffer 1
[0:02:10.337439614] [3565] DEBUG V4L2 v4l2_videodevice.cpp:1855 /dev/video1[200:cap]: Dequeuing buffer 2
[0:02:10.337824235] [3568] DEBUG V4L2Compat v4l2_camera_proxy.cpp:691 [/dev/video1 (fd:205)] vidioc_dqbuf()
[0:02:10.348161128] [3568] DEBUG V4L2Compat v4l2_camera_proxy.cpp:659 [/dev/video1 (fd:205)] vidioc_qbuf(index=2)
[0:02:10.348919994] [3565] DEBUG V4L2 v4l2_videodevice.cpp:1783 /dev/video1[200:cap]: Queueing buffer 2
[0:02:10.370576440] [3565] DEBUG V4L2 v4l2_videodevice.cpp:1855 /dev/video1[200:cap]: Dequeuing buffer 3
[0:02:10.370920997] [3568] DEBUG V4L2Compat v4l2_camera_proxy.cpp:691 [/dev/video1 (fd:205)] vidioc_dqbuf()
[0:02:10.383837620] [3568] DEBUG V4L2Compat v4l2_camera_proxy.cpp:659 [/dev/video1 (fd:205)] vidioc_qbuf(index=3)
[0:02:10.384750352] [3565] DEBUG V4L2 v4l2_videodevice.cpp:1783 /dev/video1[200:cap]: Queueing buffer 3
[0:02:10.403796492] [3565] DEBUG V4L2 v4l2_videodevice.cpp:1855 /dev/video1[200:cap]: Dequeuing buffer 0
[0:02:10.404187913] [3568] DEBUG V4L2Compat v4l2_camera_proxy.cpp:691 [/dev/video1 (fd:205)] vidioc_dqbuf()
[0:02:10.415859722] [3568] DEBUG V4L2Compat v4l2_camera_proxy.cpp:659 [/dev/video1 (fd:205)] vidioc_qbuf(index=0)
[0:02:10.417122787] [3565] DEBUG V4L2 v4l2_videodevice.cpp:1783 /dev/video1[200:cap]: Queueing buffer 0
[0:02:10.437034858] [3565] DEBUG V4L2 v4l2_videodevice.cpp:1855 /dev/video1[200:cap]: Dequeuing buffer 1
[0:02:10.437455017] [3568] DEBUG V4L2Compat v4l2_camera_proxy.cpp:691 [/dev/video1 (fd:205)] vidioc_dqbuf()
[0:02:10.447965739] [3568] DEBUG V4L2Compat v4l2_camera_proxy.cpp:659 [/dev/video1 (fd:205)] vidioc_qbuf(index=1)
[0:02:10.448775293] [3565] DEBUG V4L2 v4l2_videodevice.cpp:1783 /dev/video1[200:cap]: Queueing buffer 1
[0:02:10.470241910] [3565] DEBUG V4L2 v4l2_videodevice.cpp:1855 /dev/video1[200:cap]: Dequeuing buffer 2
[0:02:10.470592380] [3568] DEBUG V4L2Compat v4l2_camera_proxy.cpp:691 [/dev/video1 (fd:205)] vidioc_dqbuf()
[0:02:10.476308413] [3568] DEBUG V4L2Compat v4l2_camera_proxy.cpp:659 [/dev/video1 (fd:205)] vidioc_qbuf(index=2)
[0:02:10.477108768] [3565] DEBUG V4L2 v4l2_videodevice.cpp:1783 /dev/video1[200:cap]: Queueing buffer 2
[0:02:10.503577627] [3565] DEBUG V4L2 v4l2_videodevice.cpp:1855 /dev/video1[200:cap]: Dequeuing buffer 3
[0:02:10.503933135] [3568] DEBUG V4L2Compat v4l2_camera_proxy.cpp:691 [/dev/video1 (fd:205)] vidioc_dqbuf()
[0:02:10.517996032] [3568] DEBUG V4L2Compat v4l2_camera_proxy.cpp:659 [/dev/video1 (fd:205)] vidioc_qbuf(index=3)
[0:02:10.518938302] [3565] DEBUG V4L2 v4l2_videodevice.cpp:1783 /dev/video1[200:cap]: Queueing buffer 3
[0:02:10.536258106] [3565] DEBUG V4L2 v4l2_videodevice.cpp:1855 /dev/video1[200:cap]: Dequeuing buffer 0
[0:02:10.537785926] [3568] DEBUG V4L2Compat v4l2_camera_proxy.cpp:691 [/dev/video1 (fd:205)] vidioc_dqbuf()
[0:02:10.543416357] [3568] DEBUG V4L2Compat v4l2_camera_proxy.cpp:659 [/dev/video1 (fd:205)] vidioc_qbuf(index=0)
[0:02:10.543948994] [3565] DEBUG V4L2 v4l2_videodevice.cpp:1783 /dev/video1[200:cap]: Queueing buffer 0
[0:02:10.569963281] [3565] DEBUG V4L2 v4l2_videodevice.cpp:1855 /dev/video1[200:cap]: Dequeuing buffer 1
[0:02:10.570373990] [3568] DEBUG V4L2Compat v4l2_camera_proxy.cpp:691 [/dev/video1 (fd:205)] vidioc_dqbuf()
[0:02:10.579119300] [3568] DEBUG V4L2Compat v4l2_camera_proxy.cpp:659 [/dev/video1 (fd:205)] vidioc_qbuf(index=1)
[0:02:10.580078820] [3565] DEBUG V4L2 v4l2_videodevice.cpp:1783 /dev/video1[200:cap]: Queueing buffer 1
[0:02:10.603076369] [3565] DEBUG V4L2 v4l2_videodevice.cpp:1855 /dev/video1[200:cap]: Dequeuing buffer 2
[0:02:10.603395776] [3568] DEBUG V4L2Compat v4l2_camera_proxy.cpp:691 [/dev/video1 (fd:205)] vidioc_dqbuf()
[0:02:10.610514151] [3568] DEBUG V4L2Compat v4l2_camera_proxy.cpp:659 [/dev/video1 (fd:205)] vidioc_qbuf(index=2)
[0:02:10.611297318] [3565] DEBUG V4L2 v4l2_videodevice.cpp:1783 /dev/video1[200:cap]: Queueing buffer 2
[0:02:10.636437425] [3565] DEBUG V4L2 v4l2_videodevice.cpp:1855 /dev/video1[200:cap]: Dequeuing buffer 3
[0:02:10.636791407] [3568] DEBUG V4L2Compat v4l2_camera_proxy.cpp:691 [/dev/video1 (fd:205)] vidioc_dqbuf()
[0:02:10.646257582] [3568] DEBUG V4L2Compat v4l2_camera_proxy.cpp:659 [/dev/video1 (fd:205)] vidioc_qbuf(index=3)
[0:02:10.649530752] [3565] DEBUG V4L2 v4l2_videodevice.cpp:1783 /dev/video1[200:cap]: Queueing buffer 3
[0:02:10.669477848] [3565] DEBUG V4L2 v4l2_videodevice.cpp:1855 /dev/video1[200:cap]: Dequeuing buffer 0
[0:02:10.669970371] [3568] DEBUG V4L2Compat v4l2_camera_proxy.cpp:691 [/dev/video1 (fd:205)] vidioc_dqbuf()
[0:02:10.670121099] [3568] DEBUG V4L2Compat v4l2_camera_proxy.cpp:691 [/dev/video1 (fd:205)] vidioc_dqbuf()
[0:02:10.670187326] [3568] DEBUG V4L2Compat v4l2_camera_proxy.cpp:691 [/dev/video1 (fd:205)] vidioc_dqbuf()
[0:02:10.670249040] [3568] DEBUG V4L2Compat v4l2_camera_proxy.cpp:691 [/dev/video1 (fd:205)] vidioc_dqbuf()
[0:02:10.670310978] [3568] DEBUG V4L2Compat v4l2_camera_proxy.cpp:691 [/dev/video1 (fd:205)] vidioc_dqbuf()
[0:02:10.670446069] [3568] DEBUG V4L2Compat v4l2_camera_proxy.cpp:691 [/dev/video1 (fd:205)] vidioc_dqbuf()
[0:02:10.670622210] [3568] DEBUG V4L2Compat v4l2_camera_proxy.cpp:691 [/dev/video1 (fd:205)] vidioc_dqbuf()
[0:02:10.670797239] [3568] DEBUG V4L2Compat v4l2_camera_proxy.cpp:691 [/dev/video1 (fd:205)] vidioc_dqbuf()
[0:02:10.670974380] [3568] DEBUG V4L2Compat v4l2_camera_proxy.cpp:691 [/dev/video1 (fd:205)] vidioc_dqbuf()
[0:02:10.671250761] [3568] DEBUG V4L2Compat v4l2_camera_proxy.cpp:691 [/dev/video1 (fd:205)] vidioc_dqbuf()
[0:02:10.687292500] [3568] DEBUG V4L2Compat v4l2_camera_proxy.cpp:659 [/dev/video1 (fd:205)] vidioc_qbuf(index=0)
[0:02:10.688501376] [3565] DEBUG V4L2 v4l2_videodevice.cpp:1783 /dev/video1[200:cap]: Queueing buffer 0
[0:02:10.702665250] [3565] DEBUG V4L2 v4l2_videodevice.cpp:1855 /dev/video1[200:cap]: Dequeuing buffer 1
[0:02:10.703290076] [3568] DEBUG V4L2Compat v4l2_camera_proxy.cpp:691 [/dev/video1 (fd:205)] vidioc_dqbuf()
[0:02:10.717213033] [3568] DEBUG V4L2Compat v4l2_camera_proxy.cpp:659 [/dev/video1 (fd:205)] vidioc_qbuf(index=1)
[0:02:10.719681985] [3565] DEBUG V4L2 v4l2_videodevice.cpp:1783 /dev/video1[200:cap]: Queueing buffer 1
[0:02:10.735872727] [3565] DEBUG V4L2 v4l2_videodevice.cpp:1855 /dev/video1[200:cap]: Dequeuing buffer 2
[0:02:10.736281686] [3568] DEBUG V4L2Compat v4l2_camera_proxy.cpp:691 [/dev/video1 (fd:205)] vidioc_dqbuf()
[0:02:10.752725296] [3568] DEBUG V4L2Compat v4l2_camera_proxy.cpp:659 [/dev/video1 (fd:205)] vidioc_qbuf(index=2)
[0:02:10.754715876] [3565] DEBUG V4L2 v4l2_videodevice.cpp:1783 /dev/video1[200:cap]: Queueing buffer 2
[0:02:10.769160956] [3565] DEBUG V4L2 v4l2_videodevice.cpp:1855 /dev/video1[200:cap]: Dequeuing buffer 3
[0:02:10.769775782] [3568] DEBUG V4L2Compat v4l2_camera_proxy.cpp:691 [/dev/video1 (fd:205)] vidioc_dqbuf()
[0:02:10.780686088] [3568] DEBUG V4L2Compat v4l2_camera_proxy.cpp:659 [/dev/video1 (fd:205)] vidioc_qbuf(index=3)
[0:02:10.781521618] [3565] DEBUG V4L2 v4l2_videodevice.cpp:1783 /dev/video1[200:cap]: Queueing buffer 3
[0:02:10.802483336] [3565] DEBUG V4L2 v4l2_videodevice.cpp:1855 /dev/video1[200:cap]: Dequeuing buffer 0
[0:02:10.803407656] [3568] DEBUG V4L2Compat v4l2_camera_proxy.cpp:691 [/dev/video1 (fd:205)] vidioc_dqbuf()
[0:02:10.818634940] [3568] DEBUG V4L2Compat v4l2_camera_proxy.cpp:659 [/dev/video1 (fd:205)] vidioc_qbuf(index=0)
[0:02:10.819683012] [3565] DEBUG V4L2 v4l2_videodevice.cpp:1783 /dev/video1[200:cap]: Queueing buffer 0
[0:02:10.835321418] [3565] DEBUG V4L2 v4l2_videodevice.cpp:1855 /dev/video1[200:cap]: Dequeuing buffer 1
[0:02:10.835743315] [3568] DEBUG V4L2Compat v4l2_camera_proxy.cpp:691 [/dev/video1 (fd:205)] vidioc_dqbuf()
[0:02:10.844266795] [3568] DEBUG V4L2Compat v4l2_camera_proxy.cpp:659 [/dev/video1 (fd:205)] vidioc_qbuf(index=1)
[0:02:10.845224490] [3565] DEBUG V4L2 v4l2_videodevice.cpp:1783 /dev/video1[200:cap]: Queueing buffer 1
[0:02:10.868849752] [3565] DEBUG V4L2 v4l2_videodevice.cpp:1855 /dev/video1[200:cap]: Dequeuing buffer 2
[0:02:10.869317200] [3568] DEBUG V4L2Compat v4l2_camera_proxy.cpp:691 [/dev/video1 (fd:205)] vidioc_dqbuf()
[0:02:10.886693179] [3568] DEBUG V4L2Compat v4l2_camera_proxy.cpp:659 [/dev/video1 (fd:205)] vidioc_qbuf(index=2)
[0:02:10.887697463] [3565] DEBUG V4L2 v4l2_videodevice.cpp:1783 /dev/video1[200:cap]: Queueing buffer 2
[0:02:10.901902714] [3565] DEBUG V4L2 v4l2_videodevice.cpp:1855 /dev/video1[200:cap]: Dequeuing buffer 3
[0:02:10.902245371] [3568] DEBUG V4L2Compat v4l2_camera_proxy.cpp:691 [/dev/video1 (fd:205)] vidioc_dqbuf()
[0:02:10.914159935] [3568] DEBUG V4L2Compat v4l2_camera_proxy.cpp:659 [/dev/video1 (fd:205)] vidioc_qbuf(index=3)
[0:02:10.915194720] [3565] DEBUG V4L2 v4l2_videodevice.cpp:1783 /dev/video1[200:cap]: Queueing buffer 3
[0:02:10.935317083] [3565] DEBUG V4L2 v4l2_videodevice.cpp:1855 /dev/video1[200:cap]: Dequeuing buffer 0
[0:02:10.935746292] [3568] DEBUG V4L2Compat v4l2_camera_proxy.cpp:691 [/dev/video1 (fd:205)] vidioc_dqbuf()
[0:02:10.953594932] [3568] DEBUG V4L2Compat v4l2_camera_proxy.cpp:659 [/dev/video1 (fd:205)] vidioc_qbuf(index=0)
[0:02:10.954663954] [3565] DEBUG V4L2 v4l2_videodevice.cpp:1783 /dev/video1[200:cap]: Queueing buffer 0
[0:02:10.968469034] [3565] DEBUG V4L2 v4l2_videodevice.cpp:1855 /dev/video1[200:cap]: Dequeuing buffer 1
[0:02:10.969172661] [3568] DEBUG V4L2Compat v4l2_camera_proxy.cpp:691 [/dev/video1 (fd:205)] vidioc_dqbuf()
[0:02:10.986082069] [3568] DEBUG V4L2Compat v4l2_camera_proxy.cpp:659 [/dev/video1 (fd:205)] vidioc_qbuf(index=1)
[0:02:10.986985563] [3565] DEBUG V4L2 v4l2_videodevice.cpp:1783 /dev/video1[200:cap]: Queueing buffer 1
[0:02:11.001377830] [3565] DEBUG V4L2 v4l2_videodevice.cpp:1855 /dev/video1[200:cap]: Dequeuing buffer 2
[0:02:11.001856015] [3568] DEBUG V4L2Compat v4l2_camera_proxy.cpp:691 [/dev/video1 (fd:205)] vidioc_dqbuf()
[0:02:11.014925041] [3568] DEBUG V4L2Compat v4l2_camera_proxy.cpp:659 [/dev/video1 (fd:205)] vidioc_qbuf(index=2)
[0:02:11.015869449] [3565] DEBUG V4L2 v4l2_videodevice.cpp:1783 /dev/video1[200:cap]: Queueing buffer 2
[0:02:11.034789661] [3565] DEBUG V4L2 v4l2_videodevice.cpp:1855 /dev/video1[200:cap]: Dequeuing buffer 3
[0:02:11.036195779] [3568] DEBUG V4L2Compat v4l2_camera_proxy.cpp:691 [/dev/video1 (fd:205)] vidioc_dqbuf()
[0:02:11.049853592] [3568] DEBUG V4L2Compat v4l2_camera_proxy.cpp:659 [/dev/video1 (fd:205)] vidioc_qbuf(index=3)
[0:02:11.050742061] [3565] DEBUG V4L2 v4l2_videodevice.cpp:1783 /dev/video1[200:cap]: Queueing buffer 3
[0:02:11.067743858] [3565] DEBUG V4L2 v4l2_videodevice.cpp:1855 /dev/video1[200:cap]: Dequeuing buffer 0
[0:02:11.068206168] [3568] DEBUG V4L2Compat v4l2_camera_proxy.cpp:691 [/dev/video1 (fd:205)] vidioc_dqbuf()
[0:02:11.087676292] [3568] DEBUG V4L2Compat v4l2_camera_proxy.cpp:659 [/dev/video1 (fd:205)] vidioc_qbuf(index=0)
[0:02:11.089342265] [3565] DEBUG V4L2 v4l2_videodevice.cpp:1783 /dev/video1[200:cap]: Queueing buffer 0
[0:02:11.101059163] [3565] DEBUG V4L2 v4l2_videodevice.cpp:1855 /dev/video1[200:cap]: Dequeuing buffer 1
[0:02:11.101511572] [3568] DEBUG V4L2Compat v4l2_camera_proxy.cpp:691 [/dev/video1 (fd:205)] vidioc_dqbuf()
[0:02:11.120227906] [3568] DEBUG V4L2Compat v4l2_camera_proxy.cpp:659 [/dev/video1 (fd:205)] vidioc_qbuf(index=1)
[0:02:11.121830040] [3565] DEBUG V4L2 v4l2_videodevice.cpp:1783 /dev/video1[200:cap]: Queueing buffer 1
[0:02:11.134522945] [3565] DEBUG V4L2 v4l2_videodevice.cpp:1855 /dev/video1[200:cap]: Dequeuing buffer 2
[0:02:11.135036819] [3568] DEBUG V4L2Compat v4l2_camera_proxy.cpp:691 [/dev/video1 (fd:205)] vidioc_dqbuf()
[0:02:11.152118655] [3568] DEBUG V4L2Compat v4l2_camera_proxy.cpp:659 [/dev/video1 (fd:205)] vidioc_qbuf(index=2)
[0:02:11.153523472] [3565] DEBUG V4L2 v4l2_videodevice.cpp:1783 /dev/video1[200:cap]: Queueing buffer 2
[0:02:11.167567494] [3565] DEBUG V4L2 v4l2_videodevice.cpp:1855 /dev/video1[200:cap]: Dequeuing buffer 3
[0:02:11.168081918] [3568] DEBUG V4L2Compat v4l2_camera_proxy.cpp:691 [/dev/video1 (fd:205)] vidioc_dqbuf()
[0:02:11.183878602] [3568] DEBUG V4L2Compat v4l2_camera_proxy.cpp:659 [/dev/video1 (fd:205)] vidioc_qbuf(index=3)
[0:02:11.185501799] [3565] DEBUG V4L2 v4l2_videodevice.cpp:1783 /dev/video1[200:cap]: Queueing buffer 3
[0:02:11.200764559] [3565] DEBUG V4L2 v4l2_videodevice.cpp:1855 /dev/video1[200:cap]: Dequeuing buffer 0
[0:02:11.201315608] [3568] DEBUG V4L2Compat v4l2_camera_proxy.cpp:691 [/dev/video1 (fd:205)] vidioc_dqbuf()
[0:02:11.212790663] [3568] DEBUG V4L2Compat v4l2_camera_proxy.cpp:659 [/dev/video1 (fd:205)] vidioc_qbuf(index=0)
[0:02:11.213867036] [3565] DEBUG V4L2 v4l2_videodevice.cpp:1783 /dev/video1[200:cap]: Queueing buffer 0
[0:02:11.234095551] [3565] DEBUG V4L2 v4l2_videodevice.cpp:1855 /dev/video1[200:cap]: Dequeuing buffer 1
[0:02:11.234694614] [3568] DEBUG V4L2Compat v4l2_camera_proxy.cpp:691 [/dev/video1 (fd:205)] vidioc_dqbuf()
[0:02:11.242961351] [3568] DEBUG V4L2Compat v4l2_camera_proxy.cpp:659 [/dev/video1 (fd:205)] vidioc_qbuf(index=1)
[0:02:11.243873495] [3565] DEBUG V4L2 v4l2_videodevice.cpp:1783 /dev/video1[200:cap]: Queueing buffer 1
[0:02:11.267382668] [3565] DEBUG V4L2 v4l2_videodevice.cpp:1855 /dev/video1[200:cap]: Dequeuing buffer 2
[0:02:11.268100883] [3568] DEBUG V4L2Compat v4l2_camera_proxy.cpp:691 [/dev/video1 (fd:205)] vidioc_dqbuf()
[0:02:11.285532351] [3568] DEBUG V4L2Compat v4l2_camera_proxy.cpp:659 [/dev/video1 (fd:205)] vidioc_qbuf(index=2)
[0:02:11.286489147] [3565] DEBUG V4L2 v4l2_videodevice.cpp:1783 /dev/video1[200:cap]: Queueing buffer 2
[0:02:11.300310164] [3565] DEBUG V4L2 v4l2_videodevice.cpp:1855 /dev/video1[200:cap]: Dequeuing buffer 3
[0:02:11.300797712] [3568] DEBUG V4L2Compat v4l2_camera_proxy.cpp:691 [/dev/video1 (fd:205)] vidioc_dqbuf()
[0:02:11.314077318] [3568] DEBUG V4L2Compat v4l2_camera_proxy.cpp:659 [/dev/video1 (fd:205)] vidioc_qbuf(index=3)
[0:02:11.315262143] [3565] DEBUG V4L2 v4l2_videodevice.cpp:1783 /dev/video1[200:cap]: Queueing buffer 3
[0:02:11.333623481] [3565] DEBUG V4L2 v4l2_videodevice.cpp:1855 /dev/video1[200:cap]: Dequeuing buffer 0
[0:02:11.334350834] [3568] DEBUG V4L2Compat v4l2_camera_proxy.cpp:691 [/dev/video1 (fd:205)] vidioc_dqbuf()
[0:02:11.352444479] [3568] DEBUG V4L2Compat v4l2_camera_proxy.cpp:659 [/dev/video1 (fd:205)] vidioc_qbuf(index=0)
[0:02:11.353576553] [3565] DEBUG V4L2 v4l2_videodevice.cpp:1783 /dev/video1[200:cap]: Queueing buffer 0
[0:02:11.366715256] [3565] DEBUG V4L2 v4l2_videodevice.cpp:1855 /dev/video1[200:cap]: Dequeuing buffer 1
[0:02:11.367268967] [3568] DEBUG V4L2Compat v4l2_camera_proxy.cpp:691 [/dev/video1 (fd:205)] vidioc_dqbuf()
[0:02:11.373765442] [3568] DEBUG V4L2Compat v4l2_camera_proxy.cpp:659 [/dev/video1 (fd:205)] vidioc_qbuf(index=1)
[0:02:11.374796402] [3565] DEBUG V4L2 v4l2_videodevice.cpp:1783 /dev/video1[200:cap]: Queueing buffer 1
[0:02:11.400156438] [3565] DEBUG V4L2 v4l2_videodevice.cpp:1855 /dev/video1[200:cap]: Dequeuing buffer 2
[0:02:11.400830715] [3568] DEBUG V4L2Compat v4l2_camera_proxy.cpp:691 [/dev/video1 (fd:205)] vidioc_dqbuf()
[0:02:11.418502076] [3568] DEBUG V4L2Compat v4l2_camera_proxy.cpp:659 [/dev/video1 (fd:205)] vidioc_qbuf(index=2)
[0:02:11.419617450] [3565] DEBUG V4L2 v4l2_videodevice.cpp:1783 /dev/video1[200:cap]: Queueing buffer 2
[0:02:11.433377366] [3565] DEBUG V4L2 v4l2_videodevice.cpp:1855 /dev/video1[200:cap]: Dequeuing buffer 3
[0:02:11.434048955] [3568] DEBUG V4L2Compat v4l2_camera_proxy.cpp:691 [/dev/video1 (fd:205)] vidioc_dqbuf()
[0:02:11.452105149] [3568] DEBUG V4L2Compat v4l2_camera_proxy.cpp:659 [/dev/video1 (fd:205)] vidioc_qbuf(index=3)
[0:02:11.453299387] [3565] DEBUG V4L2 v4l2_videodevice.cpp:1783 /dev/video1[200:cap]: Queueing buffer 3
[0:02:11.466559105] [3565] DEBUG V4L2 v4l2_videodevice.cpp:1855 /dev/video1[200:cap]: Dequeuing buffer 0
[0:02:11.467386722] [3568] DEBUG V4L2Compat v4l2_camera_proxy.cpp:691 [/dev/video1 (fd:205)] vidioc_dqbuf()
[0:02:11.481736076] [3568] DEBUG V4L2Compat v4l2_camera_proxy.cpp:659 [/dev/video1 (fd:205)] vidioc_qbuf(index=0)
[0:02:11.482920501] [3565] DEBUG V4L2 v4l2_videodevice.cpp:1783 /dev/video1[200:cap]: Queueing buffer 0
[0:02:11.499759994] [3565] DEBUG V4L2 v4l2_videodevice.cpp:1855 /dev/video1[200:cap]: Dequeuing buffer 1
[0:02:11.500535310] [3568] DEBUG V4L2Compat v4l2_camera_proxy.cpp:691 [/dev/video1 (fd:205)] vidioc_dqbuf()
[0:02:11.520395793] [3568] DEBUG V4L2Compat v4l2_camera_proxy.cpp:659 [/dev/video1 (fd:205)] vidioc_qbuf(index=1)
[0:02:11.521476366] [3565] DEBUG V4L2 v4l2_videodevice.cpp:1783 /dev/video1[200:cap]: Queueing buffer 1
[0:02:11.532948246] [3565] DEBUG V4L2 v4l2_videodevice.cpp:1855 /dev/video1[200:cap]: Dequeuing buffer 2
[0:02:11.536102525] [3565] DEBUG AtomispPipeline atomisp.cpp:449 AtomISP AE update: msv=2.80069 exp=995 gain=430 vblank=21 expMax=995
[0:02:11.537059171] [3568] DEBUG V4L2Compat v4l2_camera_proxy.cpp:691 [/dev/video1 (fd:205)] vidioc_dqbuf()
[0:02:11.554667968] [3568] DEBUG V4L2Compat v4l2_camera_proxy.cpp:659 [/dev/video1 (fd:205)] vidioc_qbuf(index=2)
[0:02:11.555788004] [3565] DEBUG V4L2 v4l2_videodevice.cpp:1783 /dev/video1[200:cap]: Queueing buffer 2
[0:02:11.566225362] [3565] DEBUG V4L2 v4l2_videodevice.cpp:1855 /dev/video1[200:cap]: Dequeuing buffer 3
[0:02:11.566769486] [3568] DEBUG V4L2Compat v4l2_camera_proxy.cpp:691 [/dev/video1 (fd:205)] vidioc_dqbuf()
[0:02:11.586259386] [3568] DEBUG V4L2Compat v4l2_camera_proxy.cpp:659 [/dev/video1 (fd:205)] vidioc_qbuf(index=3)
[0:02:11.587426636] [3565] DEBUG V4L2 v4l2_videodevice.cpp:1783 /dev/video1[200:cap]: Queueing buffer 3
[0:02:11.599289174] [3565] DEBUG V4L2 v4l2_videodevice.cpp:1855 /dev/video1[200:cap]: Dequeuing buffer 0
[0:02:11.599784235] [3568] DEBUG V4L2Compat v4l2_camera_proxy.cpp:691 [/dev/video1 (fd:205)] vidioc_dqbuf()
[0:02:11.618813737] [3568] DEBUG V4L2Compat v4l2_camera_proxy.cpp:659 [/dev/video1 (fd:205)] vidioc_qbuf(index=0)
[0:02:11.620642988] [3565] DEBUG V4L2 v4l2_videodevice.cpp:1783 /dev/video1[200:cap]: Queueing buffer 0
[0:02:11.632384874] [3565] DEBUG V4L2 v4l2_videodevice.cpp:1855 /dev/video1[200:cap]: Dequeuing buffer 1
[0:02:11.632727631] [3568] DEBUG V4L2Compat v4l2_camera_proxy.cpp:691 [/dev/video1 (fd:205)] vidioc_dqbuf()
[0:02:11.645771670] [3568] DEBUG V4L2Compat v4l2_camera_proxy.cpp:659 [/dev/video1 (fd:205)] vidioc_qbuf(index=1)
[0:02:11.647199050] [3565] DEBUG V4L2 v4l2_videodevice.cpp:1783 /dev/video1[200:cap]: Queueing buffer 1
[0:02:11.665676978] [3565] DEBUG V4L2 v4l2_videodevice.cpp:1855 /dev/video1[200:cap]: Dequeuing buffer 2
[0:02:11.666059536] [3568] DEBUG V4L2Compat v4l2_camera_proxy.cpp:691 [/dev/video1 (fd:205)] vidioc_dqbuf()
[0:02:11.681262970] [3568] DEBUG V4L2Compat v4l2_camera_proxy.cpp:659 [/dev/video1 (fd:205)] vidioc_qbuf(index=2)
[0:02:11.682120176] [3565] DEBUG V4L2 v4l2_videodevice.cpp:1783 /dev/video1[200:cap]: Queueing buffer 2
[0:02:11.698731215] [3565] DEBUG V4L2 v4l2_videodevice.cpp:1855 /dev/video1[200:cap]: Dequeuing buffer 3
[0:02:11.699038559] [3568] DEBUG V4L2Compat v4l2_camera_proxy.cpp:691 [/dev/video1 (fd:205)] vidioc_dqbuf()
[0:02:11.705794201] [3568] DEBUG V4L2Compat v4l2_camera_proxy.cpp:659 [/dev/video1 (fd:205)] vidioc_qbuf(index=3)
[0:02:11.706718396] [3565] DEBUG V4L2 v4l2_videodevice.cpp:1783 /dev/video1[200:cap]: Queueing buffer 3
[0:02:11.732128271] [3565] DEBUG V4L2 v4l2_videodevice.cpp:1855 /dev/video1[200:cap]: Dequeuing buffer 0
[0:02:11.732482116] [3568] DEBUG V4L2Compat v4l2_camera_proxy.cpp:691 [/dev/video1 (fd:205)] vidioc_dqbuf()
[0:02:11.746637078] [3568] DEBUG V4L2Compat v4l2_camera_proxy.cpp:659 [/dev/video1 (fd:205)] vidioc_qbuf(index=0)
[0:02:11.747557597] [3565] DEBUG V4L2 v4l2_videodevice.cpp:1783 /dev/video1[200:cap]: Queueing buffer 0
[0:02:11.765150644] [3565] DEBUG V4L2 v4l2_videodevice.cpp:1855 /dev/video1[200:cap]: Dequeuing buffer 1
[0:02:11.765417012] [3568] DEBUG V4L2Compat v4l2_camera_proxy.cpp:691 [/dev/video1 (fd:205)] vidioc_dqbuf()
[0:02:11.770921941] [3568] DEBUG V4L2Compat v4l2_camera_proxy.cpp:659 [/dev/video1 (fd:205)] vidioc_qbuf(index=1)
[0:02:11.771831885] [3565] DEBUG V4L2 v4l2_videodevice.cpp:1783 /dev/video1[200:cap]: Queueing buffer 1
[0:02:11.798556851] [3565] DEBUG V4L2 v4l2_videodevice.cpp:1855 /dev/video1[200:cap]: Dequeuing buffer 2
[0:02:11.798917833] [3568] DEBUG V4L2Compat v4l2_camera_proxy.cpp:691 [/dev/video1 (fd:205)] vidioc_dqbuf()
[0:02:11.812858566] [3568] DEBUG V4L2Compat v4l2_camera_proxy.cpp:659 [/dev/video1 (fd:205)] vidioc_qbuf(index=2)
[0:02:11.813714171] [3565] DEBUG V4L2 v4l2_videodevice.cpp:1783 /dev/video1[200:cap]: Queueing buffer 2
[0:02:11.831597449] [3565] DEBUG V4L2 v4l2_videodevice.cpp:1855 /dev/video1[200:cap]: Dequeuing buffer 3
[0:02:11.831886905] [3568] DEBUG V4L2Compat v4l2_camera_proxy.cpp:691 [/dev/video1 (fd:205)] vidioc_dqbuf()
[0:02:11.837399310] [3568] DEBUG V4L2Compat v4l2_camera_proxy.cpp:659 [/dev/video1 (fd:205)] vidioc_qbuf(index=3)
[0:02:11.838162376] [3565] DEBUG V4L2 v4l2_videodevice.cpp:1783 /dev/video1[200:cap]: Queueing buffer 3
[0:02:11.865188447] [3565] DEBUG V4L2 v4l2_videodevice.cpp:1855 /dev/video1[200:cap]: Dequeuing buffer 0
[0:02:11.865539430] [3568] DEBUG V4L2Compat v4l2_camera_proxy.cpp:691 [/dev/video1 (fd:205)] vidioc_dqbuf()
[0:02:11.878250548] [3568] DEBUG V4L2Compat v4l2_camera_proxy.cpp:659 [/dev/video1 (fd:205)] vidioc_qbuf(index=0)
[0:02:11.879112442] [3565] DEBUG V4L2 v4l2_videodevice.cpp:1783 /dev/video1[200:cap]: Queueing buffer 0
[0:02:11.897996828] [3565] DEBUG V4L2 v4l2_videodevice.cpp:1855 /dev/video1[200:cap]: Dequeuing buffer 1
[0:02:11.898298047] [3568] DEBUG V4L2Compat v4l2_camera_proxy.cpp:691 [/dev/video1 (fd:205)] vidioc_dqbuf()
[0:02:11.906139513] [3568] DEBUG V4L2Compat v4l2_camera_proxy.cpp:659 [/dev/video1 (fd:205)] vidioc_qbuf(index=1)
[0:02:11.907472054] [3565] DEBUG V4L2 v4l2_videodevice.cpp:1783 /dev/video1[200:cap]: Queueing buffer 1
[0:02:11.931328521] [3565] DEBUG V4L2 v4l2_videodevice.cpp:1855 /dev/video1[200:cap]: Dequeuing buffer 2
[0:02:11.931688216] [3568] DEBUG V4L2Compat v4l2_camera_proxy.cpp:691 [/dev/video1 (fd:205)] vidioc_dqbuf()
[0:02:11.950256059] [3568] DEBUG V4L2Compat v4l2_camera_proxy.cpp:659 [/dev/video1 (fd:205)] vidioc_qbuf(index=2)
[0:02:11.951409133] [3565] DEBUG V4L2 v4l2_videodevice.cpp:1783 /dev/video1[200:cap]: Queueing buffer 2
[0:02:11.964662413] [3565] DEBUG V4L2 v4l2_videodevice.cpp:1855 /dev/video1[200:cap]: Dequeuing buffer 3
[0:02:11.965277189] [3568] DEBUG V4L2Compat v4l2_camera_proxy.cpp:691 [/dev/video1 (fd:205)] vidioc_dqbuf()
[0:02:11.980485348] [3568] DEBUG V4L2Compat v4l2_camera_proxy.cpp:659 [/dev/video1 (fd:205)] vidioc_qbuf(index=3)
[0:02:11.981510157] [3565] DEBUG V4L2 v4l2_videodevice.cpp:1783 /dev/video1[200:cap]: Queueing buffer 3
[0:02:11.998231698] [3565] DEBUG V4L2 v4l2_videodevice.cpp:1855 /dev/video1[200:cap]: Dequeuing buffer 0
[0:02:11.998719908] [3568] DEBUG V4L2Compat v4l2_camera_proxy.cpp:691 [/dev/video1 (fd:205)] vidioc_dqbuf()
[0:02:12.017409016] [3568] DEBUG V4L2Compat v4l2_camera_proxy.cpp:659 [/dev/video1 (fd:205)] vidioc_qbuf(index=0)
[0:02:12.018586779] [3565] DEBUG V4L2 v4l2_videodevice.cpp:1783 /dev/video1[200:cap]: Queueing buffer 0
[0:02:12.030966553] [3565] DEBUG V4L2 v4l2_videodevice.cpp:1855 /dev/video1[200:cap]: Dequeuing buffer 1
[0:02:12.032771291] [3568] DEBUG V4L2Compat v4l2_camera_proxy.cpp:691 [/dev/video1 (fd:205)] vidioc_dqbuf()
[0:02:12.045147665] [3568] DEBUG V4L2Compat v4l2_camera_proxy.cpp:659 [/dev/video1 (fd:205)] vidioc_qbuf(index=1)
[0:02:12.046126861] [3565] DEBUG V4L2 v4l2_videodevice.cpp:1783 /dev/video1[200:cap]: Queueing buffer 1
[0:02:12.064200043] [3565] DEBUG V4L2 v4l2_videodevice.cpp:1855 /dev/video1[200:cap]: Dequeuing buffer 2
[0:02:12.064591964] [3568] DEBUG V4L2Compat v4l2_camera_proxy.cpp:691 [/dev/video1 (fd:205)] vidioc_dqbuf()
[0:02:12.075742937] [3568] DEBUG V4L2Compat v4l2_camera_proxy.cpp:659 [/dev/video1 (fd:205)] vidioc_qbuf(index=2)
[0:02:12.076690870] [3565] DEBUG V4L2 v4l2_videodevice.cpp:1783 /dev/video1[200:cap]: Queueing buffer 2
[0:02:12.097616075] [3565] DEBUG V4L2 v4l2_videodevice.cpp:1855 /dev/video1[200:cap]: Dequeuing buffer 3
[0:02:12.098950528] [3568] DEBUG V4L2Compat v4l2_camera_proxy.cpp:691 [/dev/video1 (fd:205)] vidioc_dqbuf()
[0:02:12.107727651] [3568] DEBUG V4L2Compat v4l2_camera_proxy.cpp:659 [/dev/video1 (fd:205)] vidioc_qbuf(index=3)
[0:02:12.109314822] [3565] DEBUG V4L2 v4l2_videodevice.cpp:1783 /dev/video1[200:cap]: Queueing buffer 3
[0:02:12.130797952] [3565] DEBUG V4L2 v4l2_videodevice.cpp:1855 /dev/video1[200:cap]: Dequeuing buffer 0
[0:02:12.131321400] [3568] DEBUG V4L2Compat v4l2_camera_proxy.cpp:691 [/dev/video1 (fd:205)] vidioc_dqbuf()
[0:02:12.140095861] [3568] DEBUG V4L2Compat v4l2_camera_proxy.cpp:659 [/dev/video1 (fd:205)] vidioc_qbuf(index=0)
[0:02:12.140696786] [3565] DEBUG V4L2 v4l2_videodevice.cpp:1783 /dev/video1[200:cap]: Queueing buffer 0
[0:02:12.164045330] [3565] DEBUG V4L2 v4l2_videodevice.cpp:1855 /dev/video1[200:cap]: Dequeuing buffer 1
[0:02:12.164569991] [3568] DEBUG V4L2Compat v4l2_camera_proxy.cpp:691 [/dev/video1 (fd:205)] vidioc_dqbuf()
[0:02:12.164762170] [3568] DEBUG V4L2Compat v4l2_camera_proxy.cpp:691 [/dev/video1 (fd:205)] vidioc_dqbuf()
[0:02:12.164892248] [3568] DEBUG V4L2Compat v4l2_camera_proxy.cpp:691 [/dev/video1 (fd:205)] vidioc_dqbuf()
[0:02:12.165084902] [3568] DEBUG V4L2Compat v4l2_camera_proxy.cpp:691 [/dev/video1 (fd:205)] vidioc_dqbuf()
[0:02:12.165216267] [3568] DEBUG V4L2Compat v4l2_camera_proxy.cpp:691 [/dev/video1 (fd:205)] vidioc_dqbuf()
[0:02:12.165343045] [3568] DEBUG V4L2Compat v4l2_camera_proxy.cpp:691 [/dev/video1 (fd:205)] vidioc_dqbuf()
[0:02:12.165469910] [3568] DEBUG V4L2Compat v4l2_camera_proxy.cpp:691 [/dev/video1 (fd:205)] vidioc_dqbuf()
[0:02:12.165604263] [3568] DEBUG V4L2Compat v4l2_camera_proxy.cpp:691 [/dev/video1 (fd:205)] vidioc_dqbuf()
[0:02:12.165735603] [3568] DEBUG V4L2Compat v4l2_camera_proxy.cpp:691 [/dev/video1 (fd:205)] vidioc_dqbuf()
[0:02:12.165861681] [3568] DEBUG V4L2Compat v4l2_camera_proxy.cpp:691 [/dev/video1 (fd:205)] vidioc_dqbuf()
[0:02:12.165989696] [3568] DEBUG V4L2Compat v4l2_camera_proxy.cpp:691 [/dev/video1 (fd:205)] vidioc_dqbuf()
[0:02:12.166162225] [3568] DEBUG V4L2Compat v4l2_camera_proxy.cpp:691 [/dev/video1 (fd:205)] vidioc_dqbuf()
[0:02:12.166276639] [3568] DEBUG V4L2Compat v4l2_camera_proxy.cpp:691 [/dev/video1 (fd:205)] vidioc_dqbuf()
[0:02:12.177968199] [3568] DEBUG V4L2Compat v4l2_camera_proxy.cpp:659 [/dev/video1 (fd:205)] vidioc_qbuf(index=1)
[0:02:12.179719574] [3565] DEBUG V4L2 v4l2_videodevice.cpp:1783 /dev/video1[200:cap]: Queueing buffer 1
[0:02:12.197232082] [3565] DEBUG V4L2 v4l2_videodevice.cpp:1855 /dev/video1[200:cap]: Dequeuing buffer 2
[0:02:12.197996710] [3568] DEBUG V4L2Compat v4l2_camera_proxy.cpp:691 [/dev/video1 (fd:205)] vidioc_dqbuf()
[0:02:12.207872194] [3568] DEBUG V4L2Compat v4l2_camera_proxy.cpp:659 [/dev/video1 (fd:205)] vidioc_qbuf(index=2)
[0:02:12.208792989] [3565] DEBUG V4L2 v4l2_videodevice.cpp:1783 /dev/video1[200:cap]: Queueing buffer 2
[0:02:12.230411521] [3565] DEBUG V4L2 v4l2_videodevice.cpp:1855 /dev/video1[200:cap]: Dequeuing buffer 3
[0:02:12.231060809] [3568] DEBUG V4L2Compat v4l2_camera_proxy.cpp:691 [/dev/video1 (fd:205)] vidioc_dqbuf()
[0:02:12.244762824] [3568] DEBUG V4L2Compat v4l2_camera_proxy.cpp:659 [/dev/video1 (fd:205)] vidioc_qbuf(index=3)
[0:02:12.245934499] [3565] DEBUG V4L2 v4l2_videodevice.cpp:1783 /dev/video1[200:cap]: Queueing buffer 3
[0:02:12.263556397] [3565] DEBUG V4L2 v4l2_videodevice.cpp:1855 /dev/video1[200:cap]: Dequeuing buffer 0
[0:02:12.264241549] [3568] DEBUG V4L2Compat v4l2_camera_proxy.cpp:691 [/dev/video1 (fd:205)] vidioc_dqbuf()
[0:02:12.278233444] [3568] DEBUG V4L2Compat v4l2_camera_proxy.cpp:659 [/dev/video1 (fd:205)] vidioc_qbuf(index=0)
[0:02:12.279498284] [3565] DEBUG V4L2 v4l2_videodevice.cpp:1783 /dev/video1[200:cap]: Queueing buffer 0
[0:02:12.296765061] [3565] DEBUG V4L2 v4l2_videodevice.cpp:1855 /dev/video1[200:cap]: Dequeuing buffer 1
[0:02:12.297497789] [3568] DEBUG V4L2Compat v4l2_camera_proxy.cpp:691 [/dev/video1 (fd:205)] vidioc_dqbuf()
[0:02:12.305535147] [3568] DEBUG V4L2Compat v4l2_camera_proxy.cpp:659 [/dev/video1 (fd:205)] vidioc_qbuf(index=1)
[0:02:12.306358464] [3565] DEBUG V4L2 v4l2_videodevice.cpp:1783 /dev/video1[200:cap]: Queueing buffer 1
[0:02:12.329971939] [3565] DEBUG V4L2 v4l2_videodevice.cpp:1855 /dev/video1[200:cap]: Dequeuing buffer 2
[0:02:12.330712242] [3568] DEBUG V4L2Compat v4l2_camera_proxy.cpp:691 [/dev/video1 (fd:205)] vidioc_dqbuf()
[0:02:12.341471332] [3568] DEBUG V4L2Compat v4l2_camera_proxy.cpp:659 [/dev/video1 (fd:205)] vidioc_qbuf(index=2)
[0:02:12.342384239] [3565] DEBUG V4L2 v4l2_videodevice.cpp:1783 /dev/video1[200:cap]: Queueing buffer 2
[0:02:12.363373470] [3565] DEBUG V4L2 v4l2_videodevice.cpp:1855 /dev/video1[200:cap]: Dequeuing buffer 3
[0:02:12.364269339] [3568] DEBUG V4L2Compat v4l2_camera_proxy.cpp:691 [/dev/video1 (fd:205)] vidioc_dqbuf()
[0:02:12.375268259] [3568] DEBUG V4L2Compat v4l2_camera_proxy.cpp:659 [/dev/video1 (fd:205)] vidioc_qbuf(index=3)
[0:02:12.376199641] [3565] DEBUG V4L2 v4l2_videodevice.cpp:1783 /dev/video1[200:cap]: Queueing buffer 3
[0:02:12.396662899] [3565] DEBUG V4L2 v4l2_videodevice.cpp:1855 /dev/video1[200:cap]: Dequeuing buffer 0
[0:02:12.397281362] [3568] DEBUG V4L2Compat v4l2_camera_proxy.cpp:691 [/dev/video1 (fd:205)] vidioc_dqbuf()
[0:02:12.408286070] [3568] DEBUG V4L2Compat v4l2_camera_proxy.cpp:659 [/dev/video1 (fd:205)] vidioc_qbuf(index=0)
[0:02:12.409055474] [3565] DEBUG V4L2 v4l2_videodevice.cpp:1783 /dev/video1[200:cap]: Queueing buffer 0
[0:02:12.429664259] [3565] DEBUG V4L2 v4l2_videodevice.cpp:1855 /dev/video1[200:cap]: Dequeuing buffer 1
[0:02:12.430185996] [3568] DEBUG V4L2Compat v4l2_camera_proxy.cpp:691 [/dev/video1 (fd:205)] vidioc_dqbuf()
[0:02:12.440727768] [3568] DEBUG V4L2Compat v4l2_camera_proxy.cpp:659 [/dev/video1 (fd:205)] vidioc_qbuf(index=1)
[0:02:12.442304252] [3565] DEBUG V4L2 v4l2_videodevice.cpp:1783 /dev/video1[200:cap]: Queueing buffer 1
[0:02:12.462864412] [3565] DEBUG V4L2 v4l2_videodevice.cpp:1855 /dev/video1[200:cap]: Dequeuing buffer 2
[0:02:12.463358835] [3568] DEBUG V4L2Compat v4l2_camera_proxy.cpp:691 [/dev/video1 (fd:205)] vidioc_dqbuf()
[0:02:12.476093904] [3568] DEBUG V4L2Compat v4l2_camera_proxy.cpp:659 [/dev/video1 (fd:205)] vidioc_qbuf(index=2)
[0:02:12.477355418] [3565] DEBUG V4L2 v4l2_videodevice.cpp:1783 /dev/video1[200:cap]: Queueing buffer 2
[0:02:12.496086552] [3565] DEBUG V4L2 v4l2_videodevice.cpp:1855 /dev/video1[200:cap]: Dequeuing buffer 3
[0:02:12.496797667] [3568] DEBUG V4L2Compat v4l2_camera_proxy.cpp:691 [/dev/video1 (fd:205)] vidioc_dqbuf()
[0:02:12.507617595] [3568] DEBUG V4L2Compat v4l2_camera_proxy.cpp:659 [/dev/video1 (fd:205)] vidioc_qbuf(index=3)
[0:02:12.508279159] [3565] DEBUG V4L2 v4l2_videodevice.cpp:1783 /dev/video1[200:cap]: Queueing buffer 3
[0:02:12.529303979] [3565] DEBUG V4L2 v4l2_videodevice.cpp:1855 /dev/video1[200:cap]: Dequeuing buffer 0
[0:02:12.530727384] [3568] DEBUG V4L2Compat v4l2_camera_proxy.cpp:691 [/dev/video1 (fd:205)] vidioc_dqbuf()
[0:02:12.540749059] [3568] DEBUG V4L2Compat v4l2_camera_proxy.cpp:659 [/dev/video1 (fd:205)] vidioc_qbuf(index=0)
[0:02:12.541976735] [3565] DEBUG V4L2 v4l2_videodevice.cpp:1783 /dev/video1[200:cap]: Queueing buffer 0
[0:02:12.562447242] [3565] DEBUG V4L2 v4l2_videodevice.cpp:1855 /dev/video1[200:cap]: Dequeuing buffer 1
[0:02:12.562840151] [3568] DEBUG V4L2Compat v4l2_camera_proxy.cpp:691 [/dev/video1 (fd:205)] vidioc_dqbuf()
[0:02:12.574736102] [3568] DEBUG V4L2Compat v4l2_camera_proxy.cpp:659 [/dev/video1 (fd:205)] vidioc_qbuf(index=1)
[0:02:12.575451092] [3565] DEBUG V4L2 v4l2_videodevice.cpp:1783 /dev/video1[200:cap]: Queueing buffer 1
[0:02:12.595738672] [3565] DEBUG V4L2 v4l2_videodevice.cpp:1855 /dev/video1[200:cap]: Dequeuing buffer 2
[0:02:12.596216019] [3568] DEBUG V4L2Compat v4l2_camera_proxy.cpp:691 [/dev/video1 (fd:205)] vidioc_dqbuf()
[0:02:12.608690783] [3568] DEBUG V4L2Compat v4l2_camera_proxy.cpp:659 [/dev/video1 (fd:205)] vidioc_qbuf(index=2)
[0:02:12.609412798] [3565] DEBUG V4L2 v4l2_videodevice.cpp:1783 /dev/video1[200:cap]: Queueing buffer 2
[0:02:12.628943861] [3565] DEBUG V4L2 v4l2_videodevice.cpp:1855 /dev/video1[200:cap]: Dequeuing buffer 3
[0:02:12.629449084] [3568] DEBUG V4L2Compat v4l2_camera_proxy.cpp:691 [/dev/video1 (fd:205)] vidioc_dqbuf()
[0:02:12.644692544] [3568] DEBUG V4L2Compat v4l2_camera_proxy.cpp:659 [/dev/video1 (fd:205)] vidioc_qbuf(index=3)
[0:02:12.645640214] [3565] DEBUG V4L2 v4l2_videodevice.cpp:1783 /dev/video1[200:cap]: Queueing buffer 3
[0:02:12.661891358] [3565] DEBUG V4L2 v4l2_videodevice.cpp:1855 /dev/video1[200:cap]: Dequeuing buffer 0
[0:02:12.662269866] [3568] DEBUG V4L2Compat v4l2_camera_proxy.cpp:691 [/dev/video1 (fd:205)] vidioc_dqbuf()
[0:02:12.676227486] [3568] DEBUG V4L2Compat v4l2_camera_proxy.cpp:659 [/dev/video1 (fd:205)] vidioc_qbuf(index=0)
[0:02:12.677133480] [3565] DEBUG V4L2 v4l2_videodevice.cpp:1783 /dev/video1[200:cap]: Queueing buffer 0
[0:02:12.695344928] [3565] DEBUG V4L2 v4l2_videodevice.cpp:1855 /dev/video1[200:cap]: Dequeuing buffer 1
[0:02:12.695778437] [3568] DEBUG V4L2Compat v4l2_camera_proxy.cpp:691 [/dev/video1 (fd:205)] vidioc_dqbuf()
[0:02:12.705623833] [3568] DEBUG V4L2Compat v4l2_camera_proxy.cpp:659 [/dev/video1 (fd:205)] vidioc_qbuf(index=1)
[0:02:12.706513214] [3565] DEBUG V4L2 v4l2_videodevice.cpp:1783 /dev/video1[200:cap]: Queueing buffer 1
[0:02:12.728682658] [3565] DEBUG V4L2 v4l2_videodevice.cpp:1855 /dev/video1[200:cap]: Dequeuing buffer 2
[0:02:12.729102579] [3568] DEBUG V4L2Compat v4l2_camera_proxy.cpp:691 [/dev/video1 (fd:205)] vidioc_dqbuf()
[0:02:12.744662021] [3568] DEBUG V4L2Compat v4l2_camera_proxy.cpp:659 [/dev/video1 (fd:205)] vidioc_qbuf(index=2)
[0:02:12.745817995] [3565] DEBUG V4L2 v4l2_videodevice.cpp:1783 /dev/video1[200:cap]: Queueing buffer 2
[0:02:12.761673581] [3565] DEBUG V4L2 v4l2_videodevice.cpp:1855 /dev/video1[200:cap]: Dequeuing buffer 3
[0:02:12.762357045] [3568] DEBUG V4L2Compat v4l2_camera_proxy.cpp:691 [/dev/video1 (fd:205)] vidioc_dqbuf()
[0:02:12.780355376] [3568] DEBUG V4L2Compat v4l2_camera_proxy.cpp:659 [/dev/video1 (fd:205)] vidioc_qbuf(index=3)
[0:02:12.781702417] [3565] DEBUG V4L2 v4l2_videodevice.cpp:1783 /dev/video1[200:cap]: Queueing buffer 3
[0:02:12.795430169] [3565] DEBUG V4L2 v4l2_videodevice.cpp:1855 /dev/video1[200:cap]: Dequeuing buffer 0
[0:02:12.796348239] [3568] DEBUG V4L2Compat v4l2_camera_proxy.cpp:691 [/dev/video1 (fd:205)] vidioc_dqbuf()
[0:02:12.813806508] [3568] DEBUG V4L2Compat v4l2_camera_proxy.cpp:659 [/dev/video1 (fd:205)] vidioc_qbuf(index=0)
[0:02:12.814841643] [3565] DEBUG V4L2 v4l2_videodevice.cpp:1783 /dev/video1[200:cap]: Queueing buffer 0
[0:02:12.828381179] [3565] DEBUG V4L2 v4l2_videodevice.cpp:1855 /dev/video1[200:cap]: Dequeuing buffer 1
[0:02:12.828910765] [3568] DEBUG V4L2Compat v4l2_camera_proxy.cpp:691 [/dev/video1 (fd:205)] vidioc_dqbuf()
[0:02:12.829151883] [3568] DEBUG V4L2Compat v4l2_camera_proxy.cpp:691 [/dev/video1 (fd:205)] vidioc_dqbuf()
[0:02:12.829293123] [3568] DEBUG V4L2Compat v4l2_camera_proxy.cpp:691 [/dev/video1 (fd:205)] vidioc_dqbuf()
[0:02:12.829431101] [3568] DEBUG V4L2Compat v4l2_camera_proxy.cpp:691 [/dev/video1 (fd:205)] vidioc_dqbuf()
[0:02:12.829568541] [3568] DEBUG V4L2Compat v4l2_camera_proxy.cpp:691 [/dev/video1 (fd:205)] vidioc_dqbuf()
[0:02:12.829706419] [3568] DEBUG V4L2Compat v4l2_camera_proxy.cpp:691 [/dev/video1 (fd:205)] vidioc_dqbuf()
[0:02:12.829843110] [3568] DEBUG V4L2Compat v4l2_camera_proxy.cpp:691 [/dev/video1 (fd:205)] vidioc_dqbuf()
[0:02:12.829981738] [3568] DEBUG V4L2Compat v4l2_camera_proxy.cpp:691 [/dev/video1 (fd:205)] vidioc_dqbuf()
[0:02:12.830208430] [3568] DEBUG V4L2Compat v4l2_camera_proxy.cpp:691 [/dev/video1 (fd:205)] vidioc_dqbuf()
[0:02:12.844744025] [3568] DEBUG V4L2Compat v4l2_camera_proxy.cpp:659 [/dev/video1 (fd:205)] vidioc_qbuf(index=1)
[0:02:12.846068940] [3565] DEBUG V4L2 v4l2_videodevice.cpp:1783 /dev/video1[200:cap]: Queueing buffer 1
[0:02:12.861523542] [3565] DEBUG V4L2 v4l2_videodevice.cpp:1855 /dev/video1[200:cap]: Dequeuing buffer 2
[0:02:12.861941351] [3568] DEBUG V4L2Compat v4l2_camera_proxy.cpp:691 [/dev/video1 (fd:205)] vidioc_dqbuf()
[0:02:12.876327105] [3568] DEBUG V4L2Compat v4l2_camera_proxy.cpp:659 [/dev/video1 (fd:205)] vidioc_qbuf(index=2)
[0:02:12.877330302] [3565] DEBUG V4L2 v4l2_videodevice.cpp:1783 /dev/video1[200:cap]: Queueing buffer 2
[0:02:12.894474064] [3565] DEBUG V4L2 v4l2_videodevice.cpp:1855 /dev/video1[200:cap]: Dequeuing buffer 3
[0:02:12.894907423] [3568] DEBUG V4L2Compat v4l2_camera_proxy.cpp:691 [/dev/video1 (fd:205)] vidioc_dqbuf()
[0:02:12.908778267] [3568] DEBUG V4L2Compat v4l2_camera_proxy.cpp:659 [/dev/video1 (fd:205)] vidioc_qbuf(index=3)
[0:02:12.909826226] [3565] DEBUG V4L2 v4l2_videodevice.cpp:1783 /dev/video1[200:cap]: Queueing buffer 3
[0:02:12.927958397] [3565] DEBUG V4L2 v4l2_videodevice.cpp:1855 /dev/video1[200:cap]: Dequeuing buffer 0
[0:02:12.928530734] [3568] DEBUG V4L2Compat v4l2_camera_proxy.cpp:691 [/dev/video1 (fd:205)] vidioc_dqbuf()
[0:02:12.942897776] [3568] DEBUG V4L2Compat v4l2_camera_proxy.cpp:659 [/dev/video1 (fd:205)] vidioc_qbuf(index=0)
[0:02:12.943894872] [3565] DEBUG V4L2 v4l2_videodevice.cpp:1783 /dev/video1[200:cap]: Queueing buffer 0
[0:02:12.961284302] [3565] DEBUG V4L2 v4l2_videodevice.cpp:1855 /dev/video1[200:cap]: Dequeuing buffer 1
[0:02:12.961745724] [3568] DEBUG V4L2Compat v4l2_camera_proxy.cpp:691 [/dev/video1 (fd:205)] vidioc_dqbuf()
[0:02:12.976502774] [3568] DEBUG V4L2Compat v4l2_camera_proxy.cpp:659 [/dev/video1 (fd:205)] vidioc_qbuf(index=1)
[0:02:12.977470582] [3565] DEBUG V4L2 v4l2_videodevice.cpp:1783 /dev/video1[200:cap]: Queueing buffer 1
[0:02:12.994387227] [3565] DEBUG V4L2 v4l2_videodevice.cpp:1855 /dev/video1[200:cap]: Dequeuing buffer 2
[0:02:12.994994715] [3568] DEBUG V4L2Compat v4l2_camera_proxy.cpp:691 [/dev/video1 (fd:205)] vidioc_dqbuf()
[0:02:13.009468533] [3568] DEBUG V4L2Compat v4l2_camera_proxy.cpp:659 [/dev/video1 (fd:205)] vidioc_qbuf(index=2)
[0:02:13.010727098] [3565] DEBUG V4L2 v4l2_videodevice.cpp:1783 /dev/video1[200:cap]: Queueing buffer 2
[0:02:13.027531678] [3565] DEBUG V4L2 v4l2_videodevice.cpp:1855 /dev/video1[200:cap]: Dequeuing buffer 3
[0:02:13.029065185] [3568] DEBUG V4L2Compat v4l2_camera_proxy.cpp:691 [/dev/video1 (fd:205)] vidioc_dqbuf()
[0:02:13.037915010] [3568] DEBUG V4L2Compat v4l2_camera_proxy.cpp:659 [/dev/video1 (fd:205)] vidioc_qbuf(index=3)
[0:02:13.038629700] [3565] DEBUG V4L2 v4l2_videodevice.cpp:1783 /dev/video1[200:cap]: Queueing buffer 3
[0:02:13.060610202] [3565] DEBUG V4L2 v4l2_videodevice.cpp:1855 /dev/video1[200:cap]: Dequeuing buffer 0
[0:02:13.060957810] [3568] DEBUG V4L2Compat v4l2_camera_proxy.cpp:691 [/dev/video1 (fd:205)] vidioc_dqbuf()
[0:02:13.068252477] [3568] DEBUG V4L2Compat v4l2_camera_proxy.cpp:659 [/dev/video1 (fd:205)] vidioc_qbuf(index=0)
[0:02:13.068798438] [3565] DEBUG V4L2 v4l2_videodevice.cpp:1783 /dev/video1[200:cap]: Queueing buffer 0
[0:02:13.093962920] [3565] DEBUG V4L2 v4l2_videodevice.cpp:1855 /dev/video1[200:cap]: Dequeuing buffer 1
[0:02:13.094355054] [3568] DEBUG V4L2Compat v4l2_camera_proxy.cpp:691 [/dev/video1 (fd:205)] vidioc_dqbuf()
[0:02:13.108841422] [3568] DEBUG V4L2Compat v4l2_camera_proxy.cpp:659 [/dev/video1 (fd:205)] vidioc_qbuf(index=1)
[0:02:13.109714241] [3565] DEBUG V4L2 v4l2_videodevice.cpp:1783 /dev/video1[200:cap]: Queueing buffer 1
[0:02:13.127136184] [3565] DEBUG V4L2 v4l2_videodevice.cpp:1855 /dev/video1[200:cap]: Dequeuing buffer 2
[0:02:13.127471079] [3568] DEBUG V4L2Compat v4l2_camera_proxy.cpp:691 [/dev/video1 (fd:205)] vidioc_dqbuf()
[0:02:13.142510534] [3568] DEBUG V4L2Compat v4l2_camera_proxy.cpp:659 [/dev/video1 (fd:205)] vidioc_qbuf(index=2)
[0:02:13.143457317] [3565] DEBUG V4L2 v4l2_videodevice.cpp:1783 /dev/video1[200:cap]: Queueing buffer 2
[0:02:13.160316173] [3565] DEBUG V4L2 v4l2_videodevice.cpp:1855 /dev/video1[200:cap]: Dequeuing buffer 3
[0:02:13.160882573] [3568] DEBUG V4L2Compat v4l2_camera_proxy.cpp:691 [/dev/video1 (fd:205)] vidioc_dqbuf()
[0:02:13.174817918] [3568] DEBUG V4L2Compat v4l2_camera_proxy.cpp:659 [/dev/video1 (fd:205)] vidioc_qbuf(index=3)
[0:02:13.175698636] [3565] DEBUG V4L2 v4l2_videodevice.cpp:1783 /dev/video1[200:cap]: Queueing buffer 3
[0:02:13.193681142] [3565] DEBUG V4L2 v4l2_videodevice.cpp:1855 /dev/video1[200:cap]: Dequeuing buffer 0
[0:02:13.194309567] [3568] DEBUG V4L2Compat v4l2_camera_proxy.cpp:691 [/dev/video1 (fd:205)] vidioc_dqbuf()
[0:02:13.208871363] [3568] DEBUG V4L2Compat v4l2_camera_proxy.cpp:659 [/dev/video1 (fd:205)] vidioc_qbuf(index=0)
[0:02:13.209734669] [3565] DEBUG V4L2 v4l2_videodevice.cpp:1783 /dev/video1[200:cap]: Queueing buffer 0
[0:02:13.227145724] [3565] DEBUG V4L2 v4l2_videodevice.cpp:1855 /dev/video1[200:cap]: Dequeuing buffer 1
[0:02:13.227520657] [3568] DEBUG V4L2Compat v4l2_camera_proxy.cpp:691 [/dev/video1 (fd:205)] vidioc_dqbuf()
[0:02:13.242397422] [3568] DEBUG V4L2Compat v4l2_camera_proxy.cpp:659 [/dev/video1 (fd:205)] vidioc_qbuf(index=1)
[0:02:13.243247590] [3565] DEBUG V4L2 v4l2_videodevice.cpp:1783 /dev/video1[200:cap]: Queueing buffer 1
[0:02:13.259927630] [3565] DEBUG V4L2 v4l2_videodevice.cpp:1855 /dev/video1[200:cap]: Dequeuing buffer 2
[0:02:13.262161790] [3568] DEBUG V4L2Compat v4l2_camera_proxy.cpp:691 [/dev/video1 (fd:205)] vidioc_dqbuf()
[0:02:13.270624969] [3568] DEBUG V4L2Compat v4l2_camera_proxy.cpp:659 [/dev/video1 (fd:205)] vidioc_qbuf(index=2)
[0:02:13.271328446] [3565] DEBUG V4L2 v4l2_videodevice.cpp:1783 /dev/video1[200:cap]: Queueing buffer 2
[0:02:13.293121120] [3565] DEBUG V4L2 v4l2_videodevice.cpp:1855 /dev/video1[200:cap]: Dequeuing buffer 3
[0:02:13.293516015] [3568] DEBUG V4L2Compat v4l2_camera_proxy.cpp:691 [/dev/video1 (fd:205)] vidioc_dqbuf()
[0:02:13.293630430] [3568] DEBUG V4L2Compat v4l2_camera_proxy.cpp:691 [/dev/video1 (fd:205)] vidioc_dqbuf()
[0:02:13.293696894] [3568] DEBUG V4L2Compat v4l2_camera_proxy.cpp:691 [/dev/video1 (fd:205)] vidioc_dqbuf()
[0:02:13.293759233] [3568] DEBUG V4L2Compat v4l2_camera_proxy.cpp:691 [/dev/video1 (fd:205)] vidioc_dqbuf()
[0:02:13.293820797] [3568] DEBUG V4L2Compat v4l2_camera_proxy.cpp:691 [/dev/video1 (fd:205)] vidioc_dqbuf()
[0:02:13.293882461] [3568] DEBUG V4L2Compat v4l2_camera_proxy.cpp:691 [/dev/video1 (fd:205)] vidioc_dqbuf()
[0:02:13.293945487] [3568] DEBUG V4L2Compat v4l2_camera_proxy.cpp:691 [/dev/video1 (fd:205)] vidioc_dqbuf()
[0:02:13.294051989] [3568] DEBUG V4L2Compat v4l2_camera_proxy.cpp:691 [/dev/video1 (fd:205)] vidioc_dqbuf()
[0:02:13.294120191] [3568] DEBUG V4L2Compat v4l2_camera_proxy.cpp:691 [/dev/video1 (fd:205)] vidioc_dqbuf()
[0:02:13.294182692] [3568] DEBUG V4L2Compat v4l2_camera_proxy.cpp:691 [/dev/video1 (fd:205)] vidioc_dqbuf()
[0:02:13.294245018] [3568] DEBUG V4L2Compat v4l2_camera_proxy.cpp:691 [/dev/video1 (fd:205)] vidioc_dqbuf()
[0:02:13.294307932] [3568] DEBUG V4L2Compat v4l2_camera_proxy.cpp:691 [/dev/video1 (fd:205)] vidioc_dqbuf()
[0:02:13.294369846] [3568] DEBUG V4L2Compat v4l2_camera_proxy.cpp:691 [/dev/video1 (fd:205)] vidioc_dqbuf()
[0:02:13.294431635] [3568] DEBUG V4L2Compat v4l2_camera_proxy.cpp:691 [/dev/video1 (fd:205)] vidioc_dqbuf()
[0:02:13.294493511] [3568] DEBUG V4L2Compat v4l2_camera_proxy.cpp:691 [/dev/video1 (fd:205)] vidioc_dqbuf()
[0:02:13.294555500] [3568] DEBUG V4L2Compat v4l2_camera_proxy.cpp:691 [/dev/video1 (fd:205)] vidioc_dqbuf()
[0:02:13.294618389] [3568] DEBUG V4L2Compat v4l2_camera_proxy.cpp:691 [/dev/video1 (fd:205)] vidioc_dqbuf()
[0:02:13.294682440] [3568] DEBUG V4L2Compat v4l2_camera_proxy.cpp:691 [/dev/video1 (fd:205)] vidioc_dqbuf()
[0:02:13.294786980] [3568] DEBUG V4L2Compat v4l2_camera_proxy.cpp:691 [/dev/video1 (fd:205)] vidioc_dqbuf()
[0:02:13.294854031] [3568] DEBUG V4L2Compat v4l2_camera_proxy.cpp:691 [/dev/video1 (fd:205)] vidioc_dqbuf()
[0:02:13.294919570] [3568] DEBUG V4L2Compat v4l2_camera_proxy.cpp:691 [/dev/video1 (fd:205)] vidioc_dqbuf()
[0:02:13.294985396] [3568] DEBUG V4L2Compat v4l2_camera_proxy.cpp:691 [/dev/video1 (fd:205)] vidioc_dqbuf()
[0:02:13.295117812] [3568] DEBUG V4L2Compat v4l2_camera_proxy.cpp:691 [/dev/video1 (fd:205)] vidioc_dqbuf()
[0:02:13.295183663] [3568] DEBUG V4L2Compat v4l2_camera_proxy.cpp:691 [/dev/video1 (fd:205)] vidioc_dqbuf()
[0:02:13.295246839] [3568] DEBUG V4L2Compat v4l2_camera_proxy.cpp:691 [/dev/video1 (fd:205)] vidioc_dqbuf()
[0:02:13.295312041] [3568] DEBUG V4L2Compat v4l2_camera_proxy.cpp:691 [/dev/video1 (fd:205)] vidioc_dqbuf()
[0:02:13.295376867] [3568] DEBUG V4L2Compat v4l2_camera_proxy.cpp:691 [/dev/video1 (fd:205)] vidioc_dqbuf()
[0:02:13.295440431] [3568] DEBUG V4L2Compat v4l2_camera_proxy.cpp:691 [/dev/video1 (fd:205)] vidioc_dqbuf()
[0:02:13.295502495] [3568] DEBUG V4L2Compat v4l2_camera_proxy.cpp:691 [/dev/video1 (fd:205)] vidioc_dqbuf()
[0:02:13.295565359] [3568] DEBUG V4L2Compat v4l2_camera_proxy.cpp:691 [/dev/video1 (fd:205)] vidioc_dqbuf()
[0:02:13.295628373] [3568] DEBUG V4L2Compat v4l2_camera_proxy.cpp:691 [/dev/video1 (fd:205)] vidioc_dqbuf()
[0:02:13.295691724] [3568] DEBUG V4L2Compat v4l2_camera_proxy.cpp:691 [/dev/video1 (fd:205)] vidioc_dqbuf()
[0:02:13.295755250] [3568] DEBUG V4L2Compat v4l2_camera_proxy.cpp:691 [/dev/video1 (fd:205)] vidioc_dqbuf()
[0:02:13.295821177] [3568] DEBUG V4L2Compat v4l2_camera_proxy.cpp:691 [/dev/video1 (fd:205)] vidioc_dqbuf()
[0:02:13.295886203] [3568] DEBUG V4L2Compat v4l2_camera_proxy.cpp:691 [/dev/video1 (fd:205)] vidioc_dqbuf()
[0:02:13.295949804] [3568] DEBUG V4L2Compat v4l2_camera_proxy.cpp:691 [/dev/video1 (fd:205)] vidioc_dqbuf()
[0:02:13.296401051] [3568] DEBUG V4L2Compat v4l2_camera_proxy.cpp:691 [/dev/video1 (fd:205)] vidioc_dqbuf()
[0:02:13.305873339] [3568] DEBUG V4L2Compat v4l2_camera_proxy.cpp:659 [/dev/video1 (fd:205)] vidioc_qbuf(index=3)
[0:02:13.306513103] [3565] DEBUG V4L2 v4l2_videodevice.cpp:1783 /dev/video1[200:cap]: Queueing buffer 3
[0:02:13.326736405] [3565] DEBUG V4L2 v4l2_videodevice.cpp:1855 /dev/video1[200:cap]: Dequeuing buffer 0
[0:02:13.327424745] [3568] DEBUG V4L2Compat v4l2_camera_proxy.cpp:691 [/dev/video1 (fd:205)] vidioc_dqbuf()
[0:02:13.337965555] [3568] DEBUG V4L2Compat v4l2_camera_proxy.cpp:659 [/dev/video1 (fd:205)] vidioc_qbuf(index=0)
[0:02:13.338604956] [3565] DEBUG V4L2 v4l2_videodevice.cpp:1783 /dev/video1[200:cap]: Queueing buffer 0
[0:02:13.359945570] [3565] DEBUG V4L2 v4l2_videodevice.cpp:1855 /dev/video1[200:cap]: Dequeuing buffer 1
[0:02:13.360727024] [3568] DEBUG V4L2Compat v4l2_camera_proxy.cpp:691 [/dev/video1 (fd:205)] vidioc_dqbuf()
[0:02:13.374457252] [3568] DEBUG V4L2Compat v4l2_camera_proxy.cpp:659 [/dev/video1 (fd:205)] vidioc_qbuf(index=1)
[0:02:13.374992251] [3565] DEBUG V4L2 v4l2_videodevice.cpp:1783 /dev/video1[200:cap]: Queueing buffer 1
[0:02:13.392799440] [3565] DEBUG V4L2 v4l2_videodevice.cpp:1855 /dev/video1[200:cap]: Dequeuing buffer 2
[0:02:13.393187911] [3568] DEBUG V4L2Compat v4l2_camera_proxy.cpp:691 [/dev/video1 (fd:205)] vidioc_dqbuf()
[0:02:13.399217238] [3568] DEBUG V4L2Compat v4l2_camera_proxy.cpp:659 [/dev/video1 (fd:205)] vidioc_qbuf(index=2)
[0:02:13.400055343] [3565] DEBUG V4L2 v4l2_videodevice.cpp:1783 /dev/video1[200:cap]: Queueing buffer 2
[0:02:13.425895665] [3565] DEBUG V4L2 v4l2_videodevice.cpp:1855 /dev/video1[200:cap]: Dequeuing buffer 3
[0:02:13.426397800] [3568] DEBUG V4L2Compat v4l2_camera_proxy.cpp:691 [/dev/video1 (fd:205)] vidioc_dqbuf()
[0:02:13.434704001] [3568] DEBUG V4L2Compat v4l2_camera_proxy.cpp:659 [/dev/video1 (fd:205)] vidioc_qbuf(index=3)
[0:02:13.435646184] [3565] DEBUG V4L2 v4l2_videodevice.cpp:1783 /dev/video1[200:cap]: Queueing buffer 3
[0:02:13.459206281] [3565] DEBUG V4L2 v4l2_videodevice.cpp:1855 /dev/video1[200:cap]: Dequeuing buffer 0
[0:02:13.459611128] [3568] DEBUG V4L2Compat v4l2_camera_proxy.cpp:691 [/dev/video1 (fd:205)] vidioc_dqbuf()
[0:02:13.467690823] [3568] DEBUG V4L2Compat v4l2_camera_proxy.cpp:659 [/dev/video1 (fd:205)] vidioc_qbuf(index=0)
[0:02:13.468360425] [3565] DEBUG V4L2 v4l2_videodevice.cpp:1783 /dev/video1[200:cap]: Queueing buffer 0
[0:02:13.492354133] [3565] DEBUG V4L2 v4l2_videodevice.cpp:1855 /dev/video1[200:cap]: Dequeuing buffer 1
[0:02:13.492746241] [3568] DEBUG V4L2Compat v4l2_camera_proxy.cpp:691 [/dev/video1 (fd:205)] vidioc_dqbuf()
[0:02:13.504956249] [3568] DEBUG V4L2Compat v4l2_camera_proxy.cpp:659 [/dev/video1 (fd:205)] vidioc_qbuf(index=1)
[0:02:13.506395980] [3565] DEBUG V4L2 v4l2_videodevice.cpp:1783 /dev/video1[200:cap]: Queueing buffer 1
[0:02:13.525687713] [3565] DEBUG V4L2 v4l2_videodevice.cpp:1855 /dev/video1[200:cap]: Dequeuing buffer 2
[0:02:13.526986253] [3568] DEBUG V4L2Compat v4l2_camera_proxy.cpp:691 [/dev/video1 (fd:205)] vidioc_dqbuf()
[0:02:13.535433069] [3568] DEBUG V4L2Compat v4l2_camera_proxy.cpp:659 [/dev/video1 (fd:205)] vidioc_qbuf(index=2)
[0:02:13.536285774] [3565] DEBUG V4L2 v4l2_videodevice.cpp:1783 /dev/video1[200:cap]: Queueing buffer 2
[0:02:13.558864214] [3565] DEBUG V4L2 v4l2_videodevice.cpp:1855 /dev/video1[200:cap]: Dequeuing buffer 3
[0:02:13.559247347] [3568] DEBUG V4L2Compat v4l2_camera_proxy.cpp:691 [/dev/video1 (fd:205)] vidioc_dqbuf()
[0:02:13.573422597] [3568] DEBUG V4L2Compat v4l2_camera_proxy.cpp:659 [/dev/video1 (fd:205)] vidioc_qbuf(index=3)
[0:02:13.574868115] [3565] DEBUG V4L2 v4l2_videodevice.cpp:1783 /dev/video1[200:cap]: Queueing buffer 3
[0:02:13.592147031] [3565] DEBUG V4L2 v4l2_videodevice.cpp:1855 /dev/video1[200:cap]: Dequeuing buffer 0
[0:02:13.592616978] [3568] DEBUG V4L2Compat v4l2_camera_proxy.cpp:691 [/dev/video1 (fd:205)] vidioc_dqbuf()
[0:02:13.606111051] [3568] DEBUG V4L2Compat v4l2_camera_proxy.cpp:659 [/dev/video1 (fd:205)] vidioc_qbuf(index=0)
[0:02:13.607320802] [3565] DEBUG V4L2 v4l2_videodevice.cpp:1783 /dev/video1[200:cap]: Queueing buffer 0
[0:02:13.625305582] [3565] DEBUG V4L2 v4l2_videodevice.cpp:1855 /dev/video1[200:cap]: Dequeuing buffer 1
[0:02:13.625693028] [3568] DEBUG V4L2Compat v4l2_camera_proxy.cpp:691 [/dev/video1 (fd:205)] vidioc_dqbuf()
[0:02:13.635165253] [3568] DEBUG V4L2Compat v4l2_camera_proxy.cpp:659 [/dev/video1 (fd:205)] vidioc_qbuf(index=1)
[0:02:13.635983195] [3565] DEBUG V4L2 v4l2_videodevice.cpp:1783 /dev/video1[200:cap]: Queueing buffer 1
[0:02:13.658497396] [3565] DEBUG V4L2 v4l2_videodevice.cpp:1855 /dev/video1[200:cap]: Dequeuing buffer 2
[0:02:13.658859141] [3568] DEBUG V4L2Compat v4l2_camera_proxy.cpp:691 [/dev/video1 (fd:205)] vidioc_dqbuf()
[0:02:13.667726941] [3568] DEBUG V4L2Compat v4l2_camera_proxy.cpp:659 [/dev/video1 (fd:205)] vidioc_qbuf(index=2)
[0:02:13.669234348] [3565] DEBUG V4L2 v4l2_videodevice.cpp:1783 /dev/video1[200:cap]: Queueing buffer 2
[0:02:13.691707424] [3565] DEBUG V4L2 v4l2_videodevice.cpp:1855 /dev/video1[200:cap]: Dequeuing buffer 3
[0:02:13.692096532] [3568] DEBUG V4L2Compat v4l2_camera_proxy.cpp:691 [/dev/video1 (fd:205)] vidioc_dqbuf()
[0:02:13.701116835] [3568] DEBUG V4L2Compat v4l2_camera_proxy.cpp:659 [/dev/video1 (fd:205)] vidioc_qbuf(index=3)
[0:02:13.702138994] [3565] DEBUG V4L2 v4l2_videodevice.cpp:1783 /dev/video1[200:cap]: Queueing buffer 3
[0:02:13.724860049] [3565] DEBUG V4L2 v4l2_videodevice.cpp:1855 /dev/video1[200:cap]: Dequeuing buffer 0
[0:02:13.725244720] [3568] DEBUG V4L2Compat v4l2_camera_proxy.cpp:691 [/dev/video1 (fd:205)] vidioc_dqbuf()
[0:02:13.739392957] [3568] DEBUG V4L2Compat v4l2_camera_proxy.cpp:659 [/dev/video1 (fd:205)] vidioc_qbuf(index=0)
[0:02:13.740161811] [3565] DEBUG V4L2 v4l2_videodevice.cpp:1783 /dev/video1[200:cap]: Queueing buffer 0
[0:02:13.758436997] [3565] DEBUG V4L2 v4l2_videodevice.cpp:1855 /dev/video1[200:cap]: Dequeuing buffer 1
[0:02:13.758781355] [3568] DEBUG V4L2Compat v4l2_camera_proxy.cpp:691 [/dev/video1 (fd:205)] vidioc_dqbuf()
[0:02:13.773066619] [3568] DEBUG V4L2Compat v4l2_camera_proxy.cpp:659 [/dev/video1 (fd:205)] vidioc_qbuf(index=1)
[0:02:13.773823460] [3565] DEBUG V4L2 v4l2_videodevice.cpp:1783 /dev/video1[200:cap]: Queueing buffer 1
[0:02:13.791409220] [3565] DEBUG V4L2 v4l2_videodevice.cpp:1855 /dev/video1[200:cap]: Dequeuing buffer 2
[0:02:13.791871054] [3568] DEBUG V4L2Compat v4l2_camera_proxy.cpp:691 [/dev/video1 (fd:205)] vidioc_dqbuf()
[0:02:13.807089064] [3568] DEBUG V4L2Compat v4l2_camera_proxy.cpp:659 [/dev/video1 (fd:205)] vidioc_qbuf(index=2)
[0:02:13.807940732] [3565] DEBUG V4L2 v4l2_videodevice.cpp:1783 /dev/video1[200:cap]: Queueing buffer 2
[0:02:13.824600609] [3565] DEBUG V4L2 v4l2_videodevice.cpp:1855 /dev/video1[200:cap]: Dequeuing buffer 3
[0:02:13.824960179] [3568] DEBUG V4L2Compat v4l2_camera_proxy.cpp:691 [/dev/video1 (fd:205)] vidioc_dqbuf()
[0:02:13.842731892] [3568] DEBUG V4L2Compat v4l2_camera_proxy.cpp:659 [/dev/video1 (fd:205)] vidioc_qbuf(index=3)
[0:02:13.843601561] [3565] DEBUG V4L2 v4l2_videodevice.cpp:1783 /dev/video1[200:cap]: Queueing buffer 3
[0:02:13.857739185] [3565] DEBUG V4L2 v4l2_videodevice.cpp:1855 /dev/video1[200:cap]: Dequeuing buffer 0
[0:02:13.858196269] [3568] DEBUG V4L2Compat v4l2_camera_proxy.cpp:691 [/dev/video1 (fd:205)] vidioc_dqbuf()
[0:02:13.869969331] [3568] DEBUG V4L2Compat v4l2_camera_proxy.cpp:659 [/dev/video1 (fd:205)] vidioc_qbuf(index=0)
[0:02:13.870796661] [3565] DEBUG V4L2 v4l2_videodevice.cpp:1783 /dev/video1[200:cap]: Queueing buffer 0
[0:02:13.890922774] [3565] DEBUG V4L2 v4l2_videodevice.cpp:1855 /dev/video1[200:cap]: Dequeuing buffer 1
[0:02:13.891318057] [3568] DEBUG V4L2Compat v4l2_camera_proxy.cpp:691 [/dev/video1 (fd:205)] vidioc_dqbuf()
[0:02:13.909116496] [3568] DEBUG V4L2Compat v4l2_camera_proxy.cpp:659 [/dev/video1 (fd:205)] vidioc_qbuf(index=1)
[0:02:13.910116542] [3565] DEBUG V4L2 v4l2_videodevice.cpp:1783 /dev/video1[200:cap]: Queueing buffer 1
[0:02:13.923954835] [3565] DEBUG V4L2 v4l2_videodevice.cpp:1855 /dev/video1[200:cap]: Dequeuing buffer 2
[0:02:13.924257954] [3568] DEBUG V4L2Compat v4l2_camera_proxy.cpp:691 [/dev/video1 (fd:205)] vidioc_dqbuf()
[0:02:13.941088085] [3568] DEBUG V4L2Compat v4l2_camera_proxy.cpp:659 [/dev/video1 (fd:205)] vidioc_qbuf(index=2)
[0:02:13.942169595] [3565] DEBUG V4L2 v4l2_videodevice.cpp:1783 /dev/video1[200:cap]: Queueing buffer 2
[0:02:13.957579884] [3565] DEBUG V4L2 v4l2_videodevice.cpp:1855 /dev/video1[200:cap]: Dequeuing buffer 3
[0:02:13.957943929] [3568] DEBUG V4L2Compat v4l2_camera_proxy.cpp:691 [/dev/video1 (fd:205)] vidioc_dqbuf()
[0:02:13.974965439] [3568] DEBUG V4L2Compat v4l2_camera_proxy.cpp:659 [/dev/video1 (fd:205)] vidioc_qbuf(index=3)
[0:02:13.975961022] [3565] DEBUG V4L2 v4l2_videodevice.cpp:1783 /dev/video1[200:cap]: Queueing buffer 3
[0:02:13.990993190] [3565] DEBUG V4L2 v4l2_videodevice.cpp:1855 /dev/video1[200:cap]: Dequeuing buffer 0
[0:02:13.991425387] [3568] DEBUG V4L2Compat v4l2_camera_proxy.cpp:691 [/dev/video1 (fd:205)] vidioc_dqbuf()
[0:02:14.003943439] [3568] DEBUG V4L2Compat v4l2_camera_proxy.cpp:659 [/dev/video1 (fd:205)] vidioc_qbuf(index=0)
[0:02:14.004825845] [3565] DEBUG V4L2 v4l2_videodevice.cpp:1783 /dev/video1[200:cap]: Queueing buffer 0
[0:02:14.023945325] [3565] DEBUG V4L2 v4l2_videodevice.cpp:1855 /dev/video1[200:cap]: Dequeuing buffer 1
[0:02:14.025292591] [3568] DEBUG V4L2Compat v4l2_camera_proxy.cpp:691 [/dev/video1 (fd:205)] vidioc_dqbuf()
[0:02:14.032652109] [3568] DEBUG V4L2Compat v4l2_camera_proxy.cpp:659 [/dev/video1 (fd:205)] vidioc_qbuf(index=1)
[0:02:14.033226133] [3565] DEBUG V4L2 v4l2_videodevice.cpp:1783 /dev/video1[200:cap]: Queueing buffer 1
[0:02:14.057107513] [3565] DEBUG V4L2 v4l2_videodevice.cpp:1855 /dev/video1[200:cap]: Dequeuing buffer 2
[0:02:14.057785290] [3568] DEBUG V4L2Compat v4l2_camera_proxy.cpp:691 [/dev/video1 (fd:205)] vidioc_dqbuf()
[0:02:14.075802271] [3568] DEBUG V4L2Compat v4l2_camera_proxy.cpp:659 [/dev/video1 (fd:205)] vidioc_qbuf(index=2)
[0:02:14.076706040] [3565] DEBUG V4L2 v4l2_videodevice.cpp:1783 /dev/video1[200:cap]: Queueing buffer 2
[0:02:14.090469144] [3565] DEBUG V4L2 v4l2_videodevice.cpp:1855 /dev/video1[200:cap]: Dequeuing buffer 3
[0:02:14.090836139] [3568] DEBUG V4L2Compat v4l2_camera_proxy.cpp:691 [/dev/video1 (fd:205)] vidioc_dqbuf()
[0:02:14.104137083] [3568] DEBUG V4L2Compat v4l2_camera_proxy.cpp:659 [/dev/video1 (fd:205)] vidioc_qbuf(index=3)
[0:02:14.105081190] [3565] DEBUG V4L2 v4l2_videodevice.cpp:1783 /dev/video1[200:cap]: Queueing buffer 3
[0:02:14.123875800] [3565] DEBUG V4L2 v4l2_videodevice.cpp:1855 /dev/video1[200:cap]: Dequeuing buffer 0
[0:02:14.124354911] [3568] DEBUG V4L2Compat v4l2_camera_proxy.cpp:691 [/dev/video1 (fd:205)] vidioc_dqbuf()
[0:02:14.131680865] [3568] DEBUG V4L2Compat v4l2_camera_proxy.cpp:659 [/dev/video1 (fd:205)] vidioc_qbuf(index=0)
[0:02:14.132226677] [3565] DEBUG V4L2 v4l2_videodevice.cpp:1783 /dev/video1[200:cap]: Queueing buffer 0
[0:02:14.156725958] [3565] DEBUG V4L2 v4l2_videodevice.cpp:1855 /dev/video1[200:cap]: Dequeuing buffer 1
[0:02:14.157132179] [3568] DEBUG V4L2Compat v4l2_camera_proxy.cpp:691 [/dev/video1 (fd:205)] vidioc_dqbuf()
[0:02:14.174146476] [3568] DEBUG V4L2Compat v4l2_camera_proxy.cpp:659 [/dev/video1 (fd:205)] vidioc_qbuf(index=1)
[0:02:14.175137659] [3565] DEBUG V4L2 v4l2_videodevice.cpp:1783 /dev/video1[200:cap]: Queueing buffer 1
[0:02:14.189772532] [3565] DEBUG V4L2 v4l2_videodevice.cpp:1855 /dev/video1[200:cap]: Dequeuing buffer 2
[0:02:14.190165790] [3568] DEBUG V4L2Compat v4l2_camera_proxy.cpp:691 [/dev/video1 (fd:205)] vidioc_dqbuf()
[0:02:14.205480376] [3568] DEBUG V4L2Compat v4l2_camera_proxy.cpp:659 [/dev/video1 (fd:205)] vidioc_qbuf(index=2)
[0:02:14.206455122] [3565] DEBUG V4L2 v4l2_videodevice.cpp:1783 /dev/video1[200:cap]: Queueing buffer 2
[0:02:14.223316753] [3565] DEBUG V4L2 v4l2_videodevice.cpp:1855 /dev/video1[200:cap]: Dequeuing buffer 3
[0:02:14.223681299] [3568] DEBUG V4L2Compat v4l2_camera_proxy.cpp:691 [/dev/video1 (fd:205)] vidioc_dqbuf()
[0:02:14.238300608] [3568] DEBUG V4L2Compat v4l2_camera_proxy.cpp:659 [/dev/video1 (fd:205)] vidioc_qbuf(index=3)
[0:02:14.239161463] [3565] DEBUG V4L2 v4l2_videodevice.cpp:1783 /dev/video1[200:cap]: Queueing buffer 3
[0:02:14.256486305] [3565] DEBUG V4L2 v4l2_videodevice.cpp:1855 /dev/video1[200:cap]: Dequeuing buffer 0
[0:02:14.257042629] [3568] DEBUG V4L2Compat v4l2_camera_proxy.cpp:691 [/dev/video1 (fd:205)] vidioc_dqbuf()
[0:02:14.277398460] [3568] DEBUG V4L2Compat v4l2_camera_proxy.cpp:659 [/dev/video1 (fd:205)] vidioc_qbuf(index=0)
[0:02:14.278667024] [3565] DEBUG V4L2 v4l2_videodevice.cpp:1783 /dev/video1[200:cap]: Queueing buffer 0
[0:02:14.289633206] [3565] DEBUG V4L2 v4l2_videodevice.cpp:1855 /dev/video1[200:cap]: Dequeuing buffer 1
[0:02:14.290108528] [3568] DEBUG V4L2Compat v4l2_camera_proxy.cpp:691 [/dev/video1 (fd:205)] vidioc_dqbuf()
[0:02:14.290233644] [3568] DEBUG V4L2Compat v4l2_camera_proxy.cpp:691 [/dev/video1 (fd:205)] vidioc_dqbuf()
[0:02:14.290299445] [3568] DEBUG V4L2Compat v4l2_camera_proxy.cpp:691 [/dev/video1 (fd:205)] vidioc_dqbuf()
[0:02:14.290362746] [3568] DEBUG V4L2Compat v4l2_camera_proxy.cpp:691 [/dev/video1 (fd:205)] vidioc_dqbuf()
[0:02:14.290425198] [3568] DEBUG V4L2Compat v4l2_camera_proxy.cpp:691 [/dev/video1 (fd:205)] vidioc_dqbuf()
[0:02:14.290487811] [3568] DEBUG V4L2Compat v4l2_camera_proxy.cpp:691 [/dev/video1 (fd:205)] vidioc_dqbuf()
[0:02:14.290549688] [3568] DEBUG V4L2Compat v4l2_camera_proxy.cpp:691 [/dev/video1 (fd:205)] vidioc_dqbuf()
[0:02:14.290611039] [3568] DEBUG V4L2Compat v4l2_camera_proxy.cpp:691 [/dev/video1 (fd:205)] vidioc_dqbuf()
[0:02:14.290672803] [3568] DEBUG V4L2Compat v4l2_camera_proxy.cpp:691 [/dev/video1 (fd:205)] vidioc_dqbuf()
[0:02:14.290734529] [3568] DEBUG V4L2Compat v4l2_camera_proxy.cpp:691 [/dev/video1 (fd:205)] vidioc_dqbuf()
[0:02:14.290796568] [3568] DEBUG V4L2Compat v4l2_camera_proxy.cpp:691 [/dev/video1 (fd:205)] vidioc_dqbuf()
[0:02:14.290858394] [3568] DEBUG V4L2Compat v4l2_camera_proxy.cpp:691 [/dev/video1 (fd:205)] vidioc_dqbuf()
[0:02:14.290920096] [3568] DEBUG V4L2Compat v4l2_camera_proxy.cpp:691 [/dev/video1 (fd:205)] vidioc_dqbuf()
[0:02:14.290981759] [3568] DEBUG V4L2Compat v4l2_camera_proxy.cpp:691 [/dev/video1 (fd:205)] vidioc_dqbuf()
[0:02:14.291085624] [3568] DEBUG V4L2Compat v4l2_camera_proxy.cpp:691 [/dev/video1 (fd:205)] vidioc_dqbuf()
[0:02:14.291148963] [3568] DEBUG V4L2Compat v4l2_camera_proxy.cpp:691 [/dev/video1 (fd:205)] vidioc_dqbuf()
[0:02:14.291212264] [3568] DEBUG V4L2Compat v4l2_camera_proxy.cpp:691 [/dev/video1 (fd:205)] vidioc_dqbuf()
[0:02:14.291274491] [3568] DEBUG V4L2Compat v4l2_camera_proxy.cpp:691 [/dev/video1 (fd:205)] vidioc_dqbuf()
[0:02:14.291375218] [3568] DEBUG V4L2Compat v4l2_camera_proxy.cpp:691 [/dev/video1 (fd:205)] vidioc_dqbuf()
[0:02:14.291438419] [3568] DEBUG V4L2Compat v4l2_camera_proxy.cpp:691 [/dev/video1 (fd:205)] vidioc_dqbuf()
[0:02:14.291501383] [3568] DEBUG V4L2Compat v4l2_camera_proxy.cpp:691 [/dev/video1 (fd:205)] vidioc_dqbuf()
[0:02:14.291563872] [3568] DEBUG V4L2Compat v4l2_camera_proxy.cpp:691 [/dev/video1 (fd:205)] vidioc_dqbuf()
[0:02:14.291626235] [3568] DEBUG V4L2Compat v4l2_camera_proxy.cpp:691 [/dev/video1 (fd:205)] vidioc_dqbuf()
[0:02:14.291687912] [3568] DEBUG V4L2Compat v4l2_camera_proxy.cpp:691 [/dev/video1 (fd:205)] vidioc_dqbuf()
[0:02:14.291749751] [3568] DEBUG V4L2Compat v4l2_camera_proxy.cpp:691 [/dev/video1 (fd:205)] vidioc_dqbuf()
[0:02:14.291810977] [3568] DEBUG V4L2Compat v4l2_camera_proxy.cpp:691 [/dev/video1 (fd:205)] vidioc_dqbuf()
[0:02:14.291872366] [3568] DEBUG V4L2Compat v4l2_camera_proxy.cpp:691 [/dev/video1 (fd:205)] vidioc_dqbuf()
[0:02:14.291934067] [3568] DEBUG V4L2Compat v4l2_camera_proxy.cpp:691 [/dev/video1 (fd:205)] vidioc_dqbuf()
[0:02:14.291995856] [3568] DEBUG V4L2Compat v4l2_camera_proxy.cpp:691 [/dev/video1 (fd:205)] vidioc_dqbuf()
[0:02:14.292104246] [3568] DEBUG V4L2Compat v4l2_camera_proxy.cpp:691 [/dev/video1 (fd:205)] vidioc_dqbuf()
[0:02:14.292166372] [3568] DEBUG V4L2Compat v4l2_camera_proxy.cpp:691 [/dev/video1 (fd:205)] vidioc_dqbuf()
[0:02:14.292228548] [3568] DEBUG V4L2Compat v4l2_camera_proxy.cpp:691 [/dev/video1 (fd:205)] vidioc_dqbuf()
[0:02:14.292289937] [3568] DEBUG V4L2Compat v4l2_camera_proxy.cpp:691 [/dev/video1 (fd:205)] vidioc_dqbuf()
[0:02:14.292351138] [3568] DEBUG V4L2Compat v4l2_camera_proxy.cpp:691 [/dev/video1 (fd:205)] vidioc_dqbuf()
[0:02:14.292412340] [3568] DEBUG V4L2Compat v4l2_camera_proxy.cpp:691 [/dev/video1 (fd:205)] vidioc_dqbuf()
[0:02:14.292474291] [3568] DEBUG V4L2Compat v4l2_camera_proxy.cpp:691 [/dev/video1 (fd:205)] vidioc_dqbuf()
[0:02:14.292536005] [3568] DEBUG V4L2Compat v4l2_camera_proxy.cpp:691 [/dev/video1 (fd:205)] vidioc_dqbuf()
[0:02:14.292597681] [3568] DEBUG V4L2Compat v4l2_camera_proxy.cpp:691 [/dev/video1 (fd:205)] vidioc_dqbuf()
[0:02:14.292659595] [3568] DEBUG V4L2Compat v4l2_camera_proxy.cpp:691 [/dev/video1 (fd:205)] vidioc_dqbuf()
[0:02:14.292721209] [3568] DEBUG V4L2Compat v4l2_camera_proxy.cpp:691 [/dev/video1 (fd:205)] vidioc_dqbuf()
[0:02:14.292782985] [3568] DEBUG V4L2Compat v4l2_camera_proxy.cpp:691 [/dev/video1 (fd:205)] vidioc_dqbuf()
[0:02:14.292844624] [3568] DEBUG V4L2Compat v4l2_camera_proxy.cpp:691 [/dev/video1 (fd:205)] vidioc_dqbuf()
[0:02:14.292906838] [3568] DEBUG V4L2Compat v4l2_camera_proxy.cpp:691 [/dev/video1 (fd:205)] vidioc_dqbuf()
[0:02:14.292968251] [3568] DEBUG V4L2Compat v4l2_camera_proxy.cpp:691 [/dev/video1 (fd:205)] vidioc_dqbuf()
[0:02:14.299502152] [3568] DEBUG V4L2Compat v4l2_camera_proxy.cpp:659 [/dev/video1 (fd:205)] vidioc_qbuf(index=1)
[0:02:14.300242268] [3565] DEBUG V4L2 v4l2_videodevice.cpp:1783 /dev/video1[200:cap]: Queueing buffer 1
[0:02:14.322692880] [3565] DEBUG V4L2 v4l2_videodevice.cpp:1855 /dev/video1[200:cap]: Dequeuing buffer 2
[0:02:14.323067713] [3568] DEBUG V4L2Compat v4l2_camera_proxy.cpp:691 [/dev/video1 (fd:205)] vidioc_dqbuf()
[0:02:14.330525583] [3568] DEBUG V4L2Compat v4l2_camera_proxy.cpp:659 [/dev/video1 (fd:205)] vidioc_qbuf(index=2)
[0:02:14.331137134] [3565] DEBUG V4L2 v4l2_videodevice.cpp:1783 /dev/video1[200:cap]: Queueing buffer 2
[0:02:14.355916395] [3565] DEBUG V4L2 v4l2_videodevice.cpp:1855 /dev/video1[200:cap]: Dequeuing buffer 3
[0:02:14.356371330] [3568] DEBUG V4L2Compat v4l2_camera_proxy.cpp:691 [/dev/video1 (fd:205)] vidioc_dqbuf()
[0:02:14.364742507] [3568] DEBUG V4L2Compat v4l2_camera_proxy.cpp:659 [/dev/video1 (fd:205)] vidioc_qbuf(index=3)
[0:02:14.365409746] [3565] DEBUG V4L2 v4l2_videodevice.cpp:1783 /dev/video1[200:cap]: Queueing buffer 3
[0:02:14.389147848] [3565] DEBUG V4L2 v4l2_videodevice.cpp:1855 /dev/video1[200:cap]: Dequeuing buffer 0
[0:02:14.389489080] [3568] DEBUG V4L2Compat v4l2_camera_proxy.cpp:691 [/dev/video1 (fd:205)] vidioc_dqbuf()
[0:02:14.400316109] [3568] DEBUG V4L2Compat v4l2_camera_proxy.cpp:659 [/dev/video1 (fd:205)] vidioc_qbuf(index=0)
[0:02:14.401319480] [3565] DEBUG V4L2 v4l2_videodevice.cpp:1783 /dev/video1[200:cap]: Queueing buffer 0
[0:02:14.422372625] [3565] DEBUG V4L2 v4l2_videodevice.cpp:1855 /dev/video1[200:cap]: Dequeuing buffer 1
[0:02:14.423103891] [3568] DEBUG V4L2Compat v4l2_camera_proxy.cpp:691 [/dev/video1 (fd:205)] vidioc_dqbuf()
[0:02:14.436702454] [3568] DEBUG V4L2Compat v4l2_camera_proxy.cpp:659 [/dev/video1 (fd:205)] vidioc_qbuf(index=1)
[0:02:14.437792777] [3565] DEBUG V4L2 v4l2_videodevice.cpp:1783 /dev/video1[200:cap]: Queueing buffer 1
[0:02:14.455416262] [3565] DEBUG V4L2 v4l2_videodevice.cpp:1855 /dev/video1[200:cap]: Dequeuing buffer 2
[0:02:14.455764157] [3568] DEBUG V4L2Compat v4l2_camera_proxy.cpp:691 [/dev/video1 (fd:205)] vidioc_dqbuf()
[0:02:14.470803600] [3568] DEBUG V4L2Compat v4l2_camera_proxy.cpp:659 [/dev/video1 (fd:205)] vidioc_qbuf(index=2)
[0:02:14.472305381] [3565] DEBUG V4L2 v4l2_videodevice.cpp:1783 /dev/video1[200:cap]: Queueing buffer 2
[0:02:14.488930133] [3565] DEBUG V4L2 v4l2_videodevice.cpp:1855 /dev/video1[200:cap]: Dequeuing buffer 3
[0:02:14.489388193] [3568] DEBUG V4L2Compat v4l2_camera_proxy.cpp:691 [/dev/video1 (fd:205)] vidioc_dqbuf()
[0:02:14.506567869] [3568] DEBUG V4L2Compat v4l2_camera_proxy.cpp:659 [/dev/video1 (fd:205)] vidioc_qbuf(index=3)
[0:02:14.507750006] [3565] DEBUG V4L2 v4l2_videodevice.cpp:1783 /dev/video1[200:cap]: Queueing buffer 3
[0:02:14.521845379] [3565] DEBUG V4L2 v4l2_videodevice.cpp:1855 /dev/video1[200:cap]: Dequeuing buffer 0
[0:02:14.523224883] [3568] DEBUG V4L2Compat v4l2_camera_proxy.cpp:691 [/dev/video1 (fd:205)] vidioc_dqbuf()
[0:02:14.539899023] [3568] DEBUG V4L2Compat v4l2_camera_proxy.cpp:659 [/dev/video1 (fd:205)] vidioc_qbuf(index=0)
[0:02:14.541253915] [3565] DEBUG V4L2 v4l2_videodevice.cpp:1783 /dev/video1[200:cap]: Queueing buffer 0
[0:02:14.555160121] [3565] DEBUG V4L2 v4l2_videodevice.cpp:1855 /dev/video1[200:cap]: Dequeuing buffer 1
[0:02:14.555503016] [3568] DEBUG V4L2Compat v4l2_camera_proxy.cpp:691 [/dev/video1 (fd:205)] vidioc_dqbuf()
[0:02:14.567284565] [3568] DEBUG V4L2Compat v4l2_camera_proxy.cpp:659 [/dev/video1 (fd:205)] vidioc_qbuf(index=1)
[0:02:14.568182497] [3565] DEBUG V4L2 v4l2_videodevice.cpp:1783 /dev/video1[200:cap]: Queueing buffer 1
[0:02:14.588686618] [3565] DEBUG V4L2 v4l2_videodevice.cpp:1855 /dev/video1[200:cap]: Dequeuing buffer 2
[0:02:14.589235104] [3568] DEBUG V4L2Compat v4l2_camera_proxy.cpp:691 [/dev/video1 (fd:205)] vidioc_dqbuf()
[0:02:14.597808561] [3568] DEBUG V4L2Compat v4l2_camera_proxy.cpp:659 [/dev/video1 (fd:205)] vidioc_qbuf(index=2)
[0:02:14.598659704] [3565] DEBUG V4L2 v4l2_videodevice.cpp:1783 /dev/video1[200:cap]: Queueing buffer 2
[0:02:14.621875719] [3565] DEBUG V4L2 v4l2_videodevice.cpp:1855 /dev/video1[200:cap]: Dequeuing buffer 3
[0:02:14.622257115] [3568] DEBUG V4L2Compat v4l2_camera_proxy.cpp:691 [/dev/video1 (fd:205)] vidioc_dqbuf()
[0:02:14.632331828] [3568] DEBUG V4L2Compat v4l2_camera_proxy.cpp:659 [/dev/video1 (fd:205)] vidioc_qbuf(index=3)
[0:02:14.633429351] [3565] DEBUG V4L2 v4l2_videodevice.cpp:1783 /dev/video1[200:cap]: Queueing buffer 3
[0:02:14.654990007] [3565] DEBUG V4L2 v4l2_videodevice.cpp:1855 /dev/video1[200:cap]: Dequeuing buffer 0
[0:02:14.655803462] [3568] DEBUG V4L2Compat v4l2_camera_proxy.cpp:691 [/dev/video1 (fd:205)] vidioc_dqbuf()
[0:02:14.667198315] [3568] DEBUG V4L2Compat v4l2_camera_proxy.cpp:659 [/dev/video1 (fd:205)] vidioc_qbuf(index=0)
[0:02:14.668281401] [3565] DEBUG V4L2 v4l2_videodevice.cpp:1783 /dev/video1[200:cap]: Queueing buffer 0
[0:02:14.688241348] [3565] DEBUG V4L2 v4l2_videodevice.cpp:1855 /dev/video1[200:cap]: Dequeuing buffer 1
[0:02:14.688634406] [3568] DEBUG V4L2Compat v4l2_camera_proxy.cpp:691 [/dev/video1 (fd:205)] vidioc_dqbuf()
[0:02:14.694262738] [3568] DEBUG V4L2Compat v4l2_camera_proxy.cpp:659 [/dev/video1 (fd:205)] vidioc_qbuf(index=1)
[0:02:14.694917839] [3565] DEBUG V4L2 v4l2_videodevice.cpp:1783 /dev/video1[200:cap]: Queueing buffer 1
[0:02:14.721434387] [3565] DEBUG V4L2 v4l2_videodevice.cpp:1855 /dev/video1[200:cap]: Dequeuing buffer 2
[0:02:14.721822896] [3568] DEBUG V4L2Compat v4l2_camera_proxy.cpp:691 [/dev/video1 (fd:205)] vidioc_dqbuf()
[0:02:14.735432933] [3568] DEBUG V4L2Compat v4l2_camera_proxy.cpp:659 [/dev/video1 (fd:205)] vidioc_qbuf(index=2)
[0:02:14.736375691] [3565] DEBUG V4L2 v4l2_videodevice.cpp:1783 /dev/video1[200:cap]: Queueing buffer 2
[0:02:14.754590214] [3565] DEBUG V4L2 v4l2_videodevice.cpp:1855 /dev/video1[200:cap]: Dequeuing buffer 3
[0:02:14.754947859] [3568] DEBUG V4L2Compat v4l2_camera_proxy.cpp:691 [/dev/video1 (fd:205)] vidioc_dqbuf()
[0:02:14.771655687] [3568] DEBUG V4L2Compat v4l2_camera_proxy.cpp:659 [/dev/video1 (fd:205)] vidioc_qbuf(index=3)
[0:02:14.772871225] [3565] DEBUG V4L2 v4l2_videodevice.cpp:1783 /dev/video1[200:cap]: Queueing buffer 3
[0:02:14.787964919] [3565] DEBUG V4L2 v4l2_videodevice.cpp:1855 /dev/video1[200:cap]: Dequeuing buffer 0
[0:02:14.788346390] [3568] DEBUG V4L2Compat v4l2_camera_proxy.cpp:691 [/dev/video1 (fd:205)] vidioc_dqbuf()
[0:02:14.794422406] [3568] DEBUG V4L2Compat v4l2_camera_proxy.cpp:659 [/dev/video1 (fd:205)] vidioc_qbuf(index=0)
[0:02:14.794966217] [3565] DEBUG V4L2 v4l2_videodevice.cpp:1783 /dev/video1[200:cap]: Queueing buffer 0
[0:02:14.821226660] [3565] DEBUG V4L2 v4l2_videodevice.cpp:1855 /dev/video1[200:cap]: Dequeuing buffer 1
[0:02:14.821609531] [3568] DEBUG V4L2Compat v4l2_camera_proxy.cpp:691 [/dev/video1 (fd:205)] vidioc_dqbuf()
[0:02:14.835106091] [3568] DEBUG V4L2Compat v4l2_camera_proxy.cpp:659 [/dev/video1 (fd:205)] vidioc_qbuf(index=1)
[0:02:14.836086112] [3565] DEBUG V4L2 v4l2_videodevice.cpp:1783 /dev/video1[200:cap]: Queueing buffer 1
[0:02:14.854238296] [3565] DEBUG V4L2 v4l2_videodevice.cpp:1855 /dev/video1[200:cap]: Dequeuing buffer 2
[0:02:14.854592728] [3568] DEBUG V4L2Compat v4l2_camera_proxy.cpp:691 [/dev/video1 (fd:205)] vidioc_dqbuf()
[0:02:14.860755159] [3568] DEBUG V4L2Compat v4l2_camera_proxy.cpp:659 [/dev/video1 (fd:205)] vidioc_qbuf(index=2)
[0:02:14.861425723] [3565] DEBUG V4L2 v4l2_videodevice.cpp:1783 /dev/video1[200:cap]: Queueing buffer 2
[0:02:14.887315195] [3565] DEBUG V4L2 v4l2_videodevice.cpp:1855 /dev/video1[200:cap]: Dequeuing buffer 3
[0:02:14.887664128] [3568] DEBUG V4L2Compat v4l2_camera_proxy.cpp:691 [/dev/video1 (fd:205)] vidioc_dqbuf()
[0:02:14.898357966] [3568] DEBUG V4L2Compat v4l2_camera_proxy.cpp:659 [/dev/video1 (fd:205)] vidioc_qbuf(index=3)
[0:02:14.899118945] [3565] DEBUG V4L2 v4l2_videodevice.cpp:1783 /dev/video1[200:cap]: Queueing buffer 3
[0:02:14.920736365] [3565] DEBUG V4L2 v4l2_videodevice.cpp:1855 /dev/video1[200:cap]: Dequeuing buffer 0
[0:02:14.923111190] [3568] DEBUG V4L2Compat v4l2_camera_proxy.cpp:691 [/dev/video1 (fd:205)] vidioc_dqbuf()
[0:02:14.931670546] [3568] DEBUG V4L2Compat v4l2_camera_proxy.cpp:659 [/dev/video1 (fd:205)] vidioc_qbuf(index=0)
[0:02:14.933333844] [3565] DEBUG V4L2 v4l2_videodevice.cpp:1783 /dev/video1[200:cap]: Queueing buffer 0
[0:02:14.953726087] [3565] DEBUG V4L2 v4l2_videodevice.cpp:1855 /dev/video1[200:cap]: Dequeuing buffer 1
[0:02:14.954155709] [3568] DEBUG V4L2Compat v4l2_camera_proxy.cpp:691 [/dev/video1 (fd:205)] vidioc_dqbuf()
[0:02:14.961177870] [3568] DEBUG V4L2Compat v4l2_camera_proxy.cpp:659 [/dev/video1 (fd:205)] vidioc_qbuf(index=1)
[0:02:14.962258343] [3565] DEBUG V4L2 v4l2_videodevice.cpp:1783 /dev/video1[200:cap]: Queueing buffer 1
[0:02:14.987580778] [3565] DEBUG V4L2 v4l2_videodevice.cpp:1855 /dev/video1[200:cap]: Dequeuing buffer 2
[0:02:14.988475260] [3568] DEBUG V4L2Compat v4l2_camera_proxy.cpp:691 [/dev/video1 (fd:205)] vidioc_dqbuf()
[0:02:14.996118734] [3568] DEBUG V4L2Compat v4l2_camera_proxy.cpp:659 [/dev/video1 (fd:205)] vidioc_qbuf(index=2)
[0:02:14.996783835] [3565] DEBUG V4L2 v4l2_videodevice.cpp:1783 /dev/video1[200:cap]: Queueing buffer 2
[0:02:15.020348209] [3565] DEBUG V4L2 v4l2_videodevice.cpp:1855 /dev/video1[200:cap]: Dequeuing buffer 3
[0:02:15.023435274] [3568] DEBUG V4L2Compat v4l2_camera_proxy.cpp:691 [/dev/video1 (fd:205)] vidioc_dqbuf()
[0:02:15.041265314] [3568] DEBUG V4L2Compat v4l2_camera_proxy.cpp:659 [/dev/video1 (fd:205)] vidioc_qbuf(index=3)
[0:02:15.043439735] [3565] DEBUG V4L2 v4l2_videodevice.cpp:1783 /dev/video1[200:cap]: Queueing buffer 3
[0:02:15.053639475] [3565] DEBUG V4L2 v4l2_videodevice.cpp:1855 /dev/video1[200:cap]: Dequeuing buffer 0
[0:02:15.054271551] [3568] DEBUG V4L2Compat v4l2_camera_proxy.cpp:691 [/dev/video1 (fd:205)] vidioc_dqbuf()
[0:02:15.060393168] [3568] DEBUG V4L2Compat v4l2_camera_proxy.cpp:659 [/dev/video1 (fd:205)] vidioc_qbuf(index=0)
[0:02:15.061374376] [3565] DEBUG V4L2 v4l2_videodevice.cpp:1783 /dev/video1[200:cap]: Queueing buffer 0
[0:02:15.086930804] [3565] DEBUG V4L2 v4l2_videodevice.cpp:1855 /dev/video1[200:cap]: Dequeuing buffer 1
[0:02:15.087982902] [3568] DEBUG V4L2Compat v4l2_camera_proxy.cpp:691 [/dev/video1 (fd:205)] vidioc_dqbuf()
[0:02:15.103160135] [3568] DEBUG V4L2Compat v4l2_camera_proxy.cpp:659 [/dev/video1 (fd:205)] vidioc_qbuf(index=1)
[0:02:15.104149856] [3565] DEBUG V4L2 v4l2_videodevice.cpp:1783 /dev/video1[200:cap]: Queueing buffer 1
[0:02:15.119827150] [3565] DEBUG V4L2 v4l2_videodevice.cpp:1855 /dev/video1[200:cap]: Dequeuing buffer 2
[0:02:15.120571341] [3568] DEBUG V4L2Compat v4l2_camera_proxy.cpp:691 [/dev/video1 (fd:205)] vidioc_dqbuf()
[0:02:15.132124498] [3568] DEBUG V4L2Compat v4l2_camera_proxy.cpp:659 [/dev/video1 (fd:205)] vidioc_qbuf(index=2)
[0:02:15.133261622] [3565] DEBUG V4L2 v4l2_videodevice.cpp:1783 /dev/video1[200:cap]: Queueing buffer 2
[0:02:15.153252782] [3565] DEBUG V4L2 v4l2_videodevice.cpp:1855 /dev/video1[200:cap]: Dequeuing buffer 3
[0:02:15.153945897] [3568] DEBUG V4L2Compat v4l2_camera_proxy.cpp:691 [/dev/video1 (fd:205)] vidioc_dqbuf()
[0:02:15.171183174] [3568] DEBUG V4L2Compat v4l2_camera_proxy.cpp:659 [/dev/video1 (fd:205)] vidioc_qbuf(index=3)
[0:02:15.172243483] [3565] DEBUG V4L2 v4l2_videodevice.cpp:1783 /dev/video1[200:cap]: Queueing buffer 3
[0:02:15.186302606] [3565] DEBUG V4L2 v4l2_videodevice.cpp:1855 /dev/video1[200:cap]: Dequeuing buffer 0
[0:02:15.186872693] [3568] DEBUG V4L2Compat v4l2_camera_proxy.cpp:691 [/dev/video1 (fd:205)] vidioc_dqbuf()
[0:02:15.200068734] [3568] DEBUG V4L2Compat v4l2_camera_proxy.cpp:659 [/dev/video1 (fd:205)] vidioc_qbuf(index=0)
[0:02:15.201098019] [3565] DEBUG V4L2 v4l2_videodevice.cpp:1783 /dev/video1[200:cap]: Queueing buffer 0
[0:02:15.219808989] [3565] DEBUG V4L2 v4l2_videodevice.cpp:1855 /dev/video1[200:cap]: Dequeuing buffer 1
[0:02:15.220813661] [3568] DEBUG V4L2Compat v4l2_camera_proxy.cpp:691 [/dev/video1 (fd:205)] vidioc_dqbuf()
[0:02:15.237859021] [3568] DEBUG V4L2Compat v4l2_camera_proxy.cpp:659 [/dev/video1 (fd:205)] vidioc_qbuf(index=1)
[0:02:15.238925669] [3565] DEBUG V4L2 v4l2_videodevice.cpp:1783 /dev/video1[200:cap]: Queueing buffer 1
[0:02:15.252893752] [3565] DEBUG V4L2 v4l2_videodevice.cpp:1855 /dev/video1[200:cap]: Dequeuing buffer 2
[0:02:15.253660518] [3568] DEBUG V4L2Compat v4l2_camera_proxy.cpp:691 [/dev/video1 (fd:205)] vidioc_dqbuf()
[0:02:15.267731578] [3568] DEBUG V4L2Compat v4l2_camera_proxy.cpp:659 [/dev/video1 (fd:205)] vidioc_qbuf(index=2)
[0:02:15.268829363] [3565] DEBUG V4L2 v4l2_videodevice.cpp:1783 /dev/video1[200:cap]: Queueing buffer 2
[0:02:15.286275282] [3565] DEBUG V4L2 v4l2_videodevice.cpp:1855 /dev/video1[200:cap]: Dequeuing buffer 3
[0:02:15.287258616] [3568] DEBUG V4L2Compat v4l2_camera_proxy.cpp:691 [/dev/video1 (fd:205)] vidioc_dqbuf()
[0:02:15.304852038] [3568] DEBUG V4L2Compat v4l2_camera_proxy.cpp:659 [/dev/video1 (fd:205)] vidioc_qbuf(index=3)
[0:02:15.306620963] [3565] DEBUG V4L2 v4l2_videodevice.cpp:1783 /dev/video1[200:cap]: Queueing buffer 3
[0:02:15.319238917] [3565] DEBUG V4L2 v4l2_videodevice.cpp:1855 /dev/video1[200:cap]: Dequeuing buffer 0
[0:02:15.319692964] [3568] DEBUG V4L2Compat v4l2_camera_proxy.cpp:691 [/dev/video1 (fd:205)] vidioc_dqbuf()
[0:02:15.336918416] [3568] DEBUG V4L2Compat v4l2_camera_proxy.cpp:659 [/dev/video1 (fd:205)] vidioc_qbuf(index=0)
[0:02:15.337978288] [3565] DEBUG V4L2 v4l2_videodevice.cpp:1783 /dev/video1[200:cap]: Queueing buffer 0
[0:02:15.352307041] [3565] DEBUG V4L2 v4l2_videodevice.cpp:1855 /dev/video1[200:cap]: Dequeuing buffer 1
[0:02:15.352878216] [3568] DEBUG V4L2Compat v4l2_camera_proxy.cpp:691 [/dev/video1 (fd:205)] vidioc_dqbuf()
[0:02:15.369257362] [3568] DEBUG V4L2Compat v4l2_camera_proxy.cpp:659 [/dev/video1 (fd:205)] vidioc_qbuf(index=1)
[0:02:15.370481876] [3565] DEBUG V4L2 v4l2_videodevice.cpp:1783 /dev/video1[200:cap]: Queueing buffer 1
[0:02:15.385695172] [3565] DEBUG V4L2 v4l2_videodevice.cpp:1855 /dev/video1[200:cap]: Dequeuing buffer 2
[0:02:15.386243634] [3568] DEBUG V4L2Compat v4l2_camera_proxy.cpp:691 [/dev/video1 (fd:205)] vidioc_dqbuf()
[0:02:15.403733041] [3568] DEBUG V4L2Compat v4l2_camera_proxy.cpp:659 [/dev/video1 (fd:205)] vidioc_qbuf(index=2)
[0:02:15.405611144] [3565] DEBUG V4L2 v4l2_videodevice.cpp:1783 /dev/video1[200:cap]: Queueing buffer 2
[0:02:15.418979451] [3565] DEBUG V4L2 v4l2_videodevice.cpp:1855 /dev/video1[200:cap]: Dequeuing buffer 3
[0:02:15.419431048] [3568] DEBUG V4L2Compat v4l2_camera_proxy.cpp:691 [/dev/video1 (fd:205)] vidioc_dqbuf()
[0:02:15.429251231] [3568] DEBUG V4L2Compat v4l2_camera_proxy.cpp:659 [/dev/video1 (fd:205)] vidioc_qbuf(index=3)
[0:02:15.430495332] [3565] DEBUG V4L2 v4l2_videodevice.cpp:1783 /dev/video1[200:cap]: Queueing buffer 3
[0:02:15.452253405] [3565] DEBUG V4L2 v4l2_videodevice.cpp:1855 /dev/video1[200:cap]: Dequeuing buffer 0
[0:02:15.452661176] [3568] DEBUG V4L2Compat v4l2_camera_proxy.cpp:691 [/dev/video1 (fd:205)] vidioc_dqbuf()
[0:02:15.468872019] [3568] DEBUG V4L2Compat v4l2_camera_proxy.cpp:659 [/dev/video1 (fd:205)] vidioc_qbuf(index=0)
[0:02:15.469827377] [3565] DEBUG V4L2 v4l2_videodevice.cpp:1783 /dev/video1[200:cap]: Queueing buffer 0
[0:02:15.484984422] [3565] DEBUG V4L2 v4l2_videodevice.cpp:1855 /dev/video1[200:cap]: Dequeuing buffer 1
[0:02:15.485390593] [3568] DEBUG V4L2Compat v4l2_camera_proxy.cpp:691 [/dev/video1 (fd:205)] vidioc_dqbuf()
[0:02:15.498212439] [3568] DEBUG V4L2Compat v4l2_camera_proxy.cpp:659 [/dev/video1 (fd:205)] vidioc_qbuf(index=1)
[0:02:15.499359239] [3565] DEBUG V4L2 v4l2_videodevice.cpp:1783 /dev/video1[200:cap]: Queueing buffer 1
[0:02:15.518588458] [3565] DEBUG V4L2 v4l2_videodevice.cpp:1855 /dev/video1[200:cap]: Dequeuing buffer 2
[0:02:15.520721203] [3568] DEBUG V4L2Compat v4l2_camera_proxy.cpp:691 [/dev/video1 (fd:205)] vidioc_dqbuf()
[0:02:15.538423090] [3568] DEBUG V4L2Compat v4l2_camera_proxy.cpp:659 [/dev/video1 (fd:205)] vidioc_qbuf(index=2)
[0:02:15.539401448] [3565] DEBUG V4L2 v4l2_videodevice.cpp:1783 /dev/video1[200:cap]: Queueing buffer 2
[0:02:15.551624806] [3565] DEBUG V4L2 v4l2_videodevice.cpp:1855 /dev/video1[200:cap]: Dequeuing buffer 3
[0:02:15.552128692] [3568] DEBUG V4L2Compat v4l2_camera_proxy.cpp:691 [/dev/video1 (fd:205)] vidioc_dqbuf()
[0:02:15.564660095] [3568] DEBUG V4L2Compat v4l2_camera_proxy.cpp:659 [/dev/video1 (fd:205)] vidioc_qbuf(index=3)
[0:02:15.565713692] [3565] DEBUG V4L2 v4l2_videodevice.cpp:1783 /dev/video1[200:cap]: Queueing buffer 3
[0:02:15.584774570] [3565] DEBUG V4L2 v4l2_videodevice.cpp:1855 /dev/video1[200:cap]: Dequeuing buffer 0
[0:02:15.585413221] [3568] DEBUG V4L2Compat v4l2_camera_proxy.cpp:691 [/dev/video1 (fd:205)] vidioc_dqbuf()
[0:02:15.604116292] [3568] DEBUG V4L2Compat v4l2_camera_proxy.cpp:659 [/dev/video1 (fd:205)] vidioc_qbuf(index=0)
[0:02:15.605274691] [3565] DEBUG V4L2 v4l2_videodevice.cpp:1783 /dev/video1[200:cap]: Queueing buffer 0
[0:02:15.618200764] [3565] DEBUG V4L2 v4l2_videodevice.cpp:1855 /dev/video1[200:cap]: Dequeuing buffer 1
[0:02:15.618583135] [3568] DEBUG V4L2Compat v4l2_camera_proxy.cpp:691 [/dev/video1 (fd:205)] vidioc_dqbuf()
[0:02:15.631825415] [3568] DEBUG V4L2Compat v4l2_camera_proxy.cpp:659 [/dev/video1 (fd:205)] vidioc_qbuf(index=1)
[0:02:15.632941801] [3565] DEBUG V4L2 v4l2_videodevice.cpp:1783 /dev/video1[200:cap]: Queueing buffer 1
[0:02:15.651386291] [3565] DEBUG V4L2 v4l2_videodevice.cpp:1855 /dev/video1[200:cap]: Dequeuing buffer 2
[0:02:15.652130944] [3568] DEBUG V4L2Compat v4l2_camera_proxy.cpp:691 [/dev/video1 (fd:205)] vidioc_dqbuf()
[0:02:15.666116603] [3568] DEBUG V4L2Compat v4l2_camera_proxy.cpp:659 [/dev/video1 (fd:205)] vidioc_qbuf(index=2)
[0:02:15.667367754] [3565] DEBUG V4L2 v4l2_videodevice.cpp:1783 /dev/video1[200:cap]: Queueing buffer 2
[0:02:15.684413490] [3565] DEBUG V4L2 v4l2_videodevice.cpp:1855 /dev/video1[200:cap]: Dequeuing buffer 3
[0:02:15.685196781] [3568] DEBUG V4L2Compat v4l2_camera_proxy.cpp:691 [/dev/video1 (fd:205)] vidioc_dqbuf()
[0:02:15.701513164] [3568] DEBUG V4L2Compat v4l2_camera_proxy.cpp:659 [/dev/video1 (fd:205)] vidioc_qbuf(index=3)
[0:02:15.704558278] [3565] DEBUG V4L2 v4l2_videodevice.cpp:1783 /dev/video1[200:cap]: Queueing buffer 3
[0:02:15.717814196] [3565] DEBUG V4L2 v4l2_videodevice.cpp:1855 /dev/video1[200:cap]: Dequeuing buffer 0
[0:02:15.718451222] [3568] DEBUG V4L2Compat v4l2_camera_proxy.cpp:691 [/dev/video1 (fd:205)] vidioc_dqbuf()
[0:02:15.730473864] [3568] DEBUG V4L2Compat v4l2_camera_proxy.cpp:659 [/dev/video1 (fd:205)] vidioc_qbuf(index=0)
[0:02:15.731837118] [3565] DEBUG V4L2 v4l2_videodevice.cpp:1783 /dev/video1[200:cap]: Queueing buffer 0
[0:02:15.751174051] [3565] DEBUG V4L2 v4l2_videodevice.cpp:1855 /dev/video1[200:cap]: Dequeuing buffer 1
[0:02:15.751795464] [3568] DEBUG V4L2Compat v4l2_camera_proxy.cpp:691 [/dev/video1 (fd:205)] vidioc_dqbuf()
[0:02:15.758965866] [3568] DEBUG V4L2Compat v4l2_camera_proxy.cpp:659 [/dev/video1 (fd:205)] vidioc_qbuf(index=1)
[0:02:15.759712307] [3565] DEBUG V4L2 v4l2_videodevice.cpp:1783 /dev/video1[200:cap]: Queueing buffer 1
[0:02:15.784184999] [3565] DEBUG V4L2 v4l2_videodevice.cpp:1855 /dev/video1[200:cap]: Dequeuing buffer 2
[0:02:15.784908777] [3568] DEBUG V4L2Compat v4l2_camera_proxy.cpp:691 [/dev/video1 (fd:205)] vidioc_dqbuf()
[0:02:15.800930754] [3568] DEBUG V4L2Compat v4l2_camera_proxy.cpp:659 [/dev/video1 (fd:205)] vidioc_qbuf(index=2)
[0:02:15.802176542] [3565] DEBUG V4L2 v4l2_videodevice.cpp:1783 /dev/video1[200:cap]: Queueing buffer 2
[0:02:15.817768822] [3565] DEBUG V4L2 v4l2_videodevice.cpp:1855 /dev/video1[200:cap]: Dequeuing buffer 3
[0:02:15.818479737] [3568] DEBUG V4L2Compat v4l2_camera_proxy.cpp:691 [/dev/video1 (fd:205)] vidioc_dqbuf()
[0:02:15.834239308] [3568] DEBUG V4L2Compat v4l2_camera_proxy.cpp:659 [/dev/video1 (fd:205)] vidioc_qbuf(index=3)
[0:02:15.835271617] [3565] DEBUG V4L2 v4l2_videodevice.cpp:1783 /dev/video1[200:cap]: Queueing buffer 3
[0:02:15.852252151] [3565] DEBUG V4L2 v4l2_videodevice.cpp:1855 /dev/video1[200:cap]: Dequeuing buffer 0
[0:02:15.853280636] [3568] DEBUG V4L2Compat v4l2_camera_proxy.cpp:691 [/dev/video1 (fd:205)] vidioc_dqbuf()
[0:02:15.867310507] [3568] DEBUG V4L2Compat v4l2_camera_proxy.cpp:659 [/dev/video1 (fd:205)] vidioc_qbuf(index=0)
[0:02:15.868519921] [3565] DEBUG V4L2 v4l2_videodevice.cpp:1783 /dev/video1[200:cap]: Queueing buffer 0
[0:02:15.884166701] [3565] DEBUG V4L2 v4l2_videodevice.cpp:1855 /dev/video1[200:cap]: Dequeuing buffer 1
[0:02:15.884942518] [3568] DEBUG V4L2Compat v4l2_camera_proxy.cpp:691 [/dev/video1 (fd:205)] vidioc_dqbuf()
[0:02:15.894293791] [3568] DEBUG V4L2Compat v4l2_camera_proxy.cpp:659 [/dev/video1 (fd:205)] vidioc_qbuf(index=1)
[0:02:15.895280836] [3565] DEBUG V4L2 v4l2_videodevice.cpp:1783 /dev/video1[200:cap]: Queueing buffer 1
[0:02:15.917405067] [3565] DEBUG V4L2 v4l2_videodevice.cpp:1855 /dev/video1[200:cap]: Dequeuing buffer 2
[0:02:15.918063593] [3568] DEBUG V4L2Compat v4l2_camera_proxy.cpp:691 [/dev/video1 (fd:205)] vidioc_dqbuf()
[0:02:15.926303005] [3568] DEBUG V4L2Compat v4l2_camera_proxy.cpp:659 [/dev/video1 (fd:205)] vidioc_qbuf(index=2)
[0:02:15.927198586] [3565] DEBUG V4L2 v4l2_videodevice.cpp:1783 /dev/video1[200:cap]: Queueing buffer 2
[0:02:15.950326426] [3565] DEBUG V4L2 v4l2_videodevice.cpp:1855 /dev/video1[200:cap]: Dequeuing buffer 3
[0:02:15.950936563] [3568] DEBUG V4L2Compat v4l2_camera_proxy.cpp:691 [/dev/video1 (fd:205)] vidioc_dqbuf()
[0:02:15.961143542] [3568] DEBUG V4L2Compat v4l2_camera_proxy.cpp:659 [/dev/video1 (fd:205)] vidioc_qbuf(index=3)
[0:02:15.962101037] [3565] DEBUG V4L2 v4l2_videodevice.cpp:1783 /dev/video1[200:cap]: Queueing buffer 3
[0:02:15.983547141] [3565] DEBUG V4L2 v4l2_videodevice.cpp:1855 /dev/video1[200:cap]: Dequeuing buffer 0
[0:02:15.984294869] [3568] DEBUG V4L2Compat v4l2_camera_proxy.cpp:691 [/dev/video1 (fd:205)] vidioc_dqbuf()
[0:02:15.994452421] [3568] DEBUG V4L2Compat v4l2_camera_proxy.cpp:659 [/dev/video1 (fd:205)] vidioc_qbuf(index=0)
[0:02:15.996800108] [3565] DEBUG V4L2 v4l2_videodevice.cpp:1783 /dev/video1[200:cap]: Queueing buffer 0
[0:02:16.016743105] [3565] DEBUG V4L2 v4l2_videodevice.cpp:1855 /dev/video1[200:cap]: Dequeuing buffer 1
[0:02:16.019730968] [3568] DEBUG V4L2Compat v4l2_camera_proxy.cpp:691 [/dev/video1 (fd:205)] vidioc_dqbuf()
[0:02:16.034518031] [3568] DEBUG V4L2Compat v4l2_camera_proxy.cpp:659 [/dev/video1 (fd:205)] vidioc_qbuf(index=1)
[0:02:16.035728644] [3565] DEBUG V4L2 v4l2_videodevice.cpp:1783 /dev/video1[200:cap]: Queueing buffer 1
[0:02:16.049880631] [3565] DEBUG V4L2 v4l2_videodevice.cpp:1855 /dev/video1[200:cap]: Dequeuing buffer 2
[0:02:16.050709536] [3568] DEBUG V4L2Compat v4l2_camera_proxy.cpp:691 [/dev/video1 (fd:205)] vidioc_dqbuf()
[0:02:16.056332305] [3568] DEBUG V4L2Compat v4l2_camera_proxy.cpp:659 [/dev/video1 (fd:205)] vidioc_qbuf(index=2)
[0:02:16.057079258] [3565] DEBUG V4L2 v4l2_videodevice.cpp:1783 /dev/video1[200:cap]: Queueing buffer 2
[0:02:16.083174960] [3565] DEBUG V4L2 v4l2_videodevice.cpp:1855 /dev/video1[200:cap]: Dequeuing buffer 3
[0:02:16.083867662] [3568] DEBUG V4L2Compat v4l2_camera_proxy.cpp:691 [/dev/video1 (fd:205)] vidioc_dqbuf()
[0:02:16.097076554] [3568] DEBUG V4L2Compat v4l2_camera_proxy.cpp:659 [/dev/video1 (fd:205)] vidioc_qbuf(index=3)
[0:02:16.097983811] [3565] DEBUG V4L2 v4l2_videodevice.cpp:1783 /dev/video1[200:cap]: Queueing buffer 3
[0:02:16.116346286] [3565] DEBUG V4L2 v4l2_videodevice.cpp:1855 /dev/video1[200:cap]: Dequeuing buffer 0
[0:02:16.116993888] [3568] DEBUG V4L2Compat v4l2_camera_proxy.cpp:691 [/dev/video1 (fd:205)] vidioc_dqbuf()
[0:02:16.132193384] [3568] DEBUG V4L2Compat v4l2_camera_proxy.cpp:659 [/dev/video1 (fd:205)] vidioc_qbuf(index=0)
[0:02:16.133329933] [3565] DEBUG V4L2 v4l2_videodevice.cpp:1783 /dev/video1[200:cap]: Queueing buffer 0
[0:02:16.149483050] [3565] DEBUG V4L2 v4l2_videodevice.cpp:1855 /dev/video1[200:cap]: Dequeuing buffer 1
[0:02:16.150063562] [3568] DEBUG V4L2Compat v4l2_camera_proxy.cpp:691 [/dev/video1 (fd:205)] vidioc_dqbuf()
[0:02:16.165624179] [3568] DEBUG V4L2Compat v4l2_camera_proxy.cpp:659 [/dev/video1 (fd:205)] vidioc_qbuf(index=1)
[0:02:16.166737615] [3565] DEBUG V4L2 v4l2_videodevice.cpp:1783 /dev/video1[200:cap]: Queueing buffer 1
[0:02:16.182816880] [3565] DEBUG V4L2 v4l2_videodevice.cpp:1855 /dev/video1[200:cap]: Dequeuing buffer 2
[0:02:16.183965654] [3568] DEBUG V4L2Compat v4l2_camera_proxy.cpp:691 [/dev/video1 (fd:205)] vidioc_dqbuf()
[0:02:16.199837840] [3568] DEBUG V4L2Compat v4l2_camera_proxy.cpp:659 [/dev/video1 (fd:205)] vidioc_qbuf(index=2)
[0:02:16.201097254] [3565] DEBUG V4L2 v4l2_videodevice.cpp:1783 /dev/video1[200:cap]: Queueing buffer 2
[0:02:16.215820815] [3565] DEBUG V4L2 v4l2_videodevice.cpp:1855 /dev/video1[200:cap]: Dequeuing buffer 3
[0:02:16.216526130] [3568] DEBUG V4L2Compat v4l2_camera_proxy.cpp:691 [/dev/video1 (fd:205)] vidioc_dqbuf()
[0:02:16.229719897] [3568] DEBUG V4L2Compat v4l2_camera_proxy.cpp:659 [/dev/video1 (fd:205)] vidioc_qbuf(index=3)
[0:02:16.230876484] [3565] DEBUG V4L2 v4l2_videodevice.cpp:1783 /dev/video1[200:cap]: Queueing buffer 3
[0:02:16.249192808] [3565] DEBUG V4L2 v4l2_videodevice.cpp:1855 /dev/video1[200:cap]: Dequeuing buffer 0
[0:02:16.249786058] [3568] DEBUG V4L2Compat v4l2_camera_proxy.cpp:691 [/dev/video1 (fd:205)] vidioc_dqbuf()
[0:02:16.264106961] [3568] DEBUG V4L2Compat v4l2_camera_proxy.cpp:659 [/dev/video1 (fd:205)] vidioc_qbuf(index=0)
[0:02:16.264655160] [3565] DEBUG V4L2 v4l2_videodevice.cpp:1783 /dev/video1[200:cap]: Queueing buffer 0
[0:02:16.282439349] [3565] DEBUG V4L2 v4l2_videodevice.cpp:1855 /dev/video1[200:cap]: Dequeuing buffer 1
[0:02:16.282940572] [3568] DEBUG V4L2Compat v4l2_camera_proxy.cpp:691 [/dev/video1 (fd:205)] vidioc_dqbuf()
[0:02:16.293876866] [3568] DEBUG V4L2Compat v4l2_camera_proxy.cpp:659 [/dev/video1 (fd:205)] vidioc_qbuf(index=1)
[0:02:16.297573594] [3565] DEBUG V4L2 v4l2_videodevice.cpp:1783 /dev/video1[200:cap]: Queueing buffer 1
[0:02:16.315570375] [3565] DEBUG V4L2 v4l2_videodevice.cpp:1855 /dev/video1[200:cap]: Dequeuing buffer 2
[0:02:16.316083423] [3568] DEBUG V4L2Compat v4l2_camera_proxy.cpp:691 [/dev/video1 (fd:205)] vidioc_dqbuf()
[0:02:16.326244575] [3568] DEBUG V4L2Compat v4l2_camera_proxy.cpp:659 [/dev/video1 (fd:205)] vidioc_qbuf(index=2)
[0:02:16.326839175] [3565] DEBUG V4L2 v4l2_videodevice.cpp:1783 /dev/video1[200:cap]: Queueing buffer 2
[0:02:16.348686075] [3565] DEBUG V4L2 v4l2_videodevice.cpp:1855 /dev/video1[200:cap]: Dequeuing buffer 3
[0:02:16.349349401] [3568] DEBUG V4L2Compat v4l2_camera_proxy.cpp:691 [/dev/video1 (fd:205)] vidioc_dqbuf()
[0:02:16.360735017] [3568] DEBUG V4L2Compat v4l2_camera_proxy.cpp:659 [/dev/video1 (fd:205)] vidioc_qbuf(index=3)
[0:02:16.361483783] [3565] DEBUG V4L2 v4l2_videodevice.cpp:1783 /dev/video1[200:cap]: Queueing buffer 3
[0:02:16.381866977] [3565] DEBUG V4L2 v4l2_videodevice.cpp:1855 /dev/video1[200:cap]: Dequeuing buffer 0
[0:02:16.386602014] [3568] DEBUG V4L2Compat v4l2_camera_proxy.cpp:691 [/dev/video1 (fd:205)] vidioc_dqbuf()
[0:02:16.400432432] [3568] DEBUG V4L2Compat v4l2_camera_proxy.cpp:659 [/dev/video1 (fd:205)] vidioc_qbuf(index=0)
[0:02:16.401115446] [3565] DEBUG V4L2 v4l2_videodevice.cpp:1783 /dev/video1[200:cap]: Queueing buffer 0
[0:02:16.415353335] [3565] DEBUG V4L2 v4l2_videodevice.cpp:1855 /dev/video1[200:cap]: Dequeuing buffer 1
[0:02:16.415828570] [3568] DEBUG V4L2Compat v4l2_camera_proxy.cpp:691 [/dev/video1 (fd:205)] vidioc_dqbuf()
[0:02:16.423192376] [3568] DEBUG V4L2Compat v4l2_camera_proxy.cpp:659 [/dev/video1 (fd:205)] vidioc_qbuf(index=1)
[0:02:16.423764788] [3565] DEBUG V4L2 v4l2_videodevice.cpp:1783 /dev/video1[200:cap]: Queueing buffer 1
[0:02:16.448553749] [3565] DEBUG V4L2 v4l2_videodevice.cpp:1855 /dev/video1[200:cap]: Dequeuing buffer 2
[0:02:16.448910257] [3568] DEBUG V4L2Compat v4l2_camera_proxy.cpp:691 [/dev/video1 (fd:205)] vidioc_dqbuf()
[0:02:16.456854012] [3568] DEBUG V4L2Compat v4l2_camera_proxy.cpp:659 [/dev/video1 (fd:205)] vidioc_qbuf(index=2)
[0:02:16.457623066] [3565] DEBUG V4L2 v4l2_videodevice.cpp:1783 /dev/video1[200:cap]: Queueing buffer 2
[0:02:16.481884267] [3565] DEBUG V4L2 v4l2_videodevice.cpp:1855 /dev/video1[200:cap]: Dequeuing buffer 3
[0:02:16.482944177] [3568] DEBUG V4L2Compat v4l2_camera_proxy.cpp:691 [/dev/video1 (fd:205)] vidioc_dqbuf()
[0:02:16.497448558] [3568] DEBUG V4L2Compat v4l2_camera_proxy.cpp:659 [/dev/video1 (fd:205)] vidioc_qbuf(index=3)
[0:02:16.498513931] [3565] DEBUG V4L2 v4l2_videodevice.cpp:1783 /dev/video1[200:cap]: Queueing buffer 3
[0:02:16.514964354] [3565] DEBUG V4L2 v4l2_videodevice.cpp:1855 /dev/video1[200:cap]: Dequeuing buffer 0
[0:02:16.516309832] [3568] DEBUG V4L2Compat v4l2_camera_proxy.cpp:691 [/dev/video1 (fd:205)] vidioc_dqbuf()
[0:02:16.526691239] [3568] DEBUG V4L2Compat v4l2_camera_proxy.cpp:659 [/dev/video1 (fd:205)] vidioc_qbuf(index=0)
[0:02:16.527550207] [3565] DEBUG V4L2 v4l2_videodevice.cpp:1783 /dev/video1[200:cap]: Queueing buffer 0
[0:02:16.548314359] [3565] DEBUG V4L2 v4l2_videodevice.cpp:1855 /dev/video1[200:cap]: Dequeuing buffer 1
[0:02:16.548762881] [3568] DEBUG V4L2Compat v4l2_camera_proxy.cpp:691 [/dev/video1 (fd:205)] vidioc_dqbuf()
[0:02:16.564990174] [3568] DEBUG V4L2Compat v4l2_camera_proxy.cpp:659 [/dev/video1 (fd:205)] vidioc_qbuf(index=1)
[0:02:16.566073810] [3565] DEBUG V4L2 v4l2_videodevice.cpp:1783 /dev/video1[200:cap]: Queueing buffer 1
[0:02:16.581573962] [3565] DEBUG V4L2 v4l2_videodevice.cpp:1855 /dev/video1[200:cap]: Dequeuing buffer 2
[0:02:16.582061648] [3568] DEBUG V4L2Compat v4l2_camera_proxy.cpp:691 [/dev/video1 (fd:205)] vidioc_dqbuf()
[0:02:16.598518696] [3568] DEBUG V4L2Compat v4l2_camera_proxy.cpp:659 [/dev/video1 (fd:205)] vidioc_qbuf(index=2)
[0:02:16.599615694] [3565] DEBUG V4L2 v4l2_videodevice.cpp:1783 /dev/video1[200:cap]: Queueing buffer 2
[0:02:16.614614224] [3565] DEBUG V4L2 v4l2_videodevice.cpp:1855 /dev/video1[200:cap]: Dequeuing buffer 3
[0:02:16.615104346] [3568] DEBUG V4L2Compat v4l2_camera_proxy.cpp:691 [/dev/video1 (fd:205)] vidioc_dqbuf()
[0:02:16.631187412] [3568] DEBUG V4L2Compat v4l2_camera_proxy.cpp:659 [/dev/video1 (fd:205)] vidioc_qbuf(index=3)
[0:02:16.632394537] [3565] DEBUG V4L2 v4l2_videodevice.cpp:1783 /dev/video1[200:cap]: Queueing buffer 3
[0:02:16.647531532] [3565] DEBUG V4L2 v4l2_videodevice.cpp:1855 /dev/video1[200:cap]: Dequeuing buffer 0
[0:02:16.647949166] [3568] DEBUG V4L2Compat v4l2_camera_proxy.cpp:691 [/dev/video1 (fd:205)] vidioc_dqbuf()
[0:02:16.663384030] [3568] DEBUG V4L2Compat v4l2_camera_proxy.cpp:659 [/dev/video1 (fd:205)] vidioc_qbuf(index=0)
[0:02:16.664590493] [3565] DEBUG V4L2 v4l2_videodevice.cpp:1783 /dev/video1[200:cap]: Queueing buffer 0
[0:02:16.680774923] [3565] DEBUG V4L2 v4l2_videodevice.cpp:1855 /dev/video1[200:cap]: Dequeuing buffer 1
[0:02:16.681260983] [3568] DEBUG V4L2Compat v4l2_camera_proxy.cpp:691 [/dev/video1 (fd:205)] vidioc_dqbuf()
[0:02:16.690494578] [3568] DEBUG V4L2Compat v4l2_camera_proxy.cpp:659 [/dev/video1 (fd:205)] vidioc_qbuf(index=1)
[0:02:16.691444861] [3565] DEBUG V4L2 v4l2_videodevice.cpp:1783 /dev/video1[200:cap]: Queueing buffer 1
[0:02:16.714042226] [3565] DEBUG V4L2 v4l2_videodevice.cpp:1855 /dev/video1[200:cap]: Dequeuing buffer 2
[0:02:16.714479785] [3568] DEBUG V4L2Compat v4l2_camera_proxy.cpp:691 [/dev/video1 (fd:205)] vidioc_dqbuf()
[0:02:16.731856278] [3568] DEBUG V4L2Compat v4l2_camera_proxy.cpp:659 [/dev/video1 (fd:205)] vidioc_qbuf(index=2)
[0:02:16.732973852] [3565] DEBUG V4L2 v4l2_videodevice.cpp:1783 /dev/video1[200:cap]: Queueing buffer 2
[0:02:16.747387694] [3565] DEBUG V4L2 v4l2_videodevice.cpp:1855 /dev/video1[200:cap]: Dequeuing buffer 3
[0:02:16.747777940] [3568] DEBUG V4L2Compat v4l2_camera_proxy.cpp:691 [/dev/video1 (fd:205)] vidioc_dqbuf()
[0:02:16.760148526] [3568] DEBUG V4L2Compat v4l2_camera_proxy.cpp:659 [/dev/video1 (fd:205)] vidioc_qbuf(index=3)
[0:02:16.761193436] [3565] DEBUG V4L2 v4l2_videodevice.cpp:1783 /dev/video1[200:cap]: Queueing buffer 3
[0:02:16.780484381] [3565] DEBUG V4L2 v4l2_videodevice.cpp:1855 /dev/video1[200:cap]: Dequeuing buffer 0
[0:02:16.780917328] [3568] DEBUG V4L2Compat v4l2_camera_proxy.cpp:691 [/dev/video1 (fd:205)] vidioc_dqbuf()
[0:02:16.798481862] [3568] DEBUG V4L2Compat v4l2_camera_proxy.cpp:659 [/dev/video1 (fd:205)] vidioc_qbuf(index=0)
[0:02:16.799551122] [3565] DEBUG V4L2 v4l2_videodevice.cpp:1783 /dev/video1[200:cap]: Queueing buffer 0
[0:02:16.813810686] [3565] DEBUG V4L2 v4l2_videodevice.cpp:1855 /dev/video1[200:cap]: Dequeuing buffer 1
[0:02:16.814287721] [3568] DEBUG V4L2Compat v4l2_camera_proxy.cpp:691 [/dev/video1 (fd:205)] vidioc_dqbuf()
[0:02:16.830896872] [3568] DEBUG V4L2Compat v4l2_camera_proxy.cpp:659 [/dev/video1 (fd:205)] vidioc_qbuf(index=1)
[0:02:16.832650210] [3565] DEBUG V4L2 v4l2_videodevice.cpp:1783 /dev/video1[200:cap]: Queueing buffer 1
[0:02:16.847108828] [3565] DEBUG V4L2 v4l2_videodevice.cpp:1855 /dev/video1[200:cap]: Dequeuing buffer 2
[0:02:16.847946071] [3568] DEBUG V4L2Compat v4l2_camera_proxy.cpp:691 [/dev/video1 (fd:205)] vidioc_dqbuf()
[0:02:16.859943699] [3568] DEBUG V4L2Compat v4l2_camera_proxy.cpp:659 [/dev/video1 (fd:205)] vidioc_qbuf(index=2)
[0:02:16.860967346] [3565] DEBUG V4L2 v4l2_videodevice.cpp:1783 /dev/video1[200:cap]: Queueing buffer 2
[0:02:16.880273979] [3565] DEBUG V4L2 v4l2_videodevice.cpp:1855 /dev/video1[200:cap]: Dequeuing buffer 3
[0:02:16.880962919] [3568] DEBUG V4L2Compat v4l2_camera_proxy.cpp:691 [/dev/video1 (fd:205)] vidioc_dqbuf()
[0:02:16.897466993] [3568] DEBUG V4L2Compat v4l2_camera_proxy.cpp:659 [/dev/video1 (fd:205)] vidioc_qbuf(index=3)
[0:02:16.898452864] [3565] DEBUG V4L2 v4l2_videodevice.cpp:1783 /dev/video1[200:cap]: Queueing buffer 3
[0:02:16.913288627] [3565] DEBUG V4L2 v4l2_videodevice.cpp:1855 /dev/video1[200:cap]: Dequeuing buffer 0
[0:02:16.913800651] [3568] DEBUG V4L2Compat v4l2_camera_proxy.cpp:691 [/dev/video1 (fd:205)] vidioc_dqbuf()
[0:02:16.920077321] [3568] DEBUG V4L2Compat v4l2_camera_proxy.cpp:659 [/dev/video1 (fd:205)] vidioc_qbuf(index=0)
[0:02:16.920888001] [3565] DEBUG V4L2 v4l2_videodevice.cpp:1783 /dev/video1[200:cap]: Queueing buffer 0
[0:02:16.946627907] [3565] DEBUG V4L2 v4l2_videodevice.cpp:1855 /dev/video1[200:cap]: Dequeuing buffer 1
[0:02:16.947576827] [3568] DEBUG V4L2Compat v4l2_camera_proxy.cpp:691 [/dev/video1 (fd:205)] vidioc_dqbuf()
[0:02:16.964720878] [3568] DEBUG V4L2Compat v4l2_camera_proxy.cpp:659 [/dev/video1 (fd:205)] vidioc_qbuf(index=1)
[0:02:16.965695373] [3565] DEBUG V4L2 v4l2_videodevice.cpp:1783 /dev/video1[200:cap]: Queueing buffer 1
[0:02:16.979824247] [3565] DEBUG V4L2 v4l2_videodevice.cpp:1855 /dev/video1[200:cap]: Dequeuing buffer 2
[0:02:16.980529412] [3568] DEBUG V4L2Compat v4l2_camera_proxy.cpp:691 [/dev/video1 (fd:205)] vidioc_dqbuf()
[0:02:16.998333576] [3568] DEBUG V4L2Compat v4l2_camera_proxy.cpp:659 [/dev/video1 (fd:205)] vidioc_qbuf(index=2)
[0:02:16.999500088] [3565] DEBUG V4L2 v4l2_videodevice.cpp:1783 /dev/video1[200:cap]: Queueing buffer 2
[0:02:17.013131414] [3565] DEBUG V4L2 v4l2_videodevice.cpp:1855 /dev/video1[200:cap]: Dequeuing buffer 3
[0:02:17.016732602] [3568] DEBUG V4L2Compat v4l2_camera_proxy.cpp:691 [/dev/video1 (fd:205)] vidioc_dqbuf()
[0:02:17.025836020] [3568] DEBUG V4L2Compat v4l2_camera_proxy.cpp:659 [/dev/video1 (fd:205)] vidioc_qbuf(index=3)
[0:02:17.026778565] [3565] DEBUG V4L2 v4l2_videodevice.cpp:1783 /dev/video1[200:cap]: Queueing buffer 3
[0:02:17.046320478] [3565] DEBUG V4L2 v4l2_videodevice.cpp:1855 /dev/video1[200:cap]: Dequeuing buffer 0
[0:02:17.046972342] [3568] DEBUG V4L2Compat v4l2_camera_proxy.cpp:691 [/dev/video1 (fd:205)] vidioc_dqbuf()
[0:02:17.060209334] [3568] DEBUG V4L2Compat v4l2_camera_proxy.cpp:659 [/dev/video1 (fd:205)] vidioc_qbuf(index=0)
[0:02:17.061165492] [3565] DEBUG V4L2 v4l2_videodevice.cpp:1783 /dev/video1[200:cap]: Queueing buffer 0
[0:02:17.079561219] [3565] DEBUG V4L2 v4l2_videodevice.cpp:1855 /dev/video1[200:cap]: Dequeuing buffer 1
[0:02:17.080368361] [3568] DEBUG V4L2Compat v4l2_camera_proxy.cpp:691 [/dev/video1 (fd:205)] vidioc_dqbuf()
[0:02:17.080808733] [3568] DEBUG V4L2Compat v4l2_camera_proxy.cpp:691 [/dev/video1 (fd:205)] vidioc_dqbuf()
[0:02:17.081068601] [3568] DEBUG V4L2Compat v4l2_camera_proxy.cpp:691 [/dev/video1 (fd:205)] vidioc_dqbuf()
[0:02:17.081261642] [3568] DEBUG V4L2Compat v4l2_camera_proxy.cpp:691 [/dev/video1 (fd:205)] vidioc_dqbuf()
[0:02:17.097737266] [3568] DEBUG V4L2Compat v4l2_camera_proxy.cpp:659 [/dev/video1 (fd:205)] vidioc_qbuf(index=1)
[0:02:17.098816838] [3565] DEBUG V4L2 v4l2_videodevice.cpp:1783 /dev/video1[200:cap]: Queueing buffer 1
[0:02:17.112746845] [3565] DEBUG V4L2 v4l2_videodevice.cpp:1855 /dev/video1[200:cap]: Dequeuing buffer 2
[0:02:17.113461161] [3568] DEBUG V4L2Compat v4l2_camera_proxy.cpp:691 [/dev/video1 (fd:205)] vidioc_dqbuf()
[0:02:17.141325187] [3568] DEBUG V4L2Compat v4l2_camera_proxy.cpp:659 [/dev/video1 (fd:205)] vidioc_qbuf(index=2)
[0:02:17.142200443] [3565] DEBUG V4L2 v4l2_videodevice.cpp:1783 /dev/video1[200:cap]: Queueing buffer 2
[0:02:17.146797491] [3565] DEBUG V4L2 v4l2_videodevice.cpp:1855 /dev/video1[200:cap]: Dequeuing buffer 3
[0:02:17.147372515] [3568] DEBUG V4L2Compat v4l2_camera_proxy.cpp:691 [/dev/video1 (fd:205)] vidioc_dqbuf()
[0:02:17.147521268] [3568] DEBUG V4L2Compat v4l2_camera_proxy.cpp:691 [/dev/video1 (fd:205)] vidioc_dqbuf()
[0:02:17.147588920] [3568] DEBUG V4L2Compat v4l2_camera_proxy.cpp:691 [/dev/video1 (fd:205)] vidioc_dqbuf()
[0:02:17.147651321] [3568] DEBUG V4L2Compat v4l2_camera_proxy.cpp:691 [/dev/video1 (fd:205)] vidioc_dqbuf()
[0:02:17.147714360] [3568] DEBUG V4L2Compat v4l2_camera_proxy.cpp:691 [/dev/video1 (fd:205)] vidioc_dqbuf()
[0:02:17.147776999] [3568] DEBUG V4L2Compat v4l2_camera_proxy.cpp:691 [/dev/video1 (fd:205)] vidioc_dqbuf()
[0:02:17.147839263] [3568] DEBUG V4L2Compat v4l2_camera_proxy.cpp:691 [/dev/video1 (fd:205)] vidioc_dqbuf()
[0:02:17.147901464] [3568] DEBUG V4L2Compat v4l2_camera_proxy.cpp:691 [/dev/video1 (fd:205)] vidioc_dqbuf()
[0:02:17.147994353] [3568] DEBUG V4L2Compat v4l2_camera_proxy.cpp:691 [/dev/video1 (fd:205)] vidioc_dqbuf()
[0:02:17.148117231] [3568] DEBUG V4L2Compat v4l2_camera_proxy.cpp:691 [/dev/video1 (fd:205)] vidioc_dqbuf()
[0:02:17.148180007] [3568] DEBUG V4L2Compat v4l2_camera_proxy.cpp:691 [/dev/video1 (fd:205)] vidioc_dqbuf()
[0:02:17.148245471] [3568] DEBUG V4L2Compat v4l2_camera_proxy.cpp:691 [/dev/video1 (fd:205)] vidioc_dqbuf()
[0:02:17.148307972] [3568] DEBUG V4L2Compat v4l2_camera_proxy.cpp:691 [/dev/video1 (fd:205)] vidioc_dqbuf()
[0:02:17.148370074] [3568] DEBUG V4L2Compat v4l2_camera_proxy.cpp:691 [/dev/video1 (fd:205)] vidioc_dqbuf()
[0:02:17.148433350] [3568] DEBUG V4L2Compat v4l2_camera_proxy.cpp:691 [/dev/video1 (fd:205)] vidioc_dqbuf()
[0:02:17.148495851] [3568] DEBUG V4L2Compat v4l2_camera_proxy.cpp:691 [/dev/video1 (fd:205)] vidioc_dqbuf()
[0:02:17.148558790] [3568] DEBUG V4L2Compat v4l2_camera_proxy.cpp:691 [/dev/video1 (fd:205)] vidioc_dqbuf()
[0:02:17.148621004] [3568] DEBUG V4L2Compat v4l2_camera_proxy.cpp:691 [/dev/video1 (fd:205)] vidioc_dqbuf()
[0:02:17.148683080] [3568] DEBUG V4L2Compat v4l2_camera_proxy.cpp:691 [/dev/video1 (fd:205)] vidioc_dqbuf()
[0:02:17.148745219] [3568] DEBUG V4L2Compat v4l2_camera_proxy.cpp:691 [/dev/video1 (fd:205)] vidioc_dqbuf()
[0:02:17.148807208] [3568] DEBUG V4L2Compat v4l2_camera_proxy.cpp:691 [/dev/video1 (fd:205)] vidioc_dqbuf()
[0:02:17.148868809] [3568] DEBUG V4L2Compat v4l2_camera_proxy.cpp:691 [/dev/video1 (fd:205)] vidioc_dqbuf()
[0:02:17.148931098] [3568] DEBUG V4L2Compat v4l2_camera_proxy.cpp:691 [/dev/video1 (fd:205)] vidioc_dqbuf()
[0:02:17.148993049] [3568] DEBUG V4L2Compat v4l2_camera_proxy.cpp:691 [/dev/video1 (fd:205)] vidioc_dqbuf()
[0:02:17.159952194] [3568] DEBUG V4L2Compat v4l2_camera_proxy.cpp:659 [/dev/video1 (fd:205)] vidioc_qbuf(index=3)
[0:02:17.160854288] [3565] DEBUG V4L2 v4l2_videodevice.cpp:1783 /dev/video1[200:cap]: Queueing buffer 3
[0:02:17.179101436] [3565] DEBUG V4L2 v4l2_videodevice.cpp:1855 /dev/video1[200:cap]: Dequeuing buffer 0
[0:02:17.179467306] [3568] DEBUG V4L2Compat v4l2_camera_proxy.cpp:691 [/dev/video1 (fd:205)] vidioc_dqbuf()
[0:02:17.187373161] [3568] DEBUG V4L2Compat v4l2_camera_proxy.cpp:659 [/dev/video1 (fd:205)] vidioc_qbuf(index=0)
[0:02:17.187903010] [3565] DEBUG V4L2 v4l2_videodevice.cpp:1783 /dev/video1[200:cap]: Queueing buffer 0
[0:02:17.212415703] [3565] DEBUG V4L2 v4l2_videodevice.cpp:1855 /dev/video1[200:cap]: Dequeuing buffer 1
[0:02:17.213166781] [3568] DEBUG V4L2Compat v4l2_camera_proxy.cpp:691 [/dev/video1 (fd:205)] vidioc_dqbuf()
[0:02:17.223426336] [3568] DEBUG V4L2Compat v4l2_camera_proxy.cpp:659 [/dev/video1 (fd:205)] vidioc_qbuf(index=1)
[0:02:17.224243441] [3565] DEBUG V4L2 v4l2_videodevice.cpp:1783 /dev/video1[200:cap]: Queueing buffer 1
[0:02:17.245658631] [3565] DEBUG V4L2 v4l2_videodevice.cpp:1855 /dev/video1[200:cap]: Dequeuing buffer 2
[0:02:17.246370871] [3568] DEBUG V4L2Compat v4l2_camera_proxy.cpp:691 [/dev/video1 (fd:205)] vidioc_dqbuf()
[0:02:17.258575667] [3568] DEBUG V4L2Compat v4l2_camera_proxy.cpp:659 [/dev/video1 (fd:205)] vidioc_qbuf(index=2)
[0:02:17.259551375] [3565] DEBUG V4L2 v4l2_videodevice.cpp:1783 /dev/video1[200:cap]: Queueing buffer 2
[0:02:17.278809970] [3565] DEBUG V4L2 v4l2_videodevice.cpp:1855 /dev/video1[200:cap]: Dequeuing buffer 3
[0:02:17.279561761] [3568] DEBUG V4L2Compat v4l2_camera_proxy.cpp:691 [/dev/video1 (fd:205)] vidioc_dqbuf()
[0:02:17.292474521] [3568] DEBUG V4L2Compat v4l2_camera_proxy.cpp:659 [/dev/video1 (fd:205)] vidioc_qbuf(index=3)
[0:02:17.293417829] [3565] DEBUG V4L2 v4l2_videodevice.cpp:1783 /dev/video1[200:cap]: Queueing buffer 3
[0:02:17.312140112] [3565] DEBUG V4L2 v4l2_videodevice.cpp:1855 /dev/video1[200:cap]: Dequeuing buffer 0
[0:02:17.313107495] [3568] DEBUG V4L2Compat v4l2_camera_proxy.cpp:691 [/dev/video1 (fd:205)] vidioc_dqbuf()
[0:02:17.324794155] [3568] DEBUG V4L2Compat v4l2_camera_proxy.cpp:659 [/dev/video1 (fd:205)] vidioc_qbuf(index=0)
[0:02:17.325737975] [3565] DEBUG V4L2 v4l2_videodevice.cpp:1783 /dev/video1[200:cap]: Queueing buffer 0
[0:02:17.345314901] [3565] DEBUG V4L2 v4l2_videodevice.cpp:1855 /dev/video1[200:cap]: Dequeuing buffer 1
[0:02:17.346091830] [3568] DEBUG V4L2Compat v4l2_camera_proxy.cpp:691 [/dev/video1 (fd:205)] vidioc_dqbuf()
[0:02:17.358594882] [3568] DEBUG V4L2Compat v4l2_camera_proxy.cpp:659 [/dev/video1 (fd:205)] vidioc_qbuf(index=1)
[0:02:17.359625691] [3565] DEBUG V4L2 v4l2_videodevice.cpp:1783 /dev/video1[200:cap]: Queueing buffer 1
[0:02:17.378481790] [3565] DEBUG V4L2 v4l2_videodevice.cpp:1855 /dev/video1[200:cap]: Dequeuing buffer 2
[0:02:17.379264207] [3568] DEBUG V4L2Compat v4l2_camera_proxy.cpp:691 [/dev/video1 (fd:205)] vidioc_dqbuf()
[0:02:17.391301811] [3568] DEBUG V4L2Compat v4l2_camera_proxy.cpp:659 [/dev/video1 (fd:205)] vidioc_qbuf(index=2)
[0:02:17.392260794] [3565] DEBUG V4L2 v4l2_videodevice.cpp:1783 /dev/video1[200:cap]: Queueing buffer 2
[0:02:17.411663754] [3565] DEBUG V4L2 v4l2_videodevice.cpp:1855 /dev/video1[200:cap]: Dequeuing buffer 3
[0:02:17.412438346] [3568] DEBUG V4L2Compat v4l2_camera_proxy.cpp:691 [/dev/video1 (fd:205)] vidioc_dqbuf()
[0:02:17.424332010] [3568] DEBUG V4L2Compat v4l2_camera_proxy.cpp:659 [/dev/video1 (fd:205)] vidioc_qbuf(index=3)
[0:02:17.425235091] [3565] DEBUG V4L2 v4l2_videodevice.cpp:1783 /dev/video1[200:cap]: Queueing buffer 3
[0:02:17.444909495] [3565] DEBUG V4L2 v4l2_videodevice.cpp:1855 /dev/video1[200:cap]: Dequeuing buffer 0
[0:02:17.445649561] [3568] DEBUG V4L2Compat v4l2_camera_proxy.cpp:691 [/dev/video1 (fd:205)] vidioc_dqbuf()
[0:02:17.457980234] [3568] DEBUG V4L2Compat v4l2_camera_proxy.cpp:659 [/dev/video1 (fd:205)] vidioc_qbuf(index=0)
[0:02:17.458877878] [3565] DEBUG V4L2 v4l2_videodevice.cpp:1783 /dev/video1[200:cap]: Queueing buffer 0
[0:02:17.478369665] [3565] DEBUG V4L2 v4l2_videodevice.cpp:1855 /dev/video1[200:cap]: Dequeuing buffer 1
[0:02:17.479073105] [3568] DEBUG V4L2Compat v4l2_camera_proxy.cpp:691 [/dev/video1 (fd:205)] vidioc_dqbuf()
[0:02:17.493205904] [3568] DEBUG V4L2Compat v4l2_camera_proxy.cpp:659 [/dev/video1 (fd:205)] vidioc_qbuf(index=1)
[0:02:17.494256039] [3565] DEBUG V4L2 v4l2_videodevice.cpp:1783 /dev/video1[200:cap]: Queueing buffer 1
[0:02:17.511455252] [3565] DEBUG V4L2 v4l2_videodevice.cpp:1855 /dev/video1[200:cap]: Dequeuing buffer 2
[0:02:17.513092912] [3568] DEBUG V4L2Compat v4l2_camera_proxy.cpp:691 [/dev/video1 (fd:205)] vidioc_dqbuf()
[0:02:17.525988397] [3568] DEBUG V4L2Compat v4l2_camera_proxy.cpp:659 [/dev/video1 (fd:205)] vidioc_qbuf(index=2)
[0:02:17.529753477] [3565] DEBUG V4L2 v4l2_videodevice.cpp:1783 /dev/video1[200:cap]: Queueing buffer 2
[0:02:17.544465100] [3565] DEBUG V4L2 v4l2_videodevice.cpp:1855 /dev/video1[200:cap]: Dequeuing buffer 3
[0:02:17.545456309] [3568] DEBUG V4L2Compat v4l2_camera_proxy.cpp:691 [/dev/video1 (fd:205)] vidioc_dqbuf()
[0:02:17.545624300] [3568] DEBUG V4L2Compat v4l2_camera_proxy.cpp:691 [/dev/video1 (fd:205)] vidioc_dqbuf()
[0:02:17.545706977] [3568] DEBUG V4L2Compat v4l2_camera_proxy.cpp:691 [/dev/video1 (fd:205)] vidioc_dqbuf()
[0:02:17.545770378] [3568] DEBUG V4L2Compat v4l2_camera_proxy.cpp:691 [/dev/video1 (fd:205)] vidioc_dqbuf()
[0:02:17.545833604] [3568] DEBUG V4L2Compat v4l2_camera_proxy.cpp:691 [/dev/video1 (fd:205)] vidioc_dqbuf()
[0:02:17.545896731] [3568] DEBUG V4L2Compat v4l2_camera_proxy.cpp:691 [/dev/video1 (fd:205)] vidioc_dqbuf()
[0:02:17.545963644] [3568] DEBUG V4L2Compat v4l2_camera_proxy.cpp:691 [/dev/video1 (fd:205)] vidioc_dqbuf()
[0:02:17.546060659] [3568] DEBUG V4L2Compat v4l2_camera_proxy.cpp:691 [/dev/video1 (fd:205)] vidioc_dqbuf()
[0:02:17.546127260] [3568] DEBUG V4L2Compat v4l2_camera_proxy.cpp:691 [/dev/video1 (fd:205)] vidioc_dqbuf()
[0:02:17.546201387] [3568] DEBUG V4L2Compat v4l2_camera_proxy.cpp:691 [/dev/video1 (fd:205)] vidioc_dqbuf()
[0:02:17.546281989] [3568] DEBUG V4L2Compat v4l2_camera_proxy.cpp:691 [/dev/video1 (fd:205)] vidioc_dqbuf()
[0:02:17.546351653] [3568] DEBUG V4L2Compat v4l2_camera_proxy.cpp:691 [/dev/video1 (fd:205)] vidioc_dqbuf()
[0:02:17.546494918] [3568] DEBUG V4L2Compat v4l2_camera_proxy.cpp:691 [/dev/video1 (fd:205)] vidioc_dqbuf()
[0:02:17.546609146] [3568] DEBUG V4L2Compat v4l2_camera_proxy.cpp:691 [/dev/video1 (fd:205)] vidioc_dqbuf()
[0:02:17.546680110] [3568] DEBUG V4L2Compat v4l2_camera_proxy.cpp:691 [/dev/video1 (fd:205)] vidioc_dqbuf()
[0:02:17.546750236] [3568] DEBUG V4L2Compat v4l2_camera_proxy.cpp:691 [/dev/video1 (fd:205)] vidioc_dqbuf()
[0:02:17.546861126] [3568] DEBUG V4L2Compat v4l2_camera_proxy.cpp:691 [/dev/video1 (fd:205)] vidioc_dqbuf()
[0:02:17.546932115] [3568] DEBUG V4L2Compat v4l2_camera_proxy.cpp:691 [/dev/video1 (fd:205)] vidioc_dqbuf()
[0:02:17.547022904] [3568] DEBUG V4L2Compat v4l2_camera_proxy.cpp:691 [/dev/video1 (fd:205)] vidioc_dqbuf()
[0:02:17.547092206] [3568] DEBUG V4L2Compat v4l2_camera_proxy.cpp:691 [/dev/video1 (fd:205)] vidioc_dqbuf()
[0:02:17.547164907] [3568] DEBUG V4L2Compat v4l2_camera_proxy.cpp:691 [/dev/video1 (fd:205)] vidioc_dqbuf()
[0:02:17.547243409] [3568] DEBUG V4L2Compat v4l2_camera_proxy.cpp:691 [/dev/video1 (fd:205)] vidioc_dqbuf()
[0:02:17.547321798] [3568] DEBUG V4L2Compat v4l2_camera_proxy.cpp:691 [/dev/video1 (fd:205)] vidioc_dqbuf()
[0:02:17.547389850] [3568] DEBUG V4L2Compat v4l2_camera_proxy.cpp:691 [/dev/video1 (fd:205)] vidioc_dqbuf()
[0:02:17.547454364] [3568] DEBUG V4L2Compat v4l2_camera_proxy.cpp:691 [/dev/video1 (fd:205)] vidioc_dqbuf()
[0:02:17.547524090] [3568] DEBUG V4L2Compat v4l2_camera_proxy.cpp:691 [/dev/video1 (fd:205)] vidioc_dqbuf()
[0:02:17.547593366] [3568] DEBUG V4L2Compat v4l2_camera_proxy.cpp:691 [/dev/video1 (fd:205)] vidioc_dqbuf()
[0:02:17.547662693] [3568] DEBUG V4L2Compat v4l2_camera_proxy.cpp:691 [/dev/video1 (fd:205)] vidioc_dqbuf()
[0:02:17.547737370] [3568] DEBUG V4L2Compat v4l2_camera_proxy.cpp:691 [/dev/video1 (fd:205)] vidioc_dqbuf()
[0:02:17.547801833] [3568] DEBUG V4L2Compat v4l2_camera_proxy.cpp:691 [/dev/video1 (fd:205)] vidioc_dqbuf()
[0:02:17.547870247] [3568] DEBUG V4L2Compat v4l2_camera_proxy.cpp:691 [/dev/video1 (fd:205)] vidioc_dqbuf()
[0:02:17.547936336] [3568] DEBUG V4L2Compat v4l2_camera_proxy.cpp:691 [/dev/video1 (fd:205)] vidioc_dqbuf()
[0:02:17.547999725] [3568] DEBUG V4L2Compat v4l2_camera_proxy.cpp:691 [/dev/video1 (fd:205)] vidioc_dqbuf()
[0:02:17.548118890] [3568] DEBUG V4L2Compat v4l2_camera_proxy.cpp:691 [/dev/video1 (fd:205)] vidioc_dqbuf()
[0:02:17.548187679] [3568] DEBUG V4L2Compat v4l2_camera_proxy.cpp:691 [/dev/video1 (fd:205)] vidioc_dqbuf()
[0:02:17.548253105] [3568] DEBUG V4L2Compat v4l2_camera_proxy.cpp:691 [/dev/video1 (fd:205)] vidioc_dqbuf()
[0:02:17.548317657] [3568] DEBUG V4L2Compat v4l2_camera_proxy.cpp:691 [/dev/video1 (fd:205)] vidioc_dqbuf()
[0:02:17.548398258] [3568] DEBUG V4L2Compat v4l2_camera_proxy.cpp:691 [/dev/video1 (fd:205)] vidioc_dqbuf()
[0:02:17.548463210] [3568] DEBUG V4L2Compat v4l2_camera_proxy.cpp:691 [/dev/video1 (fd:205)] vidioc_dqbuf()
[0:02:17.548526086] [3568] DEBUG V4L2Compat v4l2_camera_proxy.cpp:691 [/dev/video1 (fd:205)] vidioc_dqbuf()
[0:02:17.548588588] [3568] DEBUG V4L2Compat v4l2_camera_proxy.cpp:691 [/dev/video1 (fd:205)] vidioc_dqbuf()
[0:02:17.548651576] [3568] DEBUG V4L2Compat v4l2_camera_proxy.cpp:691 [/dev/video1 (fd:205)] vidioc_dqbuf()
[0:02:17.548718490] [3568] DEBUG V4L2Compat v4l2_camera_proxy.cpp:691 [/dev/video1 (fd:205)] vidioc_dqbuf()
[0:02:17.548782317] [3568] DEBUG V4L2Compat v4l2_camera_proxy.cpp:691 [/dev/video1 (fd:205)] vidioc_dqbuf()
[0:02:17.548848293] [3568] DEBUG V4L2Compat v4l2_camera_proxy.cpp:691 [/dev/video1 (fd:205)] vidioc_dqbuf()
[0:02:17.548915857] [3568] DEBUG V4L2Compat v4l2_camera_proxy.cpp:691 [/dev/video1 (fd:205)] vidioc_dqbuf()
[0:02:17.548982921] [3568] DEBUG V4L2Compat v4l2_camera_proxy.cpp:691 [/dev/video1 (fd:205)] vidioc_dqbuf()
[0:02:17.549187663] [3568] DEBUG V4L2Compat v4l2_camera_proxy.cpp:691 [/dev/video1 (fd:205)] vidioc_dqbuf()
[0:02:17.560214458] [3568] DEBUG V4L2Compat v4l2_camera_proxy.cpp:659 [/dev/video1 (fd:205)] vidioc_qbuf(index=3)
[0:02:17.560898423] [3565] DEBUG V4L2 v4l2_videodevice.cpp:1783 /dev/video1[200:cap]: Queueing buffer 3
[0:02:17.577562938] [3565] DEBUG V4L2 v4l2_videodevice.cpp:1855 /dev/video1[200:cap]: Dequeuing buffer 0
[0:02:17.577999097] [3568] DEBUG V4L2Compat v4l2_camera_proxy.cpp:691 [/dev/video1 (fd:205)] vidioc_dqbuf()
[0:02:17.584543735] [3568] DEBUG V4L2Compat v4l2_camera_proxy.cpp:659 [/dev/video1 (fd:205)] vidioc_qbuf(index=0)
[0:02:17.585648546] [3565] DEBUG V4L2 v4l2_videodevice.cpp:1783 /dev/video1[200:cap]: Queueing buffer 0
[0:02:17.610836679] [3565] DEBUG V4L2 v4l2_videodevice.cpp:1855 /dev/video1[200:cap]: Dequeuing buffer 1
[0:02:17.611250475] [3568] DEBUG V4L2Compat v4l2_camera_proxy.cpp:691 [/dev/video1 (fd:205)] vidioc_dqbuf()
[0:02:17.621906701] [3568] DEBUG V4L2Compat v4l2_camera_proxy.cpp:659 [/dev/video1 (fd:205)] vidioc_qbuf(index=1)
[0:02:17.623352669] [3565] DEBUG V4L2 v4l2_videodevice.cpp:1783 /dev/video1[200:cap]: Queueing buffer 1
[0:02:17.644090482] [3565] DEBUG V4L2 v4l2_videodevice.cpp:1855 /dev/video1[200:cap]: Dequeuing buffer 2
[0:02:17.644641556] [3568] DEBUG V4L2Compat v4l2_camera_proxy.cpp:691 [/dev/video1 (fd:205)] vidioc_dqbuf()
[0:02:17.657567355] [3568] DEBUG V4L2Compat v4l2_camera_proxy.cpp:659 [/dev/video1 (fd:205)] vidioc_qbuf(index=2)
[0:02:17.658409297] [3565] DEBUG V4L2 v4l2_videodevice.cpp:1783 /dev/video1[200:cap]: Queueing buffer 2
[0:02:17.677267359] [3565] DEBUG V4L2 v4l2_videodevice.cpp:1855 /dev/video1[200:cap]: Dequeuing buffer 3
[0:02:17.677781595] [3568] DEBUG V4L2Compat v4l2_camera_proxy.cpp:691 [/dev/video1 (fd:205)] vidioc_dqbuf()
[0:02:17.691128064] [3568] DEBUG V4L2Compat v4l2_camera_proxy.cpp:659 [/dev/video1 (fd:205)] vidioc_qbuf(index=3)
[0:02:17.691764590] [3565] DEBUG V4L2 v4l2_videodevice.cpp:1783 /dev/video1[200:cap]: Queueing buffer 3
[0:02:17.710454023] [3565] DEBUG V4L2 v4l2_videodevice.cpp:1855 /dev/video1[200:cap]: Dequeuing buffer 0
[0:02:17.710838068] [3568] DEBUG V4L2Compat v4l2_camera_proxy.cpp:691 [/dev/video1 (fd:205)] vidioc_dqbuf()
[0:02:17.719605416] [3568] DEBUG V4L2Compat v4l2_camera_proxy.cpp:659 [/dev/video1 (fd:205)] vidioc_qbuf(index=0)
[0:02:17.720807179] [3565] DEBUG V4L2 v4l2_videodevice.cpp:1783 /dev/video1[200:cap]: Queueing buffer 0
[0:02:17.743722739] [3565] DEBUG V4L2 v4l2_videodevice.cpp:1855 /dev/video1[200:cap]: Dequeuing buffer 1
[0:02:17.744237275] [3568] DEBUG V4L2Compat v4l2_camera_proxy.cpp:691 [/dev/video1 (fd:205)] vidioc_dqbuf()
[0:02:17.755662392] [3568] DEBUG V4L2Compat v4l2_camera_proxy.cpp:659 [/dev/video1 (fd:205)] vidioc_qbuf(index=1)
[0:02:17.756498522] [3565] DEBUG V4L2 v4l2_videodevice.cpp:1783 /dev/video1[200:cap]: Queueing buffer 1
[0:02:17.777111508] [3565] DEBUG V4L2 v4l2_videodevice.cpp:1855 /dev/video1[200:cap]: Dequeuing buffer 2
[0:02:17.777694395] [3568] DEBUG V4L2Compat v4l2_camera_proxy.cpp:691 [/dev/video1 (fd:205)] vidioc_dqbuf()
[0:02:17.783835175] [3568] DEBUG V4L2Compat v4l2_camera_proxy.cpp:659 [/dev/video1 (fd:205)] vidioc_qbuf(index=2)
[0:02:17.784943773] [3565] DEBUG V4L2 v4l2_videodevice.cpp:1783 /dev/video1[200:cap]: Queueing buffer 2
[0:02:17.810276121] [3565] DEBUG V4L2 v4l2_videodevice.cpp:1855 /dev/video1[200:cap]: Dequeuing buffer 3
[0:02:17.810882884] [3568] DEBUG V4L2Compat v4l2_camera_proxy.cpp:691 [/dev/video1 (fd:205)] vidioc_dqbuf()
[0:02:17.818128525] [3568] DEBUG V4L2Compat v4l2_camera_proxy.cpp:659 [/dev/video1 (fd:205)] vidioc_qbuf(index=3)
[0:02:17.818852103] [3565] DEBUG V4L2 v4l2_videodevice.cpp:1783 /dev/video1[200:cap]: Queueing buffer 3
[0:02:17.843563113] [3565] DEBUG V4L2 v4l2_videodevice.cpp:1855 /dev/video1[200:cap]: Dequeuing buffer 0
[0:02:17.844367980] [3568] DEBUG V4L2Compat v4l2_camera_proxy.cpp:691 [/dev/video1 (fd:205)] vidioc_dqbuf()
[0:02:17.858650519] [3568] DEBUG V4L2Compat v4l2_camera_proxy.cpp:659 [/dev/video1 (fd:205)] vidioc_qbuf(index=0)
[0:02:17.859635178] [3565] DEBUG V4L2 v4l2_videodevice.cpp:1783 /dev/video1[200:cap]: Queueing buffer 0
[0:02:17.876603974] [3565] DEBUG V4L2 v4l2_videodevice.cpp:1855 /dev/video1[200:cap]: Dequeuing buffer 1
[0:02:17.877287226] [3568] DEBUG V4L2Compat v4l2_camera_proxy.cpp:691 [/dev/video1 (fd:205)] vidioc_dqbuf()
[0:02:17.892794992] [3568] DEBUG V4L2Compat v4l2_camera_proxy.cpp:659 [/dev/video1 (fd:205)] vidioc_qbuf(index=1)
[0:02:17.894117295] [3565] DEBUG V4L2 v4l2_videodevice.cpp:1783 /dev/video1[200:cap]: Queueing buffer 1
[0:02:17.909982167] [3565] DEBUG V4L2 v4l2_videodevice.cpp:1855 /dev/video1[200:cap]: Dequeuing buffer 2
[0:02:17.910622719] [3568] DEBUG V4L2Compat v4l2_camera_proxy.cpp:691 [/dev/video1 (fd:205)] vidioc_dqbuf()
[0:02:17.921952596] [3568] DEBUG V4L2Compat v4l2_camera_proxy.cpp:659 [/dev/video1 (fd:205)] vidioc_qbuf(index=2)
[0:02:17.922993805] [3565] DEBUG V4L2 v4l2_videodevice.cpp:1783 /dev/video1[200:cap]: Queueing buffer 2
[0:02:17.943213108] [3565] DEBUG V4L2 v4l2_videodevice.cpp:1855 /dev/video1[200:cap]: Dequeuing buffer 3
[0:02:17.943801845] [3568] DEBUG V4L2Compat v4l2_camera_proxy.cpp:691 [/dev/video1 (fd:205)] vidioc_dqbuf()
[0:02:17.961940054] [3568] DEBUG V4L2Compat v4l2_camera_proxy.cpp:659 [/dev/video1 (fd:205)] vidioc_qbuf(index=3)
[0:02:17.963091878] [3565] DEBUG V4L2 v4l2_videodevice.cpp:1783 /dev/video1[200:cap]: Queueing buffer 3
[0:02:17.976214581] [3565] DEBUG V4L2 v4l2_videodevice.cpp:1855 /dev/video1[200:cap]: Dequeuing buffer 0
[0:02:17.976787568] [3568] DEBUG V4L2Compat v4l2_camera_proxy.cpp:691 [/dev/video1 (fd:205)] vidioc_dqbuf()
[0:02:17.994930514] [3568] DEBUG V4L2Compat v4l2_camera_proxy.cpp:659 [/dev/video1 (fd:205)] vidioc_qbuf(index=0)
[0:02:17.997290939] [3565] DEBUG V4L2 v4l2_videodevice.cpp:1783 /dev/video1[200:cap]: Queueing buffer 0
[0:02:18.009637837] [3565] DEBUG V4L2 v4l2_videodevice.cpp:1855 /dev/video1[200:cap]: Dequeuing buffer 1
[0:02:18.010932615] [3568] DEBUG V4L2Compat v4l2_camera_proxy.cpp:691 [/dev/video1 (fd:205)] vidioc_dqbuf()
[0:02:18.016630360] [3568] DEBUG V4L2Compat v4l2_camera_proxy.cpp:659 [/dev/video1 (fd:205)] vidioc_qbuf(index=1)
[0:02:18.017602068] [3565] DEBUG V4L2 v4l2_videodevice.cpp:1783 /dev/video1[200:cap]: Queueing buffer 1
[0:02:18.042919966] [3565] DEBUG V4L2 v4l2_videodevice.cpp:1855 /dev/video1[200:cap]: Dequeuing buffer 2
[0:02:18.043307500] [3568] DEBUG V4L2Compat v4l2_camera_proxy.cpp:691 [/dev/video1 (fd:205)] vidioc_dqbuf()
[0:02:18.055584647] [3568] DEBUG V4L2Compat v4l2_camera_proxy.cpp:659 [/dev/video1 (fd:205)] vidioc_qbuf(index=2)
[0:02:18.056507441] [3565] DEBUG V4L2 v4l2_videodevice.cpp:1783 /dev/video1[200:cap]: Queueing buffer 2
[0:02:18.075686209] [3565] DEBUG V4L2 v4l2_videodevice.cpp:1855 /dev/video1[200:cap]: Dequeuing buffer 3
[0:02:18.075988103] [3568] DEBUG V4L2Compat v4l2_camera_proxy.cpp:691 [/dev/video1 (fd:205)] vidioc_dqbuf()
[0:02:18.091314602] [3568] DEBUG V4L2Compat v4l2_camera_proxy.cpp:659 [/dev/video1 (fd:205)] vidioc_qbuf(index=3)
[0:02:18.092177296] [3565] DEBUG V4L2 v4l2_videodevice.cpp:1783 /dev/video1[200:cap]: Queueing buffer 3
[0:02:18.109426023] [3565] DEBUG V4L2 v4l2_videodevice.cpp:1855 /dev/video1[200:cap]: Dequeuing buffer 0
[0:02:18.109782218] [3568] DEBUG V4L2Compat v4l2_camera_proxy.cpp:691 [/dev/video1 (fd:205)] vidioc_dqbuf()
[0:02:18.123824765] [3568] DEBUG V4L2Compat v4l2_camera_proxy.cpp:659 [/dev/video1 (fd:205)] vidioc_qbuf(index=0)
[0:02:18.124781560] [3565] DEBUG V4L2 v4l2_videodevice.cpp:1783 /dev/video1[200:cap]: Queueing buffer 0
[0:02:18.142753465] [3565] DEBUG V4L2 v4l2_videodevice.cpp:1855 /dev/video1[200:cap]: Dequeuing buffer 1
[0:02:18.143362715] [3568] DEBUG V4L2Compat v4l2_camera_proxy.cpp:691 [/dev/video1 (fd:205)] vidioc_dqbuf()
[0:02:18.152733851] [3568] DEBUG V4L2Compat v4l2_camera_proxy.cpp:659 [/dev/video1 (fd:205)] vidioc_qbuf(index=1)
[0:02:18.153852937] [3565] DEBUG V4L2 v4l2_videodevice.cpp:1783 /dev/video1[200:cap]: Queueing buffer 1
[0:02:18.175505308] [3565] DEBUG V4L2 v4l2_videodevice.cpp:1855 /dev/video1[200:cap]: Dequeuing buffer 2
[0:02:18.175919866] [3568] DEBUG V4L2Compat v4l2_camera_proxy.cpp:691 [/dev/video1 (fd:205)] vidioc_dqbuf()
[0:02:18.183275035] [3568] DEBUG V4L2Compat v4l2_camera_proxy.cpp:659 [/dev/video1 (fd:205)] vidioc_qbuf(index=2)
[0:02:18.183920336] [3565] DEBUG V4L2 v4l2_videodevice.cpp:1783 /dev/video1[200:cap]: Queueing buffer 2
[0:02:18.208744523] [3565] DEBUG V4L2 v4l2_videodevice.cpp:1855 /dev/video1[200:cap]: Dequeuing buffer 3
[0:02:18.209212346] [3568] DEBUG V4L2Compat v4l2_camera_proxy.cpp:691 [/dev/video1 (fd:205)] vidioc_dqbuf()
[0:02:18.225077581] [3568] DEBUG V4L2Compat v4l2_camera_proxy.cpp:659 [/dev/video1 (fd:205)] vidioc_qbuf(index=3)
[0:02:18.225949662] [3565] DEBUG V4L2 v4l2_videodevice.cpp:1783 /dev/video1[200:cap]: Queueing buffer 3
[0:02:18.241704370] [3565] DEBUG V4L2 v4l2_videodevice.cpp:1855 /dev/video1[200:cap]: Dequeuing buffer 0
[0:02:18.242043202] [3568] DEBUG V4L2Compat v4l2_camera_proxy.cpp:691 [/dev/video1 (fd:205)] vidioc_dqbuf()
[0:02:18.254343562] [3568] DEBUG V4L2Compat v4l2_camera_proxy.cpp:659 [/dev/video1 (fd:205)] vidioc_qbuf(index=0)
[0:02:18.255309908] [3565] DEBUG V4L2 v4l2_videodevice.cpp:1783 /dev/video1[200:cap]: Queueing buffer 0
[0:02:18.275451584] [3565] DEBUG V4L2 v4l2_videodevice.cpp:1855 /dev/video1[200:cap]: Dequeuing buffer 1
[0:02:18.275787916] [3568] DEBUG V4L2Compat v4l2_camera_proxy.cpp:691 [/dev/video1 (fd:205)] vidioc_dqbuf()
[0:02:18.289892039] [3568] DEBUG V4L2Compat v4l2_camera_proxy.cpp:659 [/dev/video1 (fd:205)] vidioc_qbuf(index=1)
[0:02:18.290823696] [3565] DEBUG V4L2 v4l2_videodevice.cpp:1783 /dev/video1[200:cap]: Queueing buffer 1
[0:02:18.308421756] [3565] DEBUG V4L2 v4l2_videodevice.cpp:1855 /dev/video1[200:cap]: Dequeuing buffer 2
[0:02:18.308776214] [3568] DEBUG V4L2Compat v4l2_camera_proxy.cpp:691 [/dev/video1 (fd:205)] vidioc_dqbuf()
[0:02:18.323245882] [3568] DEBUG V4L2Compat v4l2_camera_proxy.cpp:659 [/dev/video1 (fd:205)] vidioc_qbuf(index=2)
[0:02:18.324166589] [3565] DEBUG V4L2 v4l2_videodevice.cpp:1783 /dev/video1[200:cap]: Queueing buffer 2
[0:02:18.341568345] [3565] DEBUG V4L2 v4l2_videodevice.cpp:1855 /dev/video1[200:cap]: Dequeuing buffer 3
[0:02:18.342812096] [3568] DEBUG V4L2Compat v4l2_camera_proxy.cpp:691 [/dev/video1 (fd:205)] vidioc_dqbuf()
[0:02:18.351285825] [3568] DEBUG V4L2Compat v4l2_camera_proxy.cpp:659 [/dev/video1 (fd:205)] vidioc_qbuf(index=3)
[0:02:18.351955914] [3565] DEBUG V4L2 v4l2_videodevice.cpp:1783 /dev/video1[200:cap]: Queueing buffer 3
[0:02:18.374714133] [3565] DEBUG V4L2 v4l2_videodevice.cpp:1855 /dev/video1[200:cap]: Dequeuing buffer 0
[0:02:18.375103154] [3568] DEBUG V4L2Compat v4l2_camera_proxy.cpp:691 [/dev/video1 (fd:205)] vidioc_dqbuf()
[0:02:18.388303033] [3568] DEBUG V4L2Compat v4l2_camera_proxy.cpp:659 [/dev/video1 (fd:205)] vidioc_qbuf(index=0)
[0:02:18.388974610] [3565] DEBUG V4L2 v4l2_videodevice.cpp:1783 /dev/video1[200:cap]: Queueing buffer 0
[0:02:18.408094364] [3565] DEBUG V4L2 v4l2_videodevice.cpp:1855 /dev/video1[200:cap]: Dequeuing buffer 1
[0:02:18.408478097] [3568] DEBUG V4L2Compat v4l2_camera_proxy.cpp:691 [/dev/video1 (fd:205)] vidioc_dqbuf()
[0:02:18.421672764] [3568] DEBUG V4L2Compat v4l2_camera_proxy.cpp:659 [/dev/video1 (fd:205)] vidioc_qbuf(index=1)
[0:02:18.422674160] [3565] DEBUG V4L2 v4l2_videodevice.cpp:1783 /dev/video1[200:cap]: Queueing buffer 1
[0:02:18.441190939] [3565] DEBUG V4L2 v4l2_videodevice.cpp:1855 /dev/video1[200:cap]: Dequeuing buffer 2
[0:02:18.441588460] [3568] DEBUG V4L2Compat v4l2_camera_proxy.cpp:691 [/dev/video1 (fd:205)] vidioc_dqbuf()
[0:02:18.447710989] [3568] DEBUG V4L2Compat v4l2_camera_proxy.cpp:659 [/dev/video1 (fd:205)] vidioc_qbuf(index=2)
[0:02:18.448408866] [3565] DEBUG V4L2 v4l2_videodevice.cpp:1783 /dev/video1[200:cap]: Queueing buffer 2
[0:02:18.474267113] [3565] DEBUG V4L2 v4l2_videodevice.cpp:1855 /dev/video1[200:cap]: Dequeuing buffer 3
[0:02:18.474619296] [3568] DEBUG V4L2Compat v4l2_camera_proxy.cpp:691 [/dev/video1 (fd:205)] vidioc_dqbuf()
[0:02:18.484425528] [3568] DEBUG V4L2Compat v4l2_camera_proxy.cpp:659 [/dev/video1 (fd:205)] vidioc_qbuf(index=3)
[0:02:18.485367448] [3565] DEBUG V4L2 v4l2_videodevice.cpp:1783 /dev/video1[200:cap]: Queueing buffer 3
[0:02:18.507707770] [3565] DEBUG V4L2 v4l2_videodevice.cpp:1855 /dev/video1[200:cap]: Dequeuing buffer 0
[0:02:18.510310138] [3568] DEBUG V4L2Compat v4l2_camera_proxy.cpp:691 [/dev/video1 (fd:205)] vidioc_dqbuf()
[0:02:18.523970439] [3568] DEBUG V4L2Compat v4l2_camera_proxy.cpp:659 [/dev/video1 (fd:205)] vidioc_qbuf(index=0)
[0:02:18.525314005] [3565] DEBUG V4L2 v4l2_videodevice.cpp:1783 /dev/video1[200:cap]: Queueing buffer 0
[0:02:18.540795020] [3565] DEBUG V4L2 v4l2_videodevice.cpp:1855 /dev/video1[200:cap]: Dequeuing buffer 1
[0:02:18.541206154] [3568] DEBUG V4L2Compat v4l2_camera_proxy.cpp:691 [/dev/video1 (fd:205)] vidioc_dqbuf()
[0:02:18.548778127] [3568] DEBUG V4L2Compat v4l2_camera_proxy.cpp:659 [/dev/video1 (fd:205)] vidioc_qbuf(index=1)
[0:02:18.550045391] [3565] DEBUG V4L2 v4l2_videodevice.cpp:1783 /dev/video1[200:cap]: Queueing buffer 1
[0:02:18.573863870] [3565] DEBUG V4L2 v4l2_videodevice.cpp:1855 /dev/video1[200:cap]: Dequeuing buffer 2
[0:02:18.574315292] [3568] DEBUG V4L2Compat v4l2_camera_proxy.cpp:691 [/dev/video1 (fd:205)] vidioc_dqbuf()
[0:02:18.583854506] [3568] DEBUG V4L2Compat v4l2_camera_proxy.cpp:659 [/dev/video1 (fd:205)] vidioc_qbuf(index=2)
[0:02:18.584869715] [3565] DEBUG V4L2 v4l2_videodevice.cpp:1783 /dev/video1[200:cap]: Queueing buffer 2
[0:02:18.607257388] [3565] DEBUG V4L2 v4l2_videodevice.cpp:1855 /dev/video1[200:cap]: Dequeuing buffer 3
[0:02:18.607814100] [3568] DEBUG V4L2Compat v4l2_camera_proxy.cpp:691 [/dev/video1 (fd:205)] vidioc_dqbuf()
[0:02:18.607982491] [3568] DEBUG V4L2Compat v4l2_camera_proxy.cpp:691 [/dev/video1 (fd:205)] vidioc_dqbuf()
[0:02:18.608129494] [3568] DEBUG V4L2Compat v4l2_camera_proxy.cpp:691 [/dev/video1 (fd:205)] vidioc_dqbuf()
[0:02:18.608192508] [3568] DEBUG V4L2Compat v4l2_camera_proxy.cpp:691 [/dev/video1 (fd:205)] vidioc_dqbuf()
[0:02:18.608281497] [3568] DEBUG V4L2Compat v4l2_camera_proxy.cpp:691 [/dev/video1 (fd:205)] vidioc_dqbuf()
[0:02:18.608343999] [3568] DEBUG V4L2Compat v4l2_camera_proxy.cpp:691 [/dev/video1 (fd:205)] vidioc_dqbuf()
[0:02:18.608406438] [3568] DEBUG V4L2Compat v4l2_camera_proxy.cpp:691 [/dev/video1 (fd:205)] vidioc_dqbuf()
[0:02:18.608467839] [3568] DEBUG V4L2Compat v4l2_camera_proxy.cpp:691 [/dev/video1 (fd:205)] vidioc_dqbuf()
[0:02:18.608529778] [3568] DEBUG V4L2Compat v4l2_camera_proxy.cpp:691 [/dev/video1 (fd:205)] vidioc_dqbuf()
[0:02:18.608591891] [3568] DEBUG V4L2Compat v4l2_camera_proxy.cpp:691 [/dev/video1 (fd:205)] vidioc_dqbuf()
[0:02:18.608654068] [3568] DEBUG V4L2Compat v4l2_camera_proxy.cpp:691 [/dev/video1 (fd:205)] vidioc_dqbuf()
[0:02:18.608716032] [3568] DEBUG V4L2Compat v4l2_camera_proxy.cpp:691 [/dev/video1 (fd:205)] vidioc_dqbuf()
[0:02:18.608777870] [3568] DEBUG V4L2Compat v4l2_camera_proxy.cpp:691 [/dev/video1 (fd:205)] vidioc_dqbuf()
[0:02:18.608839622] [3568] DEBUG V4L2Compat v4l2_camera_proxy.cpp:691 [/dev/video1 (fd:205)] vidioc_dqbuf()
[0:02:18.608901886] [3568] DEBUG V4L2Compat v4l2_camera_proxy.cpp:691 [/dev/video1 (fd:205)] vidioc_dqbuf()
[0:02:18.608963512] [3568] DEBUG V4L2Compat v4l2_camera_proxy.cpp:691 [/dev/video1 (fd:205)] vidioc_dqbuf()
[0:02:18.609071064] [3568] DEBUG V4L2Compat v4l2_camera_proxy.cpp:691 [/dev/video1 (fd:205)] vidioc_dqbuf()
[0:02:18.609133465] [3568] DEBUG V4L2Compat v4l2_camera_proxy.cpp:691 [/dev/video1 (fd:205)] vidioc_dqbuf()
[0:02:18.609195592] [3568] DEBUG V4L2Compat v4l2_camera_proxy.cpp:691 [/dev/video1 (fd:205)] vidioc_dqbuf()
[0:02:18.617653733] [3568] DEBUG V4L2Compat v4l2_camera_proxy.cpp:659 [/dev/video1 (fd:205)] vidioc_qbuf(index=3)
[0:02:18.618698730] [3565] DEBUG V4L2 v4l2_videodevice.cpp:1783 /dev/video1[200:cap]: Queueing buffer 3
[0:02:18.640368301] [3565] DEBUG V4L2 v4l2_videodevice.cpp:1855 /dev/video1[200:cap]: Dequeuing buffer 0
[0:02:18.641024140] [3568] DEBUG V4L2Compat v4l2_camera_proxy.cpp:691 [/dev/video1 (fd:205)] vidioc_dqbuf()
[0:02:18.651970884] [3568] DEBUG V4L2Compat v4l2_camera_proxy.cpp:659 [/dev/video1 (fd:205)] vidioc_qbuf(index=0)
[0:02:18.652762663] [3565] DEBUG V4L2 v4l2_videodevice.cpp:1783 /dev/video1[200:cap]: Queueing buffer 0
[0:02:18.673557365] [3565] DEBUG V4L2 v4l2_videodevice.cpp:1855 /dev/video1[200:cap]: Dequeuing buffer 1
[0:02:18.673948374] [3568] DEBUG V4L2Compat v4l2_camera_proxy.cpp:691 [/dev/video1 (fd:205)] vidioc_dqbuf()
[0:02:18.686378149] [3568] DEBUG V4L2Compat v4l2_camera_proxy.cpp:659 [/dev/video1 (fd:205)] vidioc_qbuf(index=1)
[0:02:18.687221204] [3565] DEBUG V4L2 v4l2_videodevice.cpp:1783 /dev/video1[200:cap]: Queueing buffer 1
[0:02:18.706837482] [3565] DEBUG V4L2 v4l2_videodevice.cpp:1855 /dev/video1[200:cap]: Dequeuing buffer 2
[0:02:18.707360430] [3568] DEBUG V4L2Compat v4l2_camera_proxy.cpp:691 [/dev/video1 (fd:205)] vidioc_dqbuf()
[0:02:18.719447148] [3568] DEBUG V4L2Compat v4l2_camera_proxy.cpp:659 [/dev/video1 (fd:205)] vidioc_qbuf(index=2)
[0:02:18.720475345] [3565] DEBUG V4L2 v4l2_videodevice.cpp:1783 /dev/video1[200:cap]: Queueing buffer 2
[0:02:18.740045796] [3565] DEBUG V4L2 v4l2_videodevice.cpp:1855 /dev/video1[200:cap]: Dequeuing buffer 3
[0:02:18.740659634] [3568] DEBUG V4L2Compat v4l2_camera_proxy.cpp:691 [/dev/video1 (fd:205)] vidioc_dqbuf()
[0:02:18.749339630] [3568] DEBUG V4L2Compat v4l2_camera_proxy.cpp:659 [/dev/video1 (fd:205)] vidioc_qbuf(index=3)
[0:02:18.750140947] [3565] DEBUG V4L2 v4l2_videodevice.cpp:1783 /dev/video1[200:cap]: Queueing buffer 3
[0:02:18.773241836] [3565] DEBUG V4L2 v4l2_videodevice.cpp:1855 /dev/video1[200:cap]: Dequeuing buffer 0
[0:02:18.773749472] [3568] DEBUG V4L2Compat v4l2_camera_proxy.cpp:691 [/dev/video1 (fd:205)] vidioc_dqbuf()
[0:02:18.782497094] [3568] DEBUG V4L2Compat v4l2_camera_proxy.cpp:659 [/dev/video1 (fd:205)] vidioc_qbuf(index=0)
[0:02:18.783251023] [3565] DEBUG V4L2 v4l2_videodevice.cpp:1783 /dev/video1[200:cap]: Queueing buffer 0
[0:02:18.806545828] [3565] DEBUG V4L2 v4l2_videodevice.cpp:1855 /dev/video1[200:cap]: Dequeuing buffer 1
[0:02:18.807050388] [3568] DEBUG V4L2Compat v4l2_camera_proxy.cpp:691 [/dev/video1 (fd:205)] vidioc_dqbuf()
[0:02:18.814732576] [3568] DEBUG V4L2Compat v4l2_camera_proxy.cpp:659 [/dev/video1 (fd:205)] vidioc_qbuf(index=1)
[0:02:18.815742297] [3565] DEBUG V4L2 v4l2_videodevice.cpp:1783 /dev/video1[200:cap]: Queueing buffer 1
[0:02:18.839771893] [3565] DEBUG V4L2 v4l2_videodevice.cpp:1855 /dev/video1[200:cap]: Dequeuing buffer 2
[0:02:18.840309404] [3568] DEBUG V4L2Compat v4l2_camera_proxy.cpp:691 [/dev/video1 (fd:205)] vidioc_dqbuf()
[0:02:18.848148120] [3568] DEBUG V4L2Compat v4l2_camera_proxy.cpp:659 [/dev/video1 (fd:205)] vidioc_qbuf(index=2)
[0:02:18.850347692] [3565] DEBUG V4L2 v4l2_videodevice.cpp:1783 /dev/video1[200:cap]: Queueing buffer 2
[0:02:18.873114660] [3565] DEBUG V4L2 v4l2_videodevice.cpp:1855 /dev/video1[200:cap]: Dequeuing buffer 3
[0:02:18.873467293] [3568] DEBUG V4L2Compat v4l2_camera_proxy.cpp:691 [/dev/video1 (fd:205)] vidioc_dqbuf()
[0:02:18.881688317] [3568] DEBUG V4L2Compat v4l2_camera_proxy.cpp:659 [/dev/video1 (fd:205)] vidioc_qbuf(index=3)
[0:02:18.882412282] [3565] DEBUG V4L2 v4l2_videodevice.cpp:1783 /dev/video1[200:cap]: Queueing buffer 3
[0:02:18.906255649] [3565] DEBUG V4L2 v4l2_videodevice.cpp:1855 /dev/video1[200:cap]: Dequeuing buffer 0
[0:02:18.906705683] [3568] DEBUG V4L2Compat v4l2_camera_proxy.cpp:691 [/dev/video1 (fd:205)] vidioc_dqbuf()
[0:02:18.916937525] [3568] DEBUG V4L2Compat v4l2_camera_proxy.cpp:659 [/dev/video1 (fd:205)] vidioc_qbuf(index=0)
[0:02:18.917841331] [3565] DEBUG V4L2 v4l2_videodevice.cpp:1783 /dev/video1[200:cap]: Queueing buffer 0
[0:02:18.939410838] [3565] DEBUG V4L2 v4l2_videodevice.cpp:1855 /dev/video1[200:cap]: Dequeuing buffer 1
[0:02:18.939906636] [3568] DEBUG V4L2Compat v4l2_camera_proxy.cpp:691 [/dev/video1 (fd:205)] vidioc_dqbuf()
[0:02:18.953138153] [3568] DEBUG V4L2Compat v4l2_camera_proxy.cpp:659 [/dev/video1 (fd:205)] vidioc_qbuf(index=1)
[0:02:18.954407267] [3565] DEBUG V4L2 v4l2_videodevice.cpp:1783 /dev/video1[200:cap]: Queueing buffer 1
[0:02:18.972623015] [3565] DEBUG V4L2 v4l2_videodevice.cpp:1855 /dev/video1[200:cap]: Dequeuing buffer 2
[0:02:18.973200490] [3568] DEBUG V4L2Compat v4l2_camera_proxy.cpp:691 [/dev/video1 (fd:205)] vidioc_dqbuf()
[0:02:18.989447371] [3568] DEBUG V4L2Compat v4l2_camera_proxy.cpp:659 [/dev/video1 (fd:205)] vidioc_qbuf(index=2)
[0:02:18.990371190] [3565] DEBUG V4L2 v4l2_videodevice.cpp:1783 /dev/video1[200:cap]: Queueing buffer 2
[0:02:19.005718727] [3565] DEBUG V4L2 v4l2_videodevice.cpp:1855 /dev/video1[200:cap]: Dequeuing buffer 3
[0:02:19.008583538] [3568] DEBUG V4L2Compat v4l2_camera_proxy.cpp:691 [/dev/video1 (fd:205)] vidioc_dqbuf()
[0:02:19.023055294] [3568] DEBUG V4L2Compat v4l2_camera_proxy.cpp:659 [/dev/video1 (fd:205)] vidioc_qbuf(index=3)
[0:02:19.023924837] [3565] DEBUG V4L2 v4l2_videodevice.cpp:1783 /dev/video1[200:cap]: Queueing buffer 3
[0:02:19.039101933] [3565] DEBUG V4L2 v4l2_videodevice.cpp:1855 /dev/video1[200:cap]: Dequeuing buffer 0
[0:02:19.039501092] [3568] DEBUG V4L2Compat v4l2_camera_proxy.cpp:691 [/dev/video1 (fd:205)] vidioc_dqbuf()
[0:02:19.056104893] [3568] DEBUG V4L2Compat v4l2_camera_proxy.cpp:659 [/dev/video1 (fd:205)] vidioc_qbuf(index=0)
[0:02:19.057072051] [3565] DEBUG V4L2 v4l2_videodevice.cpp:1783 /dev/video1[200:cap]: Queueing buffer 0
[0:02:19.072291760] [3565] DEBUG V4L2 v4l2_videodevice.cpp:1855 /dev/video1[200:cap]: Dequeuing buffer 1
[0:02:19.072954649] [3568] DEBUG V4L2Compat v4l2_camera_proxy.cpp:691 [/dev/video1 (fd:205)] vidioc_dqbuf()
[0:02:19.090888941] [3568] DEBUG V4L2Compat v4l2_camera_proxy.cpp:659 [/dev/video1 (fd:205)] vidioc_qbuf(index=1)
[0:02:19.091960276] [3565] DEBUG V4L2 v4l2_videodevice.cpp:1783 /dev/video1[200:cap]: Queueing buffer 1
[0:02:19.105594814] [3565] DEBUG V4L2 v4l2_videodevice.cpp:1855 /dev/video1[200:cap]: Dequeuing buffer 2
[0:02:19.106262929] [3568] DEBUG V4L2Compat v4l2_camera_proxy.cpp:691 [/dev/video1 (fd:205)] vidioc_dqbuf()
[0:02:19.116230777] [3568] DEBUG V4L2Compat v4l2_camera_proxy.cpp:659 [/dev/video1 (fd:205)] vidioc_qbuf(index=2)
[0:02:19.117420777] [3565] DEBUG V4L2 v4l2_videodevice.cpp:1783 /dev/video1[200:cap]: Queueing buffer 2
[0:02:19.138698702] [3565] DEBUG V4L2 v4l2_videodevice.cpp:1855 /dev/video1[200:cap]: Dequeuing buffer 3
[0:02:19.139304877] [3568] DEBUG V4L2Compat v4l2_camera_proxy.cpp:691 [/dev/video1 (fd:205)] vidioc_dqbuf()
[0:02:19.151990996] [3568] DEBUG V4L2Compat v4l2_camera_proxy.cpp:659 [/dev/video1 (fd:205)] vidioc_qbuf(index=3)
[0:02:19.152914978] [3565] DEBUG V4L2 v4l2_videodevice.cpp:1783 /dev/video1[200:cap]: Queueing buffer 3
[0:02:19.171910367] [3565] DEBUG V4L2 v4l2_videodevice.cpp:1855 /dev/video1[200:cap]: Dequeuing buffer 0
[0:02:19.172622332] [3568] DEBUG V4L2Compat v4l2_camera_proxy.cpp:691 [/dev/video1 (fd:205)] vidioc_dqbuf()
[0:02:19.185458703] [3568] DEBUG V4L2Compat v4l2_camera_proxy.cpp:659 [/dev/video1 (fd:205)] vidioc_qbuf(index=0)
[0:02:19.186662116] [3565] DEBUG V4L2 v4l2_videodevice.cpp:1783 /dev/video1[200:cap]: Queueing buffer 0
[0:02:19.205122432] [3565] DEBUG V4L2 v4l2_videodevice.cpp:1855 /dev/video1[200:cap]: Dequeuing buffer 1
[0:02:19.205592504] [3568] DEBUG V4L2Compat v4l2_camera_proxy.cpp:691 [/dev/video1 (fd:205)] vidioc_dqbuf()
[0:02:19.217193000] [3568] DEBUG V4L2Compat v4l2_camera_proxy.cpp:659 [/dev/video1 (fd:205)] vidioc_qbuf(index=1)
[0:02:19.217845326] [3565] DEBUG V4L2 v4l2_videodevice.cpp:1783 /dev/video1[200:cap]: Queueing buffer 1
[0:02:19.238348034] [3565] DEBUG V4L2 v4l2_videodevice.cpp:1855 /dev/video1[200:cap]: Dequeuing buffer 2
[0:02:19.238887345] [3568] DEBUG V4L2Compat v4l2_camera_proxy.cpp:691 [/dev/video1 (fd:205)] vidioc_dqbuf()
[0:02:19.248376771] [3568] DEBUG V4L2Compat v4l2_camera_proxy.cpp:659 [/dev/video1 (fd:205)] vidioc_qbuf(index=2)
[0:02:19.249054598] [3565] DEBUG V4L2 v4l2_videodevice.cpp:1783 /dev/video1[200:cap]: Queueing buffer 2
[0:02:19.272194075] [3565] DEBUG V4L2 v4l2_videodevice.cpp:1855 /dev/video1[200:cap]: Dequeuing buffer 3
[0:02:19.272987129] [3568] DEBUG V4L2Compat v4l2_camera_proxy.cpp:691 [/dev/video1 (fd:205)] vidioc_dqbuf()
[0:02:19.284625001] [3568] DEBUG V4L2Compat v4l2_camera_proxy.cpp:659 [/dev/video1 (fd:205)] vidioc_qbuf(index=3)
[0:02:19.285598471] [3565] DEBUG V4L2 v4l2_videodevice.cpp:1783 /dev/video1[200:cap]: Queueing buffer 3
[0:02:19.304944543] [3565] DEBUG V4L2 v4l2_videodevice.cpp:1855 /dev/video1[200:cap]: Dequeuing buffer 0
[0:02:19.305643245] [3568] DEBUG V4L2Compat v4l2_camera_proxy.cpp:691 [/dev/video1 (fd:205)] vidioc_dqbuf()
[0:02:19.320453646] [3568] DEBUG V4L2Compat v4l2_camera_proxy.cpp:659 [/dev/video1 (fd:205)] vidioc_qbuf(index=0)
[0:02:19.322460976] [3565] DEBUG V4L2 v4l2_videodevice.cpp:1783 /dev/video1[200:cap]: Queueing buffer 0
[0:02:19.338208646] [3565] DEBUG V4L2 v4l2_videodevice.cpp:1855 /dev/video1[200:cap]: Dequeuing buffer 1
[0:02:19.338937749] [3568] DEBUG V4L2Compat v4l2_camera_proxy.cpp:691 [/dev/video1 (fd:205)] vidioc_dqbuf()
[0:02:19.351269347] [3568] DEBUG V4L2Compat v4l2_camera_proxy.cpp:659 [/dev/video1 (fd:205)] vidioc_qbuf(index=1)
[0:02:19.352168204] [3565] DEBUG V4L2 v4l2_videodevice.cpp:1783 /dev/video1[200:cap]: Queueing buffer 1
[0:02:19.371358310] [3565] DEBUG V4L2 v4l2_videodevice.cpp:1855 /dev/video1[200:cap]: Dequeuing buffer 2
[0:02:19.371903884] [3568] DEBUG V4L2Compat v4l2_camera_proxy.cpp:691 [/dev/video1 (fd:205)] vidioc_dqbuf()
[0:02:19.379804838] [3568] DEBUG V4L2Compat v4l2_camera_proxy.cpp:659 [/dev/video1 (fd:205)] vidioc_qbuf(index=2)
[0:02:19.380538304] [3565] DEBUG V4L2 v4l2_videodevice.cpp:1783 /dev/video1[200:cap]: Queueing buffer 2
[0:02:19.404507511] [3565] DEBUG V4L2 v4l2_videodevice.cpp:1855 /dev/video1[200:cap]: Dequeuing buffer 3
[0:02:19.404942620] [3568] DEBUG V4L2Compat v4l2_camera_proxy.cpp:691 [/dev/video1 (fd:205)] vidioc_dqbuf()
[0:02:19.419951675] [3568] DEBUG V4L2Compat v4l2_camera_proxy.cpp:659 [/dev/video1 (fd:205)] vidioc_qbuf(index=3)
[0:02:19.420645627] [3565] DEBUG V4L2 v4l2_videodevice.cpp:1783 /dev/video1[200:cap]: Queueing buffer 3
[0:02:19.437642562] [3565] DEBUG V4L2 v4l2_videodevice.cpp:1855 /dev/video1[200:cap]: Dequeuing buffer 0
[0:02:19.438340914] [3568] DEBUG V4L2Compat v4l2_camera_proxy.cpp:691 [/dev/video1 (fd:205)] vidioc_dqbuf()
[0:02:19.449492362] [3568] DEBUG V4L2Compat v4l2_camera_proxy.cpp:659 [/dev/video1 (fd:205)] vidioc_qbuf(index=0)
[0:02:19.450230065] [3565] DEBUG V4L2 v4l2_videodevice.cpp:1783 /dev/video1[200:cap]: Queueing buffer 0
[0:02:19.471115207] [3565] DEBUG V4L2 v4l2_videodevice.cpp:1855 /dev/video1[200:cap]: Dequeuing buffer 1
[0:02:19.471767183] [3568] DEBUG V4L2Compat v4l2_camera_proxy.cpp:691 [/dev/video1 (fd:205)] vidioc_dqbuf()
[0:02:19.482568887] [3568] DEBUG V4L2Compat v4l2_camera_proxy.cpp:659 [/dev/video1 (fd:205)] vidioc_qbuf(index=1)
[0:02:19.483283939] [3565] DEBUG V4L2 v4l2_videodevice.cpp:1783 /dev/video1[200:cap]: Queueing buffer 1
[0:02:19.504185106] [3565] DEBUG V4L2 v4l2_videodevice.cpp:1855 /dev/video1[200:cap]: Dequeuing buffer 2
[0:02:19.506423241] [3568] DEBUG V4L2Compat v4l2_camera_proxy.cpp:691 [/dev/video1 (fd:205)] vidioc_dqbuf()
[0:02:19.522737486] [3568] DEBUG V4L2Compat v4l2_camera_proxy.cpp:659 [/dev/video1 (fd:205)] vidioc_qbuf(index=2)
[0:02:19.523899723] [3565] DEBUG V4L2 v4l2_videodevice.cpp:1783 /dev/video1[200:cap]: Queueing buffer 2
[0:02:19.537416896] [3565] DEBUG V4L2 v4l2_videodevice.cpp:1855 /dev/video1[200:cap]: Dequeuing buffer 3
[0:02:19.537916107] [3568] DEBUG V4L2Compat v4l2_camera_proxy.cpp:691 [/dev/video1 (fd:205)] vidioc_dqbuf()
[0:02:19.546724743] [3568] DEBUG V4L2Compat v4l2_camera_proxy.cpp:659 [/dev/video1 (fd:205)] vidioc_qbuf(index=3)
[0:02:19.547765578] [3565] DEBUG V4L2 v4l2_videodevice.cpp:1783 /dev/video1[200:cap]: Queueing buffer 3
[0:02:19.570664925] [3565] DEBUG V4L2 v4l2_videodevice.cpp:1855 /dev/video1[200:cap]: Dequeuing buffer 0
[0:02:19.571283650] [3568] DEBUG V4L2Compat v4l2_camera_proxy.cpp:691 [/dev/video1 (fd:205)] vidioc_dqbuf()
[0:02:19.585164506] [3568] DEBUG V4L2Compat v4l2_camera_proxy.cpp:659 [/dev/video1 (fd:205)] vidioc_qbuf(index=0)
[0:02:19.585967361] [3565] DEBUG V4L2 v4l2_videodevice.cpp:1783 /dev/video1[200:cap]: Queueing buffer 0
[0:02:19.603681623] [3565] DEBUG V4L2 v4l2_videodevice.cpp:1855 /dev/video1[200:cap]: Dequeuing buffer 1
[0:02:19.604291236] [3568] DEBUG V4L2Compat v4l2_camera_proxy.cpp:691 [/dev/video1 (fd:205)] vidioc_dqbuf()
[0:02:19.621508850] [3568] DEBUG V4L2Compat v4l2_camera_proxy.cpp:659 [/dev/video1 (fd:205)] vidioc_qbuf(index=1)
[0:02:19.622583110] [3565] DEBUG V4L2 v4l2_videodevice.cpp:1783 /dev/video1[200:cap]: Queueing buffer 1
[0:02:19.637055179] [3565] DEBUG V4L2 v4l2_videodevice.cpp:1855 /dev/video1[200:cap]: Dequeuing buffer 2
[0:02:19.637642154] [3568] DEBUG V4L2Compat v4l2_camera_proxy.cpp:691 [/dev/video1 (fd:205)] vidioc_dqbuf()
[0:02:19.643307098] [3568] DEBUG V4L2Compat v4l2_camera_proxy.cpp:659 [/dev/video1 (fd:205)] vidioc_qbuf(index=2)
[0:02:19.644183392] [3565] DEBUG V4L2 v4l2_videodevice.cpp:1783 /dev/video1[200:cap]: Queueing buffer 2
[0:02:19.670402546] [3565] DEBUG V4L2 v4l2_videodevice.cpp:1855 /dev/video1[200:cap]: Dequeuing buffer 3
[0:02:19.671483082] [3568] DEBUG V4L2Compat v4l2_camera_proxy.cpp:691 [/dev/video1 (fd:205)] vidioc_dqbuf()
[0:02:19.687915604] [3568] DEBUG V4L2Compat v4l2_camera_proxy.cpp:659 [/dev/video1 (fd:205)] vidioc_qbuf(index=3)
[0:02:19.690716463] [3565] DEBUG V4L2 v4l2_videodevice.cpp:1783 /dev/video1[200:cap]: Queueing buffer 3
[0:02:19.703216703] [3565] DEBUG V4L2 v4l2_videodevice.cpp:1855 /dev/video1[200:cap]: Dequeuing buffer 0
[0:02:19.703559535] [3568] DEBUG V4L2Compat v4l2_camera_proxy.cpp:691 [/dev/video1 (fd:205)] vidioc_dqbuf()
[0:02:19.716941468] [3568] DEBUG V4L2Compat v4l2_camera_proxy.cpp:659 [/dev/video1 (fd:205)] vidioc_qbuf(index=0)
[0:02:19.718099130] [3565] DEBUG V4L2 v4l2_videodevice.cpp:1783 /dev/video1[200:cap]: Queueing buffer 0
[0:02:19.736682911] [3565] DEBUG V4L2 v4l2_videodevice.cpp:1855 /dev/video1[200:cap]: Dequeuing buffer 1
[0:02:19.737116732] [3568] DEBUG V4L2Compat v4l2_camera_proxy.cpp:691 [/dev/video1 (fd:205)] vidioc_dqbuf()
[0:02:19.750811297] [3568] DEBUG V4L2Compat v4l2_camera_proxy.cpp:659 [/dev/video1 (fd:205)] vidioc_qbuf(index=1)
[0:02:19.751705328] [3565] DEBUG V4L2 v4l2_videodevice.cpp:1783 /dev/video1[200:cap]: Queueing buffer 1
[0:02:19.769495142] [3565] DEBUG V4L2 v4l2_videodevice.cpp:1855 /dev/video1[200:cap]: Dequeuing buffer 2
[0:02:19.769774323] [3568] DEBUG V4L2Compat v4l2_camera_proxy.cpp:691 [/dev/video1 (fd:205)] vidioc_dqbuf()
[0:02:19.775878164] [3568] DEBUG V4L2Compat v4l2_camera_proxy.cpp:659 [/dev/video1 (fd:205)] vidioc_qbuf(index=2)
[0:02:19.776534291] [3565] DEBUG V4L2 v4l2_videodevice.cpp:1783 /dev/video1[200:cap]: Queueing buffer 2
[0:02:19.803234893] [3565] DEBUG V4L2 v4l2_videodevice.cpp:1855 /dev/video1[200:cap]: Dequeuing buffer 3
[0:02:19.803606776] [3568] DEBUG V4L2Compat v4l2_camera_proxy.cpp:691 [/dev/video1 (fd:205)] vidioc_dqbuf()
[0:02:19.819904408] [3568] DEBUG V4L2Compat v4l2_camera_proxy.cpp:659 [/dev/video1 (fd:205)] vidioc_qbuf(index=3)
[0:02:19.820887954] [3565] DEBUG V4L2 v4l2_videodevice.cpp:1783 /dev/video1[200:cap]: Queueing buffer 3
[0:02:19.835899509] [3565] DEBUG V4L2 v4l2_videodevice.cpp:1855 /dev/video1[200:cap]: Dequeuing buffer 0
[0:02:19.836196840] [3568] DEBUG V4L2Compat v4l2_camera_proxy.cpp:691 [/dev/video1 (fd:205)] vidioc_dqbuf()
[0:02:19.849077137] [3568] DEBUG V4L2Compat v4l2_camera_proxy.cpp:659 [/dev/video1 (fd:205)] vidioc_qbuf(index=0)
[0:02:19.849990832] [3565] DEBUG V4L2 v4l2_videodevice.cpp:1783 /dev/video1[200:cap]: Queueing buffer 0
[0:02:19.869781050] [3565] DEBUG V4L2 v4l2_videodevice.cpp:1855 /dev/video1[200:cap]: Dequeuing buffer 1
[0:02:19.870873011] [3568] DEBUG V4L2Compat v4l2_camera_proxy.cpp:691 [/dev/video1 (fd:205)] vidioc_dqbuf()
[0:02:19.888956593] [3568] DEBUG V4L2Compat v4l2_camera_proxy.cpp:659 [/dev/video1 (fd:205)] vidioc_qbuf(index=1)
[0:02:19.890114043] [3565] DEBUG V4L2 v4l2_videodevice.cpp:1783 /dev/video1[200:cap]: Queueing buffer 1
[0:02:19.902568119] [3565] DEBUG V4L2 v4l2_videodevice.cpp:1855 /dev/video1[200:cap]: Dequeuing buffer 2
[0:02:19.903256983] [3568] DEBUG V4L2Compat v4l2_camera_proxy.cpp:691 [/dev/video1 (fd:205)] vidioc_dqbuf()
[0:02:19.918338277] [3568] DEBUG V4L2Compat v4l2_camera_proxy.cpp:659 [/dev/video1 (fd:205)] vidioc_qbuf(index=2)
[0:02:19.919370911] [3565] DEBUG V4L2 v4l2_videodevice.cpp:1783 /dev/video1[200:cap]: Queueing buffer 2
[0:02:19.935833759] [3565] DEBUG V4L2 v4l2_videodevice.cpp:1855 /dev/video1[200:cap]: Dequeuing buffer 3
[0:02:19.936396434] [3568] DEBUG V4L2Compat v4l2_camera_proxy.cpp:691 [/dev/video1 (fd:205)] vidioc_dqbuf()
[0:02:19.954552105] [3568] DEBUG V4L2Compat v4l2_camera_proxy.cpp:659 [/dev/video1 (fd:205)] vidioc_qbuf(index=3)
[0:02:19.955798194] [3565] DEBUG V4L2 v4l2_videodevice.cpp:1783 /dev/video1[200:cap]: Queueing buffer 3
[0:02:19.969156789] [3565] DEBUG V4L2 v4l2_videodevice.cpp:1855 /dev/video1[200:cap]: Dequeuing buffer 0
[0:02:19.969488271] [3568] DEBUG V4L2Compat v4l2_camera_proxy.cpp:691 [/dev/video1 (fd:205)] vidioc_dqbuf()
[0:02:19.988216480] [3568] DEBUG V4L2Compat v4l2_camera_proxy.cpp:659 [/dev/video1 (fd:205)] vidioc_qbuf(index=0)
[0:02:19.989289278] [3565] DEBUG V4L2 v4l2_videodevice.cpp:1783 /dev/video1[200:cap]: Queueing buffer 0
[0:02:20.002417443] [3565] DEBUG V4L2 v4l2_videodevice.cpp:1855 /dev/video1[200:cap]: Dequeuing buffer 1
[0:02:20.003796872] [3568] DEBUG V4L2Compat v4l2_camera_proxy.cpp:691 [/dev/video1 (fd:205)] vidioc_dqbuf()
[0:02:20.021762502] [3568] DEBUG V4L2Compat v4l2_camera_proxy.cpp:659 [/dev/video1 (fd:205)] vidioc_qbuf(index=1)
[0:02:20.022821962] [3565] DEBUG V4L2 v4l2_videodevice.cpp:1783 /dev/video1[200:cap]: Queueing buffer 1
[0:02:20.035584869] [3565] DEBUG V4L2 v4l2_videodevice.cpp:1855 /dev/video1[200:cap]: Dequeuing buffer 2
[0:02:20.036362173] [3568] DEBUG V4L2Compat v4l2_camera_proxy.cpp:691 [/dev/video1 (fd:205)] vidioc_dqbuf()
[0:02:20.054606746] [3568] DEBUG V4L2Compat v4l2_camera_proxy.cpp:659 [/dev/video1 (fd:205)] vidioc_qbuf(index=2)
[0:02:20.055675069] [3565] DEBUG V4L2 v4l2_videodevice.cpp:1783 /dev/video1[200:cap]: Queueing buffer 2
[0:02:20.068823459] [3565] DEBUG V4L2 v4l2_videodevice.cpp:1855 /dev/video1[200:cap]: Dequeuing buffer 3
[0:02:20.069443210] [3568] DEBUG V4L2Compat v4l2_camera_proxy.cpp:691 [/dev/video1 (fd:205)] vidioc_dqbuf()
[0:02:20.076586399] [3568] DEBUG V4L2Compat v4l2_camera_proxy.cpp:659 [/dev/video1 (fd:205)] vidioc_qbuf(index=3)
[0:02:20.077151136] [3565] DEBUG V4L2 v4l2_videodevice.cpp:1783 /dev/video1[200:cap]: Queueing buffer 3
[0:02:20.102160239] [3565] DEBUG V4L2 v4l2_videodevice.cpp:1855 /dev/video1[200:cap]: Dequeuing buffer 0
[0:02:20.102549248] [3568] DEBUG V4L2Compat v4l2_camera_proxy.cpp:691 [/dev/video1 (fd:205)] vidioc_dqbuf()
[0:02:20.109766588] [3568] DEBUG V4L2Compat v4l2_camera_proxy.cpp:659 [/dev/video1 (fd:205)] vidioc_qbuf(index=0)
[0:02:20.110368913] [3565] DEBUG V4L2 v4l2_videodevice.cpp:1783 /dev/video1[200:cap]: Queueing buffer 0
[0:02:20.134932383] [3565] DEBUG V4L2 v4l2_videodevice.cpp:1855 /dev/video1[200:cap]: Dequeuing buffer 1
[0:02:20.135255414] [3568] DEBUG V4L2Compat v4l2_camera_proxy.cpp:691 [/dev/video1 (fd:205)] vidioc_dqbuf()
[0:02:20.142455292] [3568] DEBUG V4L2Compat v4l2_camera_proxy.cpp:659 [/dev/video1 (fd:205)] vidioc_qbuf(index=1)
[0:02:20.143049617] [3565] DEBUG V4L2 v4l2_videodevice.cpp:1783 /dev/video1[200:cap]: Queueing buffer 1
[0:02:20.168330051] [3565] DEBUG V4L2 v4l2_videodevice.cpp:1855 /dev/video1[200:cap]: Dequeuing buffer 2
[0:02:20.169442475] [3568] DEBUG V4L2Compat v4l2_camera_proxy.cpp:691 [/dev/video1 (fd:205)] vidioc_dqbuf()
[0:02:20.177482557] [3568] DEBUG V4L2Compat v4l2_camera_proxy.cpp:659 [/dev/video1 (fd:205)] vidioc_qbuf(index=2)
[0:02:20.178277124] [3565] DEBUG V4L2 v4l2_videodevice.cpp:1783 /dev/video1[200:cap]: Queueing buffer 2
[0:02:20.201463889] [3565] DEBUG V4L2 v4l2_videodevice.cpp:1855 /dev/video1[200:cap]: Dequeuing buffer 3
[0:02:20.203340267] [3568] DEBUG V4L2Compat v4l2_camera_proxy.cpp:691 [/dev/video1 (fd:205)] vidioc_dqbuf()
[0:02:20.216975905] [3568] DEBUG V4L2Compat v4l2_camera_proxy.cpp:659 [/dev/video1 (fd:205)] vidioc_qbuf(index=3)
[0:02:20.218174430] [3565] DEBUG V4L2 v4l2_videodevice.cpp:1783 /dev/video1[200:cap]: Queueing buffer 3
[0:02:20.234765356] [3565] DEBUG V4L2 v4l2_videodevice.cpp:1855 /dev/video1[200:cap]: Dequeuing buffer 0
[0:02:20.235245391] [3568] DEBUG V4L2Compat v4l2_camera_proxy.cpp:691 [/dev/video1 (fd:205)] vidioc_dqbuf()
[0:02:20.252162087] [3568] DEBUG V4L2Compat v4l2_camera_proxy.cpp:659 [/dev/video1 (fd:205)] vidioc_qbuf(index=0)
[0:02:20.255329266] [3565] DEBUG V4L2 v4l2_videodevice.cpp:1783 /dev/video1[200:cap]: Queueing buffer 0
[0:02:20.268064586] [3565] DEBUG V4L2 v4l2_videodevice.cpp:1855 /dev/video1[200:cap]: Dequeuing buffer 1
[0:02:20.269066282] [3568] DEBUG V4L2Compat v4l2_camera_proxy.cpp:691 [/dev/video1 (fd:205)] vidioc_dqbuf()
[0:02:20.284328604] [3568] DEBUG V4L2Compat v4l2_camera_proxy.cpp:659 [/dev/video1 (fd:205)] vidioc_qbuf(index=1)
[0:02:20.285437615] [3565] DEBUG V4L2 v4l2_videodevice.cpp:1783 /dev/video1[200:cap]: Queueing buffer 1
[0:02:20.301400790] [3565] DEBUG V4L2 v4l2_videodevice.cpp:1855 /dev/video1[200:cap]: Dequeuing buffer 2
[0:02:20.301882788] [3568] DEBUG V4L2Compat v4l2_camera_proxy.cpp:691 [/dev/video1 (fd:205)] vidioc_dqbuf()
[0:02:20.320525832] [3568] DEBUG V4L2Compat v4l2_camera_proxy.cpp:659 [/dev/video1 (fd:205)] vidioc_qbuf(index=2)
[0:02:20.322557788] [3565] DEBUG V4L2 v4l2_videodevice.cpp:1783 /dev/video1[200:cap]: Queueing buffer 2
[0:02:20.334376775] [3565] DEBUG V4L2 v4l2_videodevice.cpp:1855 /dev/video1[200:cap]: Dequeuing buffer 3
[0:02:20.334942650] [3568] DEBUG V4L2Compat v4l2_camera_proxy.cpp:691 [/dev/video1 (fd:205)] vidioc_dqbuf()
[0:02:20.352545910] [3568] DEBUG V4L2Compat v4l2_camera_proxy.cpp:659 [/dev/video1 (fd:205)] vidioc_qbuf(index=3)
[0:02:20.353589782] [3565] DEBUG V4L2 v4l2_videodevice.cpp:1783 /dev/video1[200:cap]: Queueing buffer 3
[0:02:20.367654004] [3565] DEBUG V4L2 v4l2_videodevice.cpp:1855 /dev/video1[200:cap]: Dequeuing buffer 0
[0:02:20.368153065] [3568] DEBUG V4L2Compat v4l2_camera_proxy.cpp:691 [/dev/video1 (fd:205)] vidioc_dqbuf()
[0:02:20.386460027] [3568] DEBUG V4L2Compat v4l2_camera_proxy.cpp:659 [/dev/video1 (fd:205)] vidioc_qbuf(index=0)
[0:02:20.388754138] [3565] DEBUG V4L2 v4l2_videodevice.cpp:1783 /dev/video1[200:cap]: Queueing buffer 0
[0:02:20.400888107] [3565] DEBUG V4L2 v4l2_videodevice.cpp:1855 /dev/video1[200:cap]: Dequeuing buffer 1
[0:02:20.401673161] [3568] DEBUG V4L2Compat v4l2_camera_proxy.cpp:691 [/dev/video1 (fd:205)] vidioc_dqbuf()
[0:02:20.420547298] [3568] DEBUG V4L2Compat v4l2_camera_proxy.cpp:659 [/dev/video1 (fd:205)] vidioc_qbuf(index=1)
[0:02:20.421767586] [3565] DEBUG V4L2 v4l2_videodevice.cpp:1783 /dev/video1[200:cap]: Queueing buffer 1
[0:02:20.434127860] [3565] DEBUG V4L2 v4l2_videodevice.cpp:1855 /dev/video1[200:cap]: Dequeuing buffer 2
[0:02:20.434801887] [3568] DEBUG V4L2Compat v4l2_camera_proxy.cpp:691 [/dev/video1 (fd:205)] vidioc_dqbuf()
[0:02:20.452900557] [3568] DEBUG V4L2Compat v4l2_camera_proxy.cpp:659 [/dev/video1 (fd:205)] vidioc_qbuf(index=2)
[0:02:20.454153008] [3565] DEBUG V4L2 v4l2_videodevice.cpp:1783 /dev/video1[200:cap]: Queueing buffer 2
[0:02:20.467509966] [3565] DEBUG V4L2 v4l2_videodevice.cpp:1855 /dev/video1[200:cap]: Dequeuing buffer 3
[0:02:20.468266432] [3568] DEBUG V4L2Compat v4l2_camera_proxy.cpp:691 [/dev/video1 (fd:205)] vidioc_dqbuf()
[0:02:20.484858570] [3568] DEBUG V4L2Compat v4l2_camera_proxy.cpp:659 [/dev/video1 (fd:205)] vidioc_qbuf(index=3)
[0:02:20.486841212] [3565] DEBUG V4L2 v4l2_videodevice.cpp:1783 /dev/video1[200:cap]: Queueing buffer 3
[0:02:20.500567427] [3565] DEBUG V4L2 v4l2_videodevice.cpp:1855 /dev/video1[200:cap]: Dequeuing buffer 0
[0:02:20.503607179] [3568] DEBUG V4L2Compat v4l2_camera_proxy.cpp:691 [/dev/video1 (fd:205)] vidioc_dqbuf()
[0:02:20.513631616] [3568] DEBUG V4L2Compat v4l2_camera_proxy.cpp:659 [/dev/video1 (fd:205)] vidioc_qbuf(index=0)
[0:02:20.514556536] [3565] DEBUG V4L2 v4l2_videodevice.cpp:1783 /dev/video1[200:cap]: Queueing buffer 0
[0:02:20.533798768] [3565] DEBUG V4L2 v4l2_videodevice.cpp:1855 /dev/video1[200:cap]: Dequeuing buffer 1
[0:02:20.534472119] [3568] DEBUG V4L2Compat v4l2_camera_proxy.cpp:691 [/dev/video1 (fd:205)] vidioc_dqbuf()
[0:02:20.547069548] [3568] DEBUG V4L2Compat v4l2_camera_proxy.cpp:659 [/dev/video1 (fd:205)] vidioc_qbuf(index=1)
[0:02:20.547898053] [3565] DEBUG V4L2 v4l2_videodevice.cpp:1783 /dev/video1[200:cap]: Queueing buffer 1
[0:02:20.566947106] [3565] DEBUG V4L2 v4l2_videodevice.cpp:1855 /dev/video1[200:cap]: Dequeuing buffer 2
[0:02:20.567561382] [3568] DEBUG V4L2Compat v4l2_camera_proxy.cpp:691 [/dev/video1 (fd:205)] vidioc_dqbuf()
[0:02:20.582748490] [3568] DEBUG V4L2Compat v4l2_camera_proxy.cpp:659 [/dev/video1 (fd:205)] vidioc_qbuf(index=2)
[0:02:20.583831626] [3565] DEBUG V4L2 v4l2_videodevice.cpp:1783 /dev/video1[200:cap]: Queueing buffer 2
[0:02:20.600281399] [3565] DEBUG V4L2 v4l2_videodevice.cpp:1855 /dev/video1[200:cap]: Dequeuing buffer 3
[0:02:20.600954238] [3568] DEBUG V4L2Compat v4l2_camera_proxy.cpp:691 [/dev/video1 (fd:205)] vidioc_dqbuf()
[0:02:20.615229627] [3568] DEBUG V4L2Compat v4l2_camera_proxy.cpp:659 [/dev/video1 (fd:205)] vidioc_qbuf(index=3)
[0:02:20.616218361] [3565] DEBUG V4L2 v4l2_videodevice.cpp:1783 /dev/video1[200:cap]: Queueing buffer 3
[0:02:20.633241708] [3565] DEBUG V4L2 v4l2_videodevice.cpp:1855 /dev/video1[200:cap]: Dequeuing buffer 0
[0:02:20.633839096] [3568] DEBUG V4L2Compat v4l2_camera_proxy.cpp:691 [/dev/video1 (fd:205)] vidioc_dqbuf()
[0:02:20.649335923] [3568] DEBUG V4L2Compat v4l2_camera_proxy.cpp:659 [/dev/video1 (fd:205)] vidioc_qbuf(index=0)
[0:02:20.650472885] [3565] DEBUG V4L2 v4l2_videodevice.cpp:1783 /dev/video1[200:cap]: Queueing buffer 0
[0:02:20.666544412] [3565] DEBUG V4L2 v4l2_videodevice.cpp:1855 /dev/video1[200:cap]: Dequeuing buffer 1
[0:02:20.667206126] [3568] DEBUG V4L2Compat v4l2_camera_proxy.cpp:691 [/dev/video1 (fd:205)] vidioc_dqbuf()
[0:02:20.679547287] [3568] DEBUG V4L2Compat v4l2_camera_proxy.cpp:659 [/dev/video1 (fd:205)] vidioc_qbuf(index=1)
[0:02:20.680606185] [3565] DEBUG V4L2 v4l2_videodevice.cpp:1783 /dev/video1[200:cap]: Queueing buffer 1
[0:02:20.699619637] [3565] DEBUG V4L2 v4l2_videodevice.cpp:1855 /dev/video1[200:cap]: Dequeuing buffer 2
[0:02:20.700494543] [3568] DEBUG V4L2Compat v4l2_camera_proxy.cpp:691 [/dev/video1 (fd:205)] vidioc_dqbuf()
[0:02:20.714393999] [3568] DEBUG V4L2Compat v4l2_camera_proxy.cpp:659 [/dev/video1 (fd:205)] vidioc_qbuf(index=2)
[0:02:20.715326107] [3565] DEBUG V4L2 v4l2_videodevice.cpp:1783 /dev/video1[200:cap]: Queueing buffer 2
[0:02:20.732895778] [3565] DEBUG V4L2 v4l2_videodevice.cpp:1855 /dev/video1[200:cap]: Dequeuing buffer 3
[0:02:20.733501841] [3568] DEBUG V4L2Compat v4l2_camera_proxy.cpp:691 [/dev/video1 (fd:205)] vidioc_dqbuf()
[0:02:20.741385558] [3568] DEBUG V4L2Compat v4l2_camera_proxy.cpp:659 [/dev/video1 (fd:205)] vidioc_qbuf(index=3)
[0:02:20.742045884] [3565] DEBUG V4L2 v4l2_videodevice.cpp:1783 /dev/video1[200:cap]: Queueing buffer 3
[0:02:20.766208957] [3565] DEBUG V4L2 v4l2_videodevice.cpp:1855 /dev/video1[200:cap]: Dequeuing buffer 0
[0:02:20.766724381] [3568] DEBUG V4L2Compat v4l2_camera_proxy.cpp:691 [/dev/video1 (fd:205)] vidioc_dqbuf()
[0:02:20.778816837] [3568] DEBUG V4L2Compat v4l2_camera_proxy.cpp:659 [/dev/video1 (fd:205)] vidioc_qbuf(index=0)
[0:02:20.780411158] [3565] DEBUG V4L2 v4l2_videodevice.cpp:1783 /dev/video1[200:cap]: Queueing buffer 0
[0:02:20.799432610] [3565] DEBUG V4L2 v4l2_videodevice.cpp:1855 /dev/video1[200:cap]: Dequeuing buffer 1
[0:02:20.800106637] [3568] DEBUG V4L2Compat v4l2_camera_proxy.cpp:691 [/dev/video1 (fd:205)] vidioc_dqbuf()
[0:02:20.810505207] [3568] DEBUG V4L2Compat v4l2_camera_proxy.cpp:659 [/dev/video1 (fd:205)] vidioc_qbuf(index=1)
[0:02:20.811359337] [3565] DEBUG V4L2 v4l2_videodevice.cpp:1783 /dev/video1[200:cap]: Queueing buffer 1
[0:02:20.832653388] [3565] DEBUG V4L2 v4l2_videodevice.cpp:1855 /dev/video1[200:cap]: Dequeuing buffer 2
[0:02:20.833308589] [3568] DEBUG V4L2Compat v4l2_camera_proxy.cpp:691 [/dev/video1 (fd:205)] vidioc_dqbuf()
[0:02:20.844404411] [3568] DEBUG V4L2Compat v4l2_camera_proxy.cpp:659 [/dev/video1 (fd:205)] vidioc_qbuf(index=2)
[0:02:20.845314243] [3565] DEBUG V4L2 v4l2_videodevice.cpp:1783 /dev/video1[200:cap]: Queueing buffer 2
[0:02:20.865844527] [3565] DEBUG V4L2 v4l2_videodevice.cpp:1855 /dev/video1[200:cap]: Dequeuing buffer 3
[0:02:20.866449527] [3568] DEBUG V4L2Compat v4l2_camera_proxy.cpp:691 [/dev/video1 (fd:205)] vidioc_dqbuf()
[0:02:20.877175579] [3568] DEBUG V4L2Compat v4l2_camera_proxy.cpp:659 [/dev/video1 (fd:205)] vidioc_qbuf(index=3)
[0:02:20.878301728] [3565] DEBUG V4L2 v4l2_videodevice.cpp:1783 /dev/video1[200:cap]: Queueing buffer 3
[0:02:20.899051204] [3565] DEBUG V4L2 v4l2_videodevice.cpp:1855 /dev/video1[200:cap]: Dequeuing buffer 0
[0:02:20.899632617] [3568] DEBUG V4L2Compat v4l2_camera_proxy.cpp:691 [/dev/video1 (fd:205)] vidioc_dqbuf()
[0:02:20.910354943] [3568] DEBUG V4L2Compat v4l2_camera_proxy.cpp:659 [/dev/video1 (fd:205)] vidioc_qbuf(index=0)
[0:02:20.911122947] [3565] DEBUG V4L2 v4l2_videodevice.cpp:1783 /dev/video1[200:cap]: Queueing buffer 0
[0:02:20.932315158] [3565] DEBUG V4L2 v4l2_videodevice.cpp:1855 /dev/video1[200:cap]: Dequeuing buffer 1
[0:02:20.932802868] [3568] DEBUG V4L2Compat v4l2_camera_proxy.cpp:691 [/dev/video1 (fd:205)] vidioc_dqbuf()
[0:02:20.943513320] [3568] DEBUG V4L2Compat v4l2_camera_proxy.cpp:659 [/dev/video1 (fd:205)] vidioc_qbuf(index=1)
[0:02:20.944405201] [3565] DEBUG V4L2 v4l2_videodevice.cpp:1783 /dev/video1[200:cap]: Queueing buffer 1
[0:02:20.965597699] [3565] DEBUG V4L2 v4l2_videodevice.cpp:1855 /dev/video1[200:cap]: Dequeuing buffer 2
[0:02:20.966200999] [3568] DEBUG V4L2Compat v4l2_camera_proxy.cpp:691 [/dev/video1 (fd:205)] vidioc_dqbuf()
[0:02:20.976502042] [3568] DEBUG V4L2Compat v4l2_camera_proxy.cpp:659 [/dev/video1 (fd:205)] vidioc_qbuf(index=2)
[0:02:20.977628041] [3565] DEBUG V4L2 v4l2_videodevice.cpp:1783 /dev/video1[200:cap]: Queueing buffer 2
[0:02:20.998909504] [3565] DEBUG V4L2 v4l2_videodevice.cpp:1855 /dev/video1[200:cap]: Dequeuing buffer 3
[0:02:21.000418761] [3568] DEBUG V4L2Compat v4l2_camera_proxy.cpp:691 [/dev/video1 (fd:205)] vidioc_dqbuf()
[0:02:21.013308221] [3568] DEBUG V4L2Compat v4l2_camera_proxy.cpp:659 [/dev/video1 (fd:205)] vidioc_qbuf(index=3)
[0:02:21.014312042] [3565] DEBUG V4L2 v4l2_videodevice.cpp:1783 /dev/video1[200:cap]: Queueing buffer 3
[0:02:21.032045317] [3565] DEBUG V4L2 v4l2_videodevice.cpp:1855 /dev/video1[200:cap]: Dequeuing buffer 0
[0:02:21.032433950] [3568] DEBUG V4L2Compat v4l2_camera_proxy.cpp:691 [/dev/video1 (fd:205)] vidioc_dqbuf()
[0:02:21.046535673] [3568] DEBUG V4L2Compat v4l2_camera_proxy.cpp:659 [/dev/video1 (fd:205)] vidioc_qbuf(index=0)
[0:02:21.050061310] [3565] DEBUG V4L2 v4l2_videodevice.cpp:1783 /dev/video1[200:cap]: Queueing buffer 0
[0:02:21.065241081] [3565] DEBUG V4L2 v4l2_videodevice.cpp:1855 /dev/video1[200:cap]: Dequeuing buffer 1
[0:02:21.065753055] [3568] DEBUG V4L2Compat v4l2_camera_proxy.cpp:691 [/dev/video1 (fd:205)] vidioc_dqbuf()
[0:02:21.082078462] [3568] DEBUG V4L2Compat v4l2_camera_proxy.cpp:659 [/dev/video1 (fd:205)] vidioc_qbuf(index=1)
[0:02:21.083061946] [3565] DEBUG V4L2 v4l2_videodevice.cpp:1783 /dev/video1[200:cap]: Queueing buffer 1
[0:02:21.098394008] [3565] DEBUG V4L2 v4l2_videodevice.cpp:1855 /dev/video1[200:cap]: Dequeuing buffer 2
[0:02:21.098842567] [3568] DEBUG V4L2Compat v4l2_camera_proxy.cpp:691 [/dev/video1 (fd:205)] vidioc_dqbuf()
[0:02:21.112450242] [3568] DEBUG V4L2Compat v4l2_camera_proxy.cpp:659 [/dev/video1 (fd:205)] vidioc_qbuf(index=2)
[0:02:21.113467339] [3565] DEBUG V4L2 v4l2_videodevice.cpp:1783 /dev/video1[200:cap]: Queueing buffer 2
[0:02:21.131566634] [3565] DEBUG V4L2 v4l2_videodevice.cpp:1855 /dev/video1[200:cap]: Dequeuing buffer 3
[0:02:21.131988430] [3568] DEBUG V4L2Compat v4l2_camera_proxy.cpp:691 [/dev/video1 (fd:205)] vidioc_dqbuf()
[0:02:21.144771076] [3568] DEBUG V4L2Compat v4l2_camera_proxy.cpp:659 [/dev/video1 (fd:205)] vidioc_qbuf(index=3)
[0:02:21.145622756] [3565] DEBUG V4L2 v4l2_videodevice.cpp:1783 /dev/video1[200:cap]: Queueing buffer 3
[0:02:21.164786362] [3565] DEBUG V4L2 v4l2_videodevice.cpp:1855 /dev/video1[200:cap]: Dequeuing buffer 0
[0:02:21.165263772] [3568] DEBUG V4L2Compat v4l2_camera_proxy.cpp:691 [/dev/video1 (fd:205)] vidioc_dqbuf()
[0:02:21.181301236] [3568] DEBUG V4L2Compat v4l2_camera_proxy.cpp:659 [/dev/video1 (fd:205)] vidioc_qbuf(index=0)
[0:02:21.182348495] [3565] DEBUG V4L2 v4l2_videodevice.cpp:1783 /dev/video1[200:cap]: Queueing buffer 0
[0:02:21.197897049] [3565] DEBUG V4L2 v4l2_videodevice.cpp:1855 /dev/video1[200:cap]: Dequeuing buffer 1
[0:02:21.198409623] [3568] DEBUG V4L2Compat v4l2_camera_proxy.cpp:691 [/dev/video1 (fd:205)] vidioc_dqbuf()
[0:02:21.215625887] [3568] DEBUG V4L2Compat v4l2_camera_proxy.cpp:659 [/dev/video1 (fd:205)] vidioc_qbuf(index=1)
[0:02:21.218453359] [3565] DEBUG V4L2 v4l2_videodevice.cpp:1783 /dev/video1[200:cap]: Queueing buffer 1
[0:02:21.231397083] [3565] DEBUG V4L2 v4l2_videodevice.cpp:1855 /dev/video1[200:cap]: Dequeuing buffer 2
[0:02:21.232125611] [3568] DEBUG V4L2Compat v4l2_camera_proxy.cpp:691 [/dev/video1 (fd:205)] vidioc_dqbuf()
[0:02:21.242054958] [3568] DEBUG V4L2Compat v4l2_camera_proxy.cpp:659 [/dev/video1 (fd:205)] vidioc_qbuf(index=2)
[0:02:21.242595645] [3565] DEBUG V4L2 v4l2_videodevice.cpp:1783 /dev/video1[200:cap]: Queueing buffer 2
[0:02:21.264423581] [3565] DEBUG V4L2 v4l2_videodevice.cpp:1855 /dev/video1[200:cap]: Dequeuing buffer 3
[0:02:21.265129384] [3568] DEBUG V4L2Compat v4l2_camera_proxy.cpp:691 [/dev/video1 (fd:205)] vidioc_dqbuf()
[0:02:21.282216882] [3568] DEBUG V4L2Compat v4l2_camera_proxy.cpp:659 [/dev/video1 (fd:205)] vidioc_qbuf(index=3)
[0:02:21.283172790] [3565] DEBUG V4L2 v4l2_videodevice.cpp:1783 /dev/video1[200:cap]: Queueing buffer 3
[0:02:21.297585095] [3565] DEBUG V4L2 v4l2_videodevice.cpp:1855 /dev/video1[200:cap]: Dequeuing buffer 0
[0:02:21.298330523] [3568] DEBUG V4L2Compat v4l2_camera_proxy.cpp:691 [/dev/video1 (fd:205)] vidioc_dqbuf()
[0:02:21.316808426] [3568] DEBUG V4L2Compat v4l2_camera_proxy.cpp:659 [/dev/video1 (fd:205)] vidioc_qbuf(index=0)
[0:02:21.317838548] [3565] DEBUG V4L2 v4l2_videodevice.cpp:1783 /dev/video1[200:cap]: Queueing buffer 0
[0:02:21.331107479] [3565] DEBUG V4L2 v4l2_videodevice.cpp:1855 /dev/video1[200:cap]: Dequeuing buffer 1
[0:02:21.332083687] [3568] DEBUG V4L2Compat v4l2_camera_proxy.cpp:691 [/dev/video1 (fd:205)] vidioc_dqbuf()
[0:02:21.348564361] [3568] DEBUG V4L2Compat v4l2_camera_proxy.cpp:659 [/dev/video1 (fd:205)] vidioc_qbuf(index=1)
[0:02:21.349668684] [3565] DEBUG V4L2 v4l2_videodevice.cpp:1783 /dev/video1[200:cap]: Queueing buffer 1
[0:02:21.364092339] [3565] DEBUG V4L2 v4l2_videodevice.cpp:1855 /dev/video1[200:cap]: Dequeuing buffer 2
[0:02:21.364789479] [3568] DEBUG V4L2Compat v4l2_camera_proxy.cpp:691 [/dev/video1 (fd:205)] vidioc_dqbuf()
[0:02:21.373541289] [3568] DEBUG V4L2Compat v4l2_camera_proxy.cpp:659 [/dev/video1 (fd:205)] vidioc_qbuf(index=2)
[0:02:21.374406995] [3565] DEBUG V4L2 v4l2_videodevice.cpp:1783 /dev/video1[200:cap]: Queueing buffer 2
[0:02:21.397288278] [3565] DEBUG V4L2 v4l2_videodevice.cpp:1855 /dev/video1[200:cap]: Dequeuing buffer 3
[0:02:21.397926642] [3568] DEBUG V4L2Compat v4l2_camera_proxy.cpp:691 [/dev/video1 (fd:205)] vidioc_dqbuf()
[0:02:21.410532134] [3568] DEBUG V4L2Compat v4l2_camera_proxy.cpp:659 [/dev/video1 (fd:205)] vidioc_qbuf(index=3)
[0:02:21.411510492] [3565] DEBUG V4L2 v4l2_videodevice.cpp:1783 /dev/video1[200:cap]: Queueing buffer 3
[0:02:21.430392766] [3565] DEBUG V4L2 v4l2_videodevice.cpp:1855 /dev/video1[200:cap]: Dequeuing buffer 0
[0:02:21.430997654] [3568] DEBUG V4L2Compat v4l2_camera_proxy.cpp:691 [/dev/video1 (fd:205)] vidioc_dqbuf()
[0:02:21.436543146] [3568] DEBUG V4L2Compat v4l2_camera_proxy.cpp:659 [/dev/video1 (fd:205)] vidioc_qbuf(index=0)
[0:02:21.437275449] [3565] DEBUG V4L2 v4l2_videodevice.cpp:1783 /dev/video1[200:cap]: Queueing buffer 0
[0:02:21.463732046] [3565] DEBUG V4L2 v4l2_videodevice.cpp:1855 /dev/video1[200:cap]: Dequeuing buffer 1
[0:02:21.464460224] [3568] DEBUG V4L2Compat v4l2_camera_proxy.cpp:691 [/dev/video1 (fd:205)] vidioc_dqbuf()
[0:02:21.479703734] [3568] DEBUG V4L2Compat v4l2_camera_proxy.cpp:659 [/dev/video1 (fd:205)] vidioc_qbuf(index=1)
[0:02:21.480831820] [3565] DEBUG V4L2 v4l2_videodevice.cpp:1783 /dev/video1[200:cap]: Queueing buffer 1
[0:02:21.496735269] [3565] DEBUG V4L2 v4l2_videodevice.cpp:1855 /dev/video1[200:cap]: Dequeuing buffer 2
[0:02:21.500241568] [3565] DEBUG AtomispPipeline atomisp.cpp:449 AtomISP AE update: msv=2.99797 exp=995 gain=425 vblank=21 expMax=995
[0:02:21.501422443] [3568] DEBUG V4L2Compat v4l2_camera_proxy.cpp:691 [/dev/video1 (fd:205)] vidioc_dqbuf()
[0:02:21.517696175] [3568] DEBUG V4L2Compat v4l2_camera_proxy.cpp:659 [/dev/video1 (fd:205)] vidioc_qbuf(index=2)
[0:02:21.518750322] [3565] DEBUG V4L2 v4l2_videodevice.cpp:1783 /dev/video1[200:cap]: Queueing buffer 2
[0:02:21.530104762] [3565] DEBUG V4L2 v4l2_videodevice.cpp:1855 /dev/video1[200:cap]: Dequeuing buffer 3
[0:02:21.530709363] [3568] DEBUG V4L2Compat v4l2_camera_proxy.cpp:691 [/dev/video1 (fd:205)] vidioc_dqbuf()
[0:02:21.545111380] [3568] DEBUG V4L2Compat v4l2_camera_proxy.cpp:659 [/dev/video1 (fd:205)] vidioc_qbuf(index=3)
[0:02:21.546529160] [3565] DEBUG V4L2 v4l2_videodevice.cpp:1783 /dev/video1[200:cap]: Queueing buffer 3
[0:02:21.563276514] [3565] DEBUG V4L2 v4l2_videodevice.cpp:1855 /dev/video1[200:cap]: Dequeuing buffer 0
[0:02:21.563707298] [3568] DEBUG V4L2Compat v4l2_camera_proxy.cpp:691 [/dev/video1 (fd:205)] vidioc_dqbuf()
[0:02:21.579282815] [3568] DEBUG V4L2Compat v4l2_camera_proxy.cpp:659 [/dev/video1 (fd:205)] vidioc_qbuf(index=0)
[0:02:21.580322062] [3565] DEBUG V4L2 v4l2_videodevice.cpp:1783 /dev/video1[200:cap]: Queueing buffer 0
[0:02:21.596384289] [3565] DEBUG V4L2 v4l2_videodevice.cpp:1855 /dev/video1[200:cap]: Dequeuing buffer 1
[0:02:21.596822948] [3568] DEBUG V4L2Compat v4l2_camera_proxy.cpp:691 [/dev/video1 (fd:205)] vidioc_dqbuf()
[0:02:21.614725214] [3568] DEBUG V4L2Compat v4l2_camera_proxy.cpp:659 [/dev/video1 (fd:205)] vidioc_qbuf(index=1)
[0:02:21.616501314] [3565] DEBUG V4L2 v4l2_videodevice.cpp:1783 /dev/video1[200:cap]: Queueing buffer 1
[0:02:21.629659230] [3565] DEBUG V4L2 v4l2_videodevice.cpp:1855 /dev/video1[200:cap]: Dequeuing buffer 2
[0:02:21.630155103] [3568] DEBUG V4L2Compat v4l2_camera_proxy.cpp:691 [/dev/video1 (fd:205)] vidioc_dqbuf()
[0:02:21.640254242] [3568] DEBUG V4L2Compat v4l2_camera_proxy.cpp:659 [/dev/video1 (fd:205)] vidioc_qbuf(index=2)
[0:02:21.640996332] [3565] DEBUG V4L2 v4l2_videodevice.cpp:1783 /dev/video1[200:cap]: Queueing buffer 2
[0:02:21.662986085] [3565] DEBUG V4L2 v4l2_videodevice.cpp:1855 /dev/video1[200:cap]: Dequeuing buffer 3
[0:02:21.663495533] [3568] DEBUG V4L2Compat v4l2_camera_proxy.cpp:691 [/dev/video1 (fd:205)] vidioc_dqbuf()
[0:02:21.680903939] [3568] DEBUG V4L2Compat v4l2_camera_proxy.cpp:659 [/dev/video1 (fd:205)] vidioc_qbuf(index=3)
[0:02:21.681964249] [3565] DEBUG V4L2 v4l2_videodevice.cpp:1783 /dev/video1[200:cap]: Queueing buffer 3
[0:02:21.696118523] [3565] DEBUG V4L2 v4l2_videodevice.cpp:1855 /dev/video1[200:cap]: Dequeuing buffer 0
[0:02:21.696641822] [3568] DEBUG V4L2Compat v4l2_camera_proxy.cpp:691 [/dev/video1 (fd:205)] vidioc_dqbuf()
[0:02:21.714822344] [3568] DEBUG V4L2Compat v4l2_camera_proxy.cpp:659 [/dev/video1 (fd:205)] vidioc_qbuf(index=0)
[0:02:21.716530092] [3565] DEBUG V4L2 v4l2_videodevice.cpp:1783 /dev/video1[200:cap]: Queueing buffer 0
[0:02:21.729389014] [3565] DEBUG V4L2 v4l2_videodevice.cpp:1855 /dev/video1[200:cap]: Dequeuing buffer 1
[0:02:21.729836311] [3568] DEBUG V4L2Compat v4l2_camera_proxy.cpp:691 [/dev/video1 (fd:205)] vidioc_dqbuf()
[0:02:21.748272401] [3568] DEBUG V4L2Compat v4l2_camera_proxy.cpp:659 [/dev/video1 (fd:205)] vidioc_qbuf(index=1)
[0:02:21.751504482] [3565] DEBUG V4L2 v4l2_videodevice.cpp:1783 /dev/video1[200:cap]: Queueing buffer 1
[0:02:21.762484102] [3565] DEBUG V4L2 v4l2_videodevice.cpp:1855 /dev/video1[200:cap]: Dequeuing buffer 2
[0:02:21.762939974] [3568] DEBUG V4L2Compat v4l2_camera_proxy.cpp:691 [/dev/video1 (fd:205)] vidioc_dqbuf()
[0:02:21.780953367] [3568] DEBUG V4L2Compat v4l2_camera_proxy.cpp:659 [/dev/video1 (fd:205)] vidioc_qbuf(index=2)
[0:02:21.783675687] [3565] DEBUG V4L2 v4l2_videodevice.cpp:1783 /dev/video1[200:cap]: Queueing buffer 2
[0:02:21.795783568] [3565] DEBUG V4L2 v4l2_videodevice.cpp:1855 /dev/video1[200:cap]: Dequeuing buffer 3
[0:02:21.796624574] [3568] DEBUG V4L2Compat v4l2_camera_proxy.cpp:691 [/dev/video1 (fd:205)] vidioc_dqbuf()
[0:02:21.814386124] [3568] DEBUG V4L2Compat v4l2_camera_proxy.cpp:659 [/dev/video1 (fd:205)] vidioc_qbuf(index=3)
[0:02:21.815338319] [3565] DEBUG V4L2 v4l2_videodevice.cpp:1783 /dev/video1[200:cap]: Queueing buffer 3
[0:02:21.828970808] [3565] DEBUG V4L2 v4l2_videodevice.cpp:1855 /dev/video1[200:cap]: Dequeuing buffer 0
[0:02:21.829792087] [3568] DEBUG V4L2Compat v4l2_camera_proxy.cpp:691 [/dev/video1 (fd:205)] vidioc_dqbuf()
[0:02:21.848371130] [3568] DEBUG V4L2Compat v4l2_camera_proxy.cpp:659 [/dev/video1 (fd:205)] vidioc_qbuf(index=0)
[0:02:21.849557555] [3565] DEBUG V4L2 v4l2_videodevice.cpp:1783 /dev/video1[200:cap]: Queueing buffer 0
[0:02:21.862117021] [3565] DEBUG V4L2 v4l2_videodevice.cpp:1855 /dev/video1[200:cap]: Dequeuing buffer 1
[0:02:21.862633157] [3568] DEBUG V4L2Compat v4l2_camera_proxy.cpp:691 [/dev/video1 (fd:205)] vidioc_dqbuf()
[0:02:21.878850537] [3568] DEBUG V4L2Compat v4l2_camera_proxy.cpp:659 [/dev/video1 (fd:205)] vidioc_qbuf(index=1)
[0:02:21.879933085] [3565] DEBUG V4L2 v4l2_videodevice.cpp:1783 /dev/video1[200:cap]: Queueing buffer 1
[0:02:21.895415550] [3565] DEBUG V4L2 v4l2_videodevice.cpp:1855 /dev/video1[200:cap]: Dequeuing buffer 2
[0:02:21.895905436] [3568] DEBUG V4L2Compat v4l2_camera_proxy.cpp:691 [/dev/video1 (fd:205)] vidioc_dqbuf()
[0:02:21.902842182] [3568] DEBUG V4L2Compat v4l2_camera_proxy.cpp:659 [/dev/video1 (fd:205)] vidioc_qbuf(index=2)
[0:02:21.904124934] [3565] DEBUG V4L2 v4l2_videodevice.cpp:1783 /dev/video1[200:cap]: Queueing buffer 2
[0:02:21.928562326] [3565] DEBUG V4L2 v4l2_videodevice.cpp:1855 /dev/video1[200:cap]: Dequeuing buffer 3
[0:02:21.929059324] [3568] DEBUG V4L2Compat v4l2_camera_proxy.cpp:691 [/dev/video1 (fd:205)] vidioc_dqbuf()
[0:02:21.943191936] [3568] DEBUG V4L2Compat v4l2_camera_proxy.cpp:659 [/dev/video1 (fd:205)] vidioc_qbuf(index=3)
[0:02:21.944158806] [3565] DEBUG V4L2 v4l2_videodevice.cpp:1783 /dev/video1[200:cap]: Queueing buffer 3
[0:02:21.961948582] [3565] DEBUG V4L2 v4l2_videodevice.cpp:1855 /dev/video1[200:cap]: Dequeuing buffer 0
[0:02:21.962461756] [3568] DEBUG V4L2Compat v4l2_camera_proxy.cpp:691 [/dev/video1 (fd:205)] vidioc_dqbuf()
[0:02:21.980547376] [3568] DEBUG V4L2Compat v4l2_camera_proxy.cpp:659 [/dev/video1 (fd:205)] vidioc_qbuf(index=0)
[0:02:21.981638949] [3565] DEBUG V4L2 v4l2_videodevice.cpp:1783 /dev/video1[200:cap]: Queueing buffer 0
[0:02:21.995176210] [3565] DEBUG V4L2 v4l2_videodevice.cpp:1855 /dev/video1[200:cap]: Dequeuing buffer 1
[0:02:21.997177715] [3565] DEBUG AtomispPipeline atomisp.cpp:449 AtomISP AE update: msv=3.09769 exp=995 gain=419 vblank=21 expMax=995
[0:02:21.997951881] [3568] DEBUG V4L2Compat v4l2_camera_proxy.cpp:691 [/dev/video1 (fd:205)] vidioc_dqbuf()
[0:02:22.017254289] [3568] DEBUG V4L2Compat v4l2_camera_proxy.cpp:659 [/dev/video1 (fd:205)] vidioc_qbuf(index=1)
[0:02:22.018250510] [3565] DEBUG V4L2 v4l2_videodevice.cpp:1783 /dev/video1[200:cap]: Queueing buffer 1
[0:02:22.028365724] [3565] DEBUG V4L2 v4l2_videodevice.cpp:1855 /dev/video1[200:cap]: Dequeuing buffer 2
[0:02:22.028835847] [3568] DEBUG V4L2Compat v4l2_camera_proxy.cpp:691 [/dev/video1 (fd:205)] vidioc_dqbuf()
[0:02:22.028932474] [3568] DEBUG V4L2Compat v4l2_camera_proxy.cpp:691 [/dev/video1 (fd:205)] vidioc_dqbuf()
[0:02:22.028996200] [3568] DEBUG V4L2Compat v4l2_camera_proxy.cpp:691 [/dev/video1 (fd:205)] vidioc_dqbuf()
[0:02:22.029092427] [3568] DEBUG V4L2Compat v4l2_camera_proxy.cpp:691 [/dev/video1 (fd:205)] vidioc_dqbuf()
[0:02:22.029154278] [3568] DEBUG V4L2Compat v4l2_camera_proxy.cpp:691 [/dev/video1 (fd:205)] vidioc_dqbuf()
[0:02:22.029215855] [3568] DEBUG V4L2Compat v4l2_camera_proxy.cpp:691 [/dev/video1 (fd:205)] vidioc_dqbuf()
[0:02:22.029278131] [3568] DEBUG V4L2Compat v4l2_camera_proxy.cpp:691 [/dev/video1 (fd:205)] vidioc_dqbuf()
[0:02:22.029339745] [3568] DEBUG V4L2Compat v4l2_camera_proxy.cpp:691 [/dev/video1 (fd:205)] vidioc_dqbuf()
[0:02:22.029401709] [3568] DEBUG V4L2Compat v4l2_camera_proxy.cpp:691 [/dev/video1 (fd:205)] vidioc_dqbuf()
[0:02:22.029463973] [3568] DEBUG V4L2Compat v4l2_camera_proxy.cpp:691 [/dev/video1 (fd:205)] vidioc_dqbuf()
[0:02:22.029527561] [3568] DEBUG V4L2Compat v4l2_camera_proxy.cpp:691 [/dev/video1 (fd:205)] vidioc_dqbuf()
[0:02:22.029589625] [3568] DEBUG V4L2Compat v4l2_camera_proxy.cpp:691 [/dev/video1 (fd:205)] vidioc_dqbuf()
[0:02:22.029651189] [3568] DEBUG V4L2Compat v4l2_camera_proxy.cpp:691 [/dev/video1 (fd:205)] vidioc_dqbuf()
[0:02:22.029712653] [3568] DEBUG V4L2Compat v4l2_camera_proxy.cpp:691 [/dev/video1 (fd:205)] vidioc_dqbuf()
[0:02:22.029807442] [3568] DEBUG V4L2Compat v4l2_camera_proxy.cpp:691 [/dev/video1 (fd:205)] vidioc_dqbuf()
[0:02:22.029869881] [3568] DEBUG V4L2Compat v4l2_camera_proxy.cpp:691 [/dev/video1 (fd:205)] vidioc_dqbuf()
[0:02:22.029931582] [3568] DEBUG V4L2Compat v4l2_camera_proxy.cpp:691 [/dev/video1 (fd:205)] vidioc_dqbuf()
[0:02:22.029993396] [3568] DEBUG V4L2Compat v4l2_camera_proxy.cpp:691 [/dev/video1 (fd:205)] vidioc_dqbuf()
[0:02:22.030088373] [3568] DEBUG V4L2Compat v4l2_camera_proxy.cpp:691 [/dev/video1 (fd:205)] vidioc_dqbuf()
[0:02:22.030150062] [3568] DEBUG V4L2Compat v4l2_camera_proxy.cpp:691 [/dev/video1 (fd:205)] vidioc_dqbuf()
[0:02:22.030211626] [3568] DEBUG V4L2Compat v4l2_camera_proxy.cpp:691 [/dev/video1 (fd:205)] vidioc_dqbuf()
[0:02:22.030273827] [3568] DEBUG V4L2Compat v4l2_camera_proxy.cpp:691 [/dev/video1 (fd:205)] vidioc_dqbuf()
[0:02:22.030335841] [3568] DEBUG V4L2Compat v4l2_camera_proxy.cpp:691 [/dev/video1 (fd:205)] vidioc_dqbuf()
[0:02:22.030398167] [3568] DEBUG V4L2Compat v4l2_camera_proxy.cpp:691 [/dev/video1 (fd:205)] vidioc_dqbuf()
[0:02:22.030460294] [3568] DEBUG V4L2Compat v4l2_camera_proxy.cpp:691 [/dev/video1 (fd:205)] vidioc_dqbuf()
[0:02:22.030522445] [3568] DEBUG V4L2Compat v4l2_camera_proxy.cpp:691 [/dev/video1 (fd:205)] vidioc_dqbuf()
[0:02:22.030585034] [3568] DEBUG V4L2Compat v4l2_camera_proxy.cpp:691 [/dev/video1 (fd:205)] vidioc_dqbuf()
[0:02:22.030647210] [3568] DEBUG V4L2Compat v4l2_camera_proxy.cpp:691 [/dev/video1 (fd:205)] vidioc_dqbuf()
[0:02:22.030709061] [3568] DEBUG V4L2Compat v4l2_camera_proxy.cpp:691 [/dev/video1 (fd:205)] vidioc_dqbuf()
[0:02:22.030771350] [3568] DEBUG V4L2Compat v4l2_camera_proxy.cpp:691 [/dev/video1 (fd:205)] vidioc_dqbuf()
[0:02:22.030833301] [3568] DEBUG V4L2Compat v4l2_camera_proxy.cpp:691 [/dev/video1 (fd:205)] vidioc_dqbuf()
[0:02:22.030895153] [3568] DEBUG V4L2Compat v4l2_camera_proxy.cpp:691 [/dev/video1 (fd:205)] vidioc_dqbuf()
[0:02:22.030957304] [3568] DEBUG V4L2Compat v4l2_camera_proxy.cpp:691 [/dev/video1 (fd:205)] vidioc_dqbuf()
[0:02:22.037374540] [3568] DEBUG V4L2Compat v4l2_camera_proxy.cpp:659 [/dev/video1 (fd:205)] vidioc_qbuf(index=2)
[0:02:22.037940677] [3565] DEBUG V4L2 v4l2_videodevice.cpp:1783 /dev/video1[200:cap]: Queueing buffer 2
[0:02:22.061875858] [3565] DEBUG V4L2 v4l2_videodevice.cpp:1855 /dev/video1[200:cap]: Dequeuing buffer 3
[0:02:22.063819087] [3568] DEBUG V4L2Compat v4l2_camera_proxy.cpp:691 [/dev/video1 (fd:205)] vidioc_dqbuf()
[0:02:22.072329717] [3568] DEBUG V4L2Compat v4l2_camera_proxy.cpp:659 [/dev/video1 (fd:205)] vidioc_qbuf(index=3)
[0:02:22.074602515] [3565] DEBUG V4L2 v4l2_videodevice.cpp:1783 /dev/video1[200:cap]: Queueing buffer 3
[0:02:22.094804004] [3565] DEBUG V4L2 v4l2_videodevice.cpp:1855 /dev/video1[200:cap]: Dequeuing buffer 0
[0:02:22.096194359] [3568] DEBUG V4L2Compat v4l2_camera_proxy.cpp:691 [/dev/video1 (fd:205)] vidioc_dqbuf()
[0:02:22.107556774] [3568] DEBUG V4L2Compat v4l2_camera_proxy.cpp:659 [/dev/video1 (fd:205)] vidioc_qbuf(index=0)
[0:02:22.108498106] [3565] DEBUG V4L2 v4l2_videodevice.cpp:1783 /dev/video1[200:cap]: Queueing buffer 0
[0:02:22.127871566] [3565] DEBUG V4L2 v4l2_videodevice.cpp:1855 /dev/video1[200:cap]: Dequeuing buffer 1
[0:02:22.128458204] [3568] DEBUG V4L2Compat v4l2_camera_proxy.cpp:691 [/dev/video1 (fd:205)] vidioc_dqbuf()
[0:02:22.134657035] [3568] DEBUG V4L2Compat v4l2_camera_proxy.cpp:659 [/dev/video1 (fd:205)] vidioc_qbuf(index=1)
[0:02:22.135952774] [3565] DEBUG V4L2 v4l2_videodevice.cpp:1783 /dev/video1[200:cap]: Queueing buffer 1
[0:02:22.161136507] [3565] DEBUG V4L2 v4l2_videodevice.cpp:1855 /dev/video1[200:cap]: Dequeuing buffer 2
[0:02:22.161646555] [3568] DEBUG V4L2Compat v4l2_camera_proxy.cpp:691 [/dev/video1 (fd:205)] vidioc_dqbuf()
[0:02:22.168851433] [3568] DEBUG V4L2Compat v4l2_camera_proxy.cpp:659 [/dev/video1 (fd:205)] vidioc_qbuf(index=2)
[0:02:22.169597673] [3565] DEBUG V4L2 v4l2_videodevice.cpp:1783 /dev/video1[200:cap]: Queueing buffer 2
[0:02:22.194323796] [3565] DEBUG V4L2 v4l2_videodevice.cpp:1855 /dev/video1[200:cap]: Dequeuing buffer 3
[0:02:22.194921872] [3568] DEBUG V4L2Compat v4l2_camera_proxy.cpp:691 [/dev/video1 (fd:205)] vidioc_dqbuf()
[0:02:22.206409952] [3568] DEBUG V4L2Compat v4l2_camera_proxy.cpp:659 [/dev/video1 (fd:205)] vidioc_qbuf(index=3)
[0:02:22.207303096] [3565] DEBUG V4L2 v4l2_videodevice.cpp:1783 /dev/video1[200:cap]: Queueing buffer 3
[0:02:22.227460935] [3565] DEBUG V4L2 v4l2_videodevice.cpp:1855 /dev/video1[200:cap]: Dequeuing buffer 0
[0:02:22.227971920] [3568] DEBUG V4L2Compat v4l2_camera_proxy.cpp:691 [/dev/video1 (fd:205)] vidioc_dqbuf()
[0:02:22.241723786] [3568] DEBUG V4L2Compat v4l2_camera_proxy.cpp:659 [/dev/video1 (fd:205)] vidioc_qbuf(index=0)
[0:02:22.242491003] [3565] DEBUG V4L2 v4l2_videodevice.cpp:1783 /dev/video1[200:cap]: Queueing buffer 0
[0:02:22.260649299] [3565] DEBUG V4L2 v4l2_videodevice.cpp:1855 /dev/video1[200:cap]: Dequeuing buffer 1
[0:02:22.261272487] [3568] DEBUG V4L2Compat v4l2_camera_proxy.cpp:691 [/dev/video1 (fd:205)] vidioc_dqbuf()
[0:02:22.274844362] [3568] DEBUG V4L2Compat v4l2_camera_proxy.cpp:659 [/dev/video1 (fd:205)] vidioc_qbuf(index=1)
[0:02:22.275659292] [3565] DEBUG V4L2 v4l2_videodevice.cpp:1783 /dev/video1[200:cap]: Queueing buffer 1
[0:02:22.294075393] [3565] DEBUG V4L2 v4l2_videodevice.cpp:1855 /dev/video1[200:cap]: Dequeuing buffer 2
[0:02:22.294585204] [3568] DEBUG V4L2Compat v4l2_camera_proxy.cpp:691 [/dev/video1 (fd:205)] vidioc_dqbuf()
[0:02:22.310373376] [3568] DEBUG V4L2Compat v4l2_camera_proxy.cpp:659 [/dev/video1 (fd:205)] vidioc_qbuf(index=2)
[0:02:22.311232931] [3565] DEBUG V4L2 v4l2_videodevice.cpp:1783 /dev/video1[200:cap]: Queueing buffer 2
[0:02:22.327132418] [3565] DEBUG V4L2 v4l2_videodevice.cpp:1855 /dev/video1[200:cap]: Dequeuing buffer 3
[0:02:22.327491238] [3568] DEBUG V4L2Compat v4l2_camera_proxy.cpp:691 [/dev/video1 (fd:205)] vidioc_dqbuf()
[0:02:22.335064898] [3568] DEBUG V4L2Compat v4l2_camera_proxy.cpp:659 [/dev/video1 (fd:205)] vidioc_qbuf(index=3)
[0:02:22.335751362] [3565] DEBUG V4L2 v4l2_videodevice.cpp:1783 /dev/video1[200:cap]: Queueing buffer 3
[0:02:22.360495823] [3565] DEBUG V4L2 v4l2_videodevice.cpp:1855 /dev/video1[200:cap]: Dequeuing buffer 0
[0:02:22.360993008] [3568] DEBUG V4L2Compat v4l2_camera_proxy.cpp:691 [/dev/video1 (fd:205)] vidioc_dqbuf()
[0:02:22.371382041] [3568] DEBUG V4L2Compat v4l2_camera_proxy.cpp:659 [/dev/video1 (fd:205)] vidioc_qbuf(index=0)
[0:02:22.372128381] [3565] DEBUG V4L2 v4l2_videodevice.cpp:1783 /dev/video1[200:cap]: Queueing buffer 0
[0:02:22.393731763] [3565] DEBUG V4L2 v4l2_videodevice.cpp:1855 /dev/video1[200:cap]: Dequeuing buffer 1
[0:02:22.394148847] [3568] DEBUG V4L2Compat v4l2_camera_proxy.cpp:691 [/dev/video1 (fd:205)] vidioc_dqbuf()
[0:02:22.408083467] [3568] DEBUG V4L2Compat v4l2_camera_proxy.cpp:659 [/dev/video1 (fd:205)] vidioc_qbuf(index=1)
[0:02:22.409074413] [3565] DEBUG V4L2 v4l2_videodevice.cpp:1783 /dev/video1[200:cap]: Queueing buffer 1
[0:02:22.426973629] [3565] DEBUG V4L2 v4l2_videodevice.cpp:1855 /dev/video1[200:cap]: Dequeuing buffer 2
[0:02:22.427491565] [3568] DEBUG V4L2Compat v4l2_camera_proxy.cpp:691 [/dev/video1 (fd:205)] vidioc_dqbuf()
[0:02:22.442497932] [3568] DEBUG V4L2Compat v4l2_camera_proxy.cpp:659 [/dev/video1 (fd:205)] vidioc_qbuf(index=2)
[0:02:22.443616293] [3565] DEBUG V4L2 v4l2_videodevice.cpp:1783 /dev/video1[200:cap]: Queueing buffer 2
[0:02:22.459846374] [3565] DEBUG V4L2 v4l2_videodevice.cpp:1855 /dev/video1[200:cap]: Dequeuing buffer 3
[0:02:22.460384036] [3568] DEBUG V4L2Compat v4l2_camera_proxy.cpp:691 [/dev/video1 (fd:205)] vidioc_dqbuf()
[0:02:22.471355868] [3568] DEBUG V4L2Compat v4l2_camera_proxy.cpp:659 [/dev/video1 (fd:205)] vidioc_qbuf(index=3)
[0:02:22.472706134] [3565] DEBUG V4L2 v4l2_videodevice.cpp:1783 /dev/video1[200:cap]: Queueing buffer 3
[0:02:22.493238305] [3565] DEBUG V4L2 v4l2_videodevice.cpp:1855 /dev/video1[200:cap]: Dequeuing buffer 0
[0:02:22.494886165] [3565] DEBUG AtomispPipeline atomisp.cpp:449 AtomISP AE update: msv=3.06938 exp=995 gain=414 vblank=21 expMax=995
[0:02:22.496140029] [3568] DEBUG V4L2Compat v4l2_camera_proxy.cpp:691 [/dev/video1 (fd:205)] vidioc_dqbuf()
[0:02:22.512420736] [3568] DEBUG V4L2Compat v4l2_camera_proxy.cpp:659 [/dev/video1 (fd:205)] vidioc_qbuf(index=0)
[0:02:22.513418070] [3565] DEBUG V4L2 v4l2_videodevice.cpp:1783 /dev/video1[200:cap]: Queueing buffer 0
[0:02:22.526384406] [3565] DEBUG V4L2 v4l2_videodevice.cpp:1855 /dev/video1[200:cap]: Dequeuing buffer 1
[0:02:22.526660412] [3568] DEBUG V4L2Compat v4l2_camera_proxy.cpp:691 [/dev/video1 (fd:205)] vidioc_dqbuf()
[0:02:22.534683069] [3568] DEBUG V4L2Compat v4l2_camera_proxy.cpp:659 [/dev/video1 (fd:205)] vidioc_qbuf(index=1)
[0:02:22.535413710] [3565] DEBUG V4L2 v4l2_videodevice.cpp:1783 /dev/video1[200:cap]: Queueing buffer 1
[0:02:22.559792050] [3565] DEBUG V4L2 v4l2_videodevice.cpp:1855 /dev/video1[200:cap]: Dequeuing buffer 2
[0:02:22.560265398] [3568] DEBUG V4L2Compat v4l2_camera_proxy.cpp:691 [/dev/video1 (fd:205)] vidioc_dqbuf()
[0:02:22.575643135] [3568] DEBUG V4L2Compat v4l2_camera_proxy.cpp:659 [/dev/video1 (fd:205)] vidioc_qbuf(index=2)
[0:02:22.576602581] [3565] DEBUG V4L2 v4l2_videodevice.cpp:1783 /dev/video1[200:cap]: Queueing buffer 2
[0:02:22.592785998] [3565] DEBUG V4L2 v4l2_videodevice.cpp:1855 /dev/video1[200:cap]: Dequeuing buffer 3
[0:02:22.593289284] [3568] DEBUG V4L2Compat v4l2_camera_proxy.cpp:691 [/dev/video1 (fd:205)] vidioc_dqbuf()
[0:02:22.610672064] [3568] DEBUG V4L2Compat v4l2_camera_proxy.cpp:659 [/dev/video1 (fd:205)] vidioc_qbuf(index=3)
[0:02:22.611816825] [3565] DEBUG V4L2 v4l2_videodevice.cpp:1783 /dev/video1[200:cap]: Queueing buffer 3
[0:02:22.626110390] [3565] DEBUG V4L2 v4l2_videodevice.cpp:1855 /dev/video1[200:cap]: Dequeuing buffer 0
[0:02:22.626627076] [3568] DEBUG V4L2Compat v4l2_camera_proxy.cpp:691 [/dev/video1 (fd:205)] vidioc_dqbuf()
[0:02:22.643418956] [3568] DEBUG V4L2Compat v4l2_camera_proxy.cpp:659 [/dev/video1 (fd:205)] vidioc_qbuf(index=0)
[0:02:22.644401652] [3565] DEBUG V4L2 v4l2_videodevice.cpp:1783 /dev/video1[200:cap]: Queueing buffer 0
[0:02:22.659248528] [3565] DEBUG V4L2 v4l2_videodevice.cpp:1855 /dev/video1[200:cap]: Dequeuing buffer 1
[0:02:22.659694625] [3568] DEBUG V4L2Compat v4l2_camera_proxy.cpp:691 [/dev/video1 (fd:205)] vidioc_dqbuf()
[0:02:22.667370063] [3568] DEBUG V4L2Compat v4l2_camera_proxy.cpp:659 [/dev/video1 (fd:205)] vidioc_qbuf(index=1)
[0:02:22.668059915] [3565] DEBUG V4L2 v4l2_videodevice.cpp:1783 /dev/video1[200:cap]: Queueing buffer 1
[0:02:22.692432592] [3565] DEBUG V4L2 v4l2_videodevice.cpp:1855 /dev/video1[200:cap]: Dequeuing buffer 2
[0:02:22.692772175] [3568] DEBUG V4L2Compat v4l2_camera_proxy.cpp:691 [/dev/video1 (fd:205)] vidioc_dqbuf()
[0:02:22.705211150] [3568] DEBUG V4L2Compat v4l2_camera_proxy.cpp:659 [/dev/video1 (fd:205)] vidioc_qbuf(index=2)
[0:02:22.706094982] [3565] DEBUG V4L2 v4l2_videodevice.cpp:1783 /dev/video1[200:cap]: Queueing buffer 2
[0:02:22.725912638] [3565] DEBUG V4L2 v4l2_videodevice.cpp:1855 /dev/video1[200:cap]: Dequeuing buffer 3
[0:02:22.726301059] [3568] DEBUG V4L2Compat v4l2_camera_proxy.cpp:691 [/dev/video1 (fd:205)] vidioc_dqbuf()
[0:02:22.733569075] [3568] DEBUG V4L2Compat v4l2_camera_proxy.cpp:659 [/dev/video1 (fd:205)] vidioc_qbuf(index=3)
[0:02:22.734367505] [3565] DEBUG V4L2 v4l2_videodevice.cpp:1783 /dev/video1[200:cap]: Queueing buffer 3
[0:02:22.758911261] [3565] DEBUG V4L2 v4l2_videodevice.cpp:1855 /dev/video1[200:cap]: Dequeuing buffer 0
[0:02:22.759253818] [3568] DEBUG V4L2Compat v4l2_camera_proxy.cpp:691 [/dev/video1 (fd:205)] vidioc_dqbuf()
[0:02:22.770878839] [3568] DEBUG V4L2Compat v4l2_camera_proxy.cpp:659 [/dev/video1 (fd:205)] vidioc_qbuf(index=0)
[0:02:22.773336029] [3565] DEBUG V4L2 v4l2_videodevice.cpp:1783 /dev/video1[200:cap]: Queueing buffer 0
[0:02:22.792356556] [3565] DEBUG V4L2 v4l2_videodevice.cpp:1855 /dev/video1[200:cap]: Dequeuing buffer 1
[0:02:22.792712388] [3568] DEBUG V4L2Compat v4l2_camera_proxy.cpp:691 [/dev/video1 (fd:205)] vidioc_dqbuf()
[0:02:22.808710302] [3568] DEBUG V4L2Compat v4l2_camera_proxy.cpp:659 [/dev/video1 (fd:205)] vidioc_qbuf(index=1)
[0:02:22.809947965] [3565] DEBUG V4L2 v4l2_videodevice.cpp:1783 /dev/video1[200:cap]: Queueing buffer 1
[0:02:22.825430105] [3565] DEBUG V4L2 v4l2_videodevice.cpp:1855 /dev/video1[200:cap]: Dequeuing buffer 2
[0:02:22.825873627] [3568] DEBUG V4L2Compat v4l2_camera_proxy.cpp:691 [/dev/video1 (fd:205)] vidioc_dqbuf()
[0:02:22.825998117] [3568] DEBUG V4L2Compat v4l2_camera_proxy.cpp:691 [/dev/video1 (fd:205)] vidioc_dqbuf()
[0:02:22.826112407] [3568] DEBUG V4L2Compat v4l2_camera_proxy.cpp:691 [/dev/video1 (fd:205)] vidioc_dqbuf()
[0:02:22.826175884] [3568] DEBUG V4L2Compat v4l2_camera_proxy.cpp:691 [/dev/video1 (fd:205)] vidioc_dqbuf()
[0:02:22.826239510] [3568] DEBUG V4L2Compat v4l2_camera_proxy.cpp:691 [/dev/video1 (fd:205)] vidioc_dqbuf()
[0:02:22.826309236] [3568] DEBUG V4L2Compat v4l2_camera_proxy.cpp:691 [/dev/video1 (fd:205)] vidioc_dqbuf()
[0:02:22.826374513] [3568] DEBUG V4L2Compat v4l2_camera_proxy.cpp:691 [/dev/video1 (fd:205)] vidioc_dqbuf()
[0:02:22.826484553] [3568] DEBUG V4L2Compat v4l2_camera_proxy.cpp:691 [/dev/video1 (fd:205)] vidioc_dqbuf()
[0:02:22.826583817] [3568] DEBUG V4L2Compat v4l2_camera_proxy.cpp:691 [/dev/video1 (fd:205)] vidioc_dqbuf()
[0:02:22.826647344] [3568] DEBUG V4L2Compat v4l2_camera_proxy.cpp:691 [/dev/video1 (fd:205)] vidioc_dqbuf()
[0:02:22.826710257] [3568] DEBUG V4L2Compat v4l2_camera_proxy.cpp:691 [/dev/video1 (fd:205)] vidioc_dqbuf()
[0:02:22.826845935] [3568] DEBUG V4L2Compat v4l2_camera_proxy.cpp:691 [/dev/video1 (fd:205)] vidioc_dqbuf()
[0:02:22.827069665] [3568] DEBUG V4L2Compat v4l2_camera_proxy.cpp:691 [/dev/video1 (fd:205)] vidioc_dqbuf()
[0:02:22.827238519] [3568] DEBUG V4L2Compat v4l2_camera_proxy.cpp:691 [/dev/video1 (fd:205)] vidioc_dqbuf()
[0:02:22.827395747] [3568] DEBUG V4L2Compat v4l2_camera_proxy.cpp:691 [/dev/video1 (fd:205)] vidioc_dqbuf()
[0:02:22.827551788] [3568] DEBUG V4L2Compat v4l2_camera_proxy.cpp:691 [/dev/video1 (fd:205)] vidioc_dqbuf()
[0:02:22.827706391] [3568] DEBUG V4L2Compat v4l2_camera_proxy.cpp:691 [/dev/video1 (fd:205)] vidioc_dqbuf()
[0:02:22.827870732] [3568] DEBUG V4L2Compat v4l2_camera_proxy.cpp:691 [/dev/video1 (fd:205)] vidioc_dqbuf()
[0:02:22.828081686] [3568] DEBUG V4L2Compat v4l2_camera_proxy.cpp:691 [/dev/video1 (fd:205)] vidioc_dqbuf()
[0:02:22.828277078] [3568] DEBUG V4L2Compat v4l2_camera_proxy.cpp:691 [/dev/video1 (fd:205)] vidioc_dqbuf()
[0:02:22.828454919] [3568] DEBUG V4L2Compat v4l2_camera_proxy.cpp:691 [/dev/video1 (fd:205)] vidioc_dqbuf()
[0:02:22.828613460] [3568] DEBUG V4L2Compat v4l2_camera_proxy.cpp:691 [/dev/video1 (fd:205)] vidioc_dqbuf()
[0:02:22.842555430] [3568] DEBUG V4L2Compat v4l2_camera_proxy.cpp:659 [/dev/video1 (fd:205)] vidioc_qbuf(index=2)
[0:02:22.844405569] [3565] DEBUG V4L2 v4l2_videodevice.cpp:1783 /dev/video1[200:cap]: Queueing buffer 2
[0:02:22.858477029] [3565] DEBUG V4L2 v4l2_videodevice.cpp:1855 /dev/video1[200:cap]: Dequeuing buffer 3
[0:02:22.858843612] [3568] DEBUG V4L2Compat v4l2_camera_proxy.cpp:691 [/dev/video1 (fd:205)] vidioc_dqbuf()
[0:02:22.864799475] [3568] DEBUG V4L2Compat v4l2_camera_proxy.cpp:659 [/dev/video1 (fd:205)] vidioc_qbuf(index=3)
[0:02:22.865537879] [3565] DEBUG V4L2 v4l2_videodevice.cpp:1783 /dev/video1[200:cap]: Queueing buffer 3
[0:02:22.891784809] [3565] DEBUG V4L2 v4l2_videodevice.cpp:1855 /dev/video1[200:cap]: Dequeuing buffer 0
[0:02:22.892153466] [3568] DEBUG V4L2Compat v4l2_camera_proxy.cpp:691 [/dev/video1 (fd:205)] vidioc_dqbuf()
[0:02:22.899849417] [3568] DEBUG V4L2Compat v4l2_camera_proxy.cpp:659 [/dev/video1 (fd:205)] vidioc_qbuf(index=0)
[0:02:22.901413312] [3565] DEBUG V4L2 v4l2_videodevice.cpp:1783 /dev/video1[200:cap]: Queueing buffer 0
[0:02:22.925201128] [3565] DEBUG V4L2 v4l2_videodevice.cpp:1855 /dev/video1[200:cap]: Dequeuing buffer 1
[0:02:22.925558060] [3568] DEBUG V4L2Compat v4l2_camera_proxy.cpp:691 [/dev/video1 (fd:205)] vidioc_dqbuf()
[0:02:22.938734814] [3568] DEBUG V4L2Compat v4l2_camera_proxy.cpp:659 [/dev/video1 (fd:205)] vidioc_qbuf(index=1)
[0:02:22.940069792] [3565] DEBUG V4L2 v4l2_videodevice.cpp:1783 /dev/video1[200:cap]: Queueing buffer 1
[0:02:22.958163737] [3565] DEBUG V4L2 v4l2_videodevice.cpp:1855 /dev/video1[200:cap]: Dequeuing buffer 2
[0:02:22.958518582] [3568] DEBUG V4L2Compat v4l2_camera_proxy.cpp:691 [/dev/video1 (fd:205)] vidioc_dqbuf()
[0:02:22.966513439] [3568] DEBUG V4L2Compat v4l2_camera_proxy.cpp:659 [/dev/video1 (fd:205)] vidioc_qbuf(index=2)
[0:02:22.967602224] [3565] DEBUG V4L2 v4l2_videodevice.cpp:1783 /dev/video1[200:cap]: Queueing buffer 2
[0:02:22.991392715] [3565] DEBUG V4L2 v4l2_videodevice.cpp:1855 /dev/video1[200:cap]: Dequeuing buffer 3
[0:02:22.993049387] [3565] DEBUG AtomispPipeline atomisp.cpp:449 AtomISP AE update: msv=3.04306 exp=995 gain=409 vblank=21 expMax=995
[0:02:22.993544973] [3568] DEBUG V4L2Compat v4l2_camera_proxy.cpp:691 [/dev/video1 (fd:205)] vidioc_dqbuf()
[0:02:23.006497359] [3568] DEBUG V4L2Compat v4l2_camera_proxy.cpp:659 [/dev/video1 (fd:205)] vidioc_qbuf(index=3)
[0:02:23.009332019] [3565] DEBUG V4L2 v4l2_videodevice.cpp:1783 /dev/video1[200:cap]: Queueing buffer 3
[0:02:23.024650243] [3565] DEBUG V4L2 v4l2_videodevice.cpp:1855 /dev/video1[200:cap]: Dequeuing buffer 0
[0:02:23.025085053] [3568] DEBUG V4L2Compat v4l2_camera_proxy.cpp:691 [/dev/video1 (fd:205)] vidioc_dqbuf()
[0:02:23.039878553] [3568] DEBUG V4L2Compat v4l2_camera_proxy.cpp:659 [/dev/video1 (fd:205)] vidioc_qbuf(index=0)
[0:02:23.040967263] [3565] DEBUG V4L2 v4l2_videodevice.cpp:1783 /dev/video1[200:cap]: Queueing buffer 0
[0:02:23.057776631] [3565] DEBUG V4L2 v4l2_videodevice.cpp:1855 /dev/video1[200:cap]: Dequeuing buffer 1
[0:02:23.058163677] [3568] DEBUG V4L2Compat v4l2_camera_proxy.cpp:691 [/dev/video1 (fd:205)] vidioc_dqbuf()
[0:02:23.065972367] [3568] DEBUG V4L2Compat v4l2_camera_proxy.cpp:659 [/dev/video1 (fd:205)] vidioc_qbuf(index=1)
[0:02:23.066766334] [3565] DEBUG V4L2 v4l2_videodevice.cpp:1783 /dev/video1[200:cap]: Queueing buffer 1
[0:02:23.090996984] [3565] DEBUG V4L2 v4l2_videodevice.cpp:1855 /dev/video1[200:cap]: Dequeuing buffer 2
[0:02:23.091363529] [3568] DEBUG V4L2Compat v4l2_camera_proxy.cpp:691 [/dev/video1 (fd:205)] vidioc_dqbuf()
[0:02:23.103835593] [3568] DEBUG V4L2Compat v4l2_camera_proxy.cpp:659 [/dev/video1 (fd:205)] vidioc_qbuf(index=2)
[0:02:23.104781250] [3565] DEBUG V4L2 v4l2_videodevice.cpp:1783 /dev/video1[200:cap]: Queueing buffer 2
[0:02:23.124456604] [3565] DEBUG V4L2 v4l2_videodevice.cpp:1855 /dev/video1[200:cap]: Dequeuing buffer 3
[0:02:23.124816424] [3568] DEBUG V4L2Compat v4l2_camera_proxy.cpp:691 [/dev/video1 (fd:205)] vidioc_dqbuf()
[0:02:23.131617530] [3568] DEBUG V4L2Compat v4l2_camera_proxy.cpp:659 [/dev/video1 (fd:205)] vidioc_qbuf(index=3)
[0:02:23.132304332] [3565] DEBUG V4L2 v4l2_videodevice.cpp:1783 /dev/video1[200:cap]: Queueing buffer 3
[0:02:23.157603867] [3565] DEBUG V4L2 v4l2_videodevice.cpp:1855 /dev/video1[200:cap]: Dequeuing buffer 0
[0:02:23.157954637] [3568] DEBUG V4L2Compat v4l2_camera_proxy.cpp:691 [/dev/video1 (fd:205)] vidioc_dqbuf()
[0:02:23.165438233] [3568] DEBUG V4L2Compat v4l2_camera_proxy.cpp:659 [/dev/video1 (fd:205)] vidioc_qbuf(index=0)
[0:02:23.166621883] [3565] DEBUG V4L2 v4l2_videodevice.cpp:1783 /dev/video1[200:cap]: Queueing buffer 0
[0:02:23.190787682] [3565] DEBUG V4L2 v4l2_videodevice.cpp:1855 /dev/video1[200:cap]: Dequeuing buffer 1
[0:02:23.191431458] [3568] DEBUG V4L2Compat v4l2_camera_proxy.cpp:691 [/dev/video1 (fd:205)] vidioc_dqbuf()
[0:02:23.202065995] [3568] DEBUG V4L2Compat v4l2_camera_proxy.cpp:659 [/dev/video1 (fd:205)] vidioc_qbuf(index=1)
[0:02:23.203761506] [3565] DEBUG V4L2 v4l2_videodevice.cpp:1783 /dev/video1[200:cap]: Queueing buffer 1
[0:02:23.224096461] [3565] DEBUG V4L2 v4l2_videodevice.cpp:1855 /dev/video1[200:cap]: Dequeuing buffer 2
[0:02:23.224739850] [3568] DEBUG V4L2Compat v4l2_camera_proxy.cpp:691 [/dev/video1 (fd:205)] vidioc_dqbuf()
[0:02:23.235714944] [3568] DEBUG V4L2Compat v4l2_camera_proxy.cpp:659 [/dev/video1 (fd:205)] vidioc_qbuf(index=2)
[0:02:23.238323262] [3565] DEBUG V4L2 v4l2_videodevice.cpp:1783 /dev/video1[200:cap]: Queueing buffer 2
[0:02:23.257342302] [3565] DEBUG V4L2 v4l2_videodevice.cpp:1855 /dev/video1[200:cap]: Dequeuing buffer 3
[0:02:23.258121568] [3568] DEBUG V4L2Compat v4l2_camera_proxy.cpp:691 [/dev/video1 (fd:205)] vidioc_dqbuf()
[0:02:23.274696781] [3568] DEBUG V4L2Compat v4l2_camera_proxy.cpp:659 [/dev/video1 (fd:205)] vidioc_qbuf(index=3)
[0:02:23.275771041] [3565] DEBUG V4L2 v4l2_videodevice.cpp:1783 /dev/video1[200:cap]: Queueing buffer 3
[0:02:23.290372863] [3565] DEBUG V4L2 v4l2_videodevice.cpp:1855 /dev/video1[200:cap]: Dequeuing buffer 0
[0:02:23.291445348] [3568] DEBUG V4L2Compat v4l2_camera_proxy.cpp:691 [/dev/video1 (fd:205)] vidioc_dqbuf()
[0:02:23.307825482] [3568] DEBUG V4L2Compat v4l2_camera_proxy.cpp:659 [/dev/video1 (fd:205)] vidioc_qbuf(index=0)
[0:02:23.309481004] [3565] DEBUG V4L2 v4l2_videodevice.cpp:1783 /dev/video1[200:cap]: Queueing buffer 0
[0:02:23.323577215] [3565] DEBUG V4L2 v4l2_videodevice.cpp:1855 /dev/video1[200:cap]: Dequeuing buffer 1
[0:02:23.324340493] [3568] DEBUG V4L2Compat v4l2_camera_proxy.cpp:691 [/dev/video1 (fd:205)] vidioc_dqbuf()
[0:02:23.334937918] [3568] DEBUG V4L2Compat v4l2_camera_proxy.cpp:659 [/dev/video1 (fd:205)] vidioc_qbuf(index=1)
[0:02:23.336293121] [3565] DEBUG V4L2 v4l2_videodevice.cpp:1783 /dev/video1[200:cap]: Queueing buffer 1
[0:02:23.356810705] [3565] DEBUG V4L2 v4l2_videodevice.cpp:1855 /dev/video1[200:cap]: Dequeuing buffer 2
[0:02:23.357502832] [3568] DEBUG V4L2Compat v4l2_camera_proxy.cpp:691 [/dev/video1 (fd:205)] vidioc_dqbuf()
[0:02:23.371382126] [3568] DEBUG V4L2Compat v4l2_camera_proxy.cpp:659 [/dev/video1 (fd:205)] vidioc_qbuf(index=2)
[0:02:23.372352796] [3565] DEBUG V4L2 v4l2_videodevice.cpp:1783 /dev/video1[200:cap]: Queueing buffer 2
[0:02:23.390110722] [3565] DEBUG V4L2 v4l2_videodevice.cpp:1855 /dev/video1[200:cap]: Dequeuing buffer 3
[0:02:23.390752161] [3568] DEBUG V4L2Compat v4l2_camera_proxy.cpp:691 [/dev/video1 (fd:205)] vidioc_dqbuf()
[0:02:23.399828477] [3568] DEBUG V4L2Compat v4l2_camera_proxy.cpp:659 [/dev/video1 (fd:205)] vidioc_qbuf(index=3)
[0:02:23.400790448] [3565] DEBUG V4L2 v4l2_videodevice.cpp:1783 /dev/video1[200:cap]: Queueing buffer 3
[0:02:23.423392988] [3565] DEBUG V4L2 v4l2_videodevice.cpp:1855 /dev/video1[200:cap]: Dequeuing buffer 0
[0:02:23.423760784] [3568] DEBUG V4L2Compat v4l2_camera_proxy.cpp:691 [/dev/video1 (fd:205)] vidioc_dqbuf()
[0:02:23.431415445] [3568] DEBUG V4L2Compat v4l2_camera_proxy.cpp:659 [/dev/video1 (fd:205)] vidioc_qbuf(index=0)
[0:02:23.433373899] [3565] DEBUG V4L2 v4l2_videodevice.cpp:1783 /dev/video1[200:cap]: Queueing buffer 0
[0:02:23.456614316] [3565] DEBUG V4L2 v4l2_videodevice.cpp:1855 /dev/video1[200:cap]: Dequeuing buffer 1
[0:02:23.456972411] [3568] DEBUG V4L2Compat v4l2_camera_proxy.cpp:691 [/dev/video1 (fd:205)] vidioc_dqbuf()
[0:02:23.465683183] [3568] DEBUG V4L2Compat v4l2_camera_proxy.cpp:659 [/dev/video1 (fd:205)] vidioc_qbuf(index=1)
[0:02:23.467495696] [3565] DEBUG V4L2 v4l2_videodevice.cpp:1783 /dev/video1[200:cap]: Queueing buffer 1
[0:02:23.489832381] [3565] DEBUG V4L2 v4l2_videodevice.cpp:1855 /dev/video1[200:cap]: Dequeuing buffer 2
[0:02:23.491541254] [3565] DEBUG AtomispPipeline atomisp.cpp:449 AtomISP AE update: msv=3.03361 exp=995 gain=404 vblank=21 expMax=995
[0:02:23.492590377] [3568] DEBUG V4L2Compat v4l2_camera_proxy.cpp:691 [/dev/video1 (fd:205)] vidioc_dqbuf()
[0:02:23.504544679] [3568] DEBUG V4L2Compat v4l2_camera_proxy.cpp:659 [/dev/video1 (fd:205)] vidioc_qbuf(index=2)
[0:02:23.506421594] [3565] DEBUG V4L2 v4l2_videodevice.cpp:1783 /dev/video1[200:cap]: Queueing buffer 2
[0:02:23.523092934] [3565] DEBUG V4L2 v4l2_videodevice.cpp:1855 /dev/video1[200:cap]: Dequeuing buffer 3
[0:02:23.523721147] [3568] DEBUG V4L2Compat v4l2_camera_proxy.cpp:691 [/dev/video1 (fd:205)] vidioc_dqbuf()
[0:02:23.536736998] [3568] DEBUG V4L2Compat v4l2_camera_proxy.cpp:659 [/dev/video1 (fd:205)] vidioc_qbuf(index=3)
[0:02:23.537858146] [3565] DEBUG V4L2 v4l2_videodevice.cpp:1783 /dev/video1[200:cap]: Queueing buffer 3
[0:02:23.556111945] [3565] DEBUG V4L2 v4l2_videodevice.cpp:1855 /dev/video1[200:cap]: Dequeuing buffer 0
[0:02:23.556477815] [3568] DEBUG V4L2Compat v4l2_camera_proxy.cpp:691 [/dev/video1 (fd:205)] vidioc_dqbuf()
[0:02:23.562456842] [3568] DEBUG V4L2Compat v4l2_camera_proxy.cpp:659 [/dev/video1 (fd:205)] vidioc_qbuf(index=0)
[0:02:23.563150081] [3565] DEBUG V4L2 v4l2_videodevice.cpp:1783 /dev/video1[200:cap]: Queueing buffer 0
[0:02:23.589246770] [3565] DEBUG V4L2 v4l2_videodevice.cpp:1855 /dev/video1[200:cap]: Dequeuing buffer 1
[0:02:23.589586240] [3568] DEBUG V4L2Compat v4l2_camera_proxy.cpp:691 [/dev/video1 (fd:205)] vidioc_dqbuf()
[0:02:23.598304725] [3568] DEBUG V4L2Compat v4l2_camera_proxy.cpp:659 [/dev/video1 (fd:205)] vidioc_qbuf(index=1)
[0:02:23.599347347] [3565] DEBUG V4L2 v4l2_videodevice.cpp:1783 /dev/video1[200:cap]: Queueing buffer 1
[0:02:23.622457348] [3565] DEBUG V4L2 v4l2_videodevice.cpp:1855 /dev/video1[200:cap]: Dequeuing buffer 2
[0:02:23.622835069] [3568] DEBUG V4L2Compat v4l2_camera_proxy.cpp:691 [/dev/video1 (fd:205)] vidioc_dqbuf()
[0:02:23.634406688] [3568] DEBUG V4L2Compat v4l2_camera_proxy.cpp:659 [/dev/video1 (fd:205)] vidioc_qbuf(index=2)
[0:02:23.635870332] [3565] DEBUG V4L2 v4l2_videodevice.cpp:1783 /dev/video1[200:cap]: Queueing buffer 2
[0:02:23.655870642] [3565] DEBUG V4L2 v4l2_videodevice.cpp:1855 /dev/video1[200:cap]: Dequeuing buffer 3
[0:02:23.656601095] [3568] DEBUG V4L2Compat v4l2_camera_proxy.cpp:691 [/dev/video1 (fd:205)] vidioc_dqbuf()
[0:02:23.666654783] [3568] DEBUG V4L2Compat v4l2_camera_proxy.cpp:659 [/dev/video1 (fd:205)] vidioc_qbuf(index=3)
[0:02:23.667428712] [3565] DEBUG V4L2 v4l2_videodevice.cpp:1783 /dev/video1[200:cap]: Queueing buffer 3
[0:02:23.688939879] [3565] DEBUG V4L2 v4l2_videodevice.cpp:1855 /dev/video1[200:cap]: Dequeuing buffer 0
[0:02:23.689541617] [3568] DEBUG V4L2Compat v4l2_camera_proxy.cpp:691 [/dev/video1 (fd:205)] vidioc_dqbuf()
[0:02:23.702912875] [3568] DEBUG V4L2Compat v4l2_camera_proxy.cpp:659 [/dev/video1 (fd:205)] vidioc_qbuf(index=0)
[0:02:23.704606585] [3565] DEBUG V4L2 v4l2_videodevice.cpp:1783 /dev/video1[200:cap]: Queueing buffer 0
[0:02:23.722119768] [3565] DEBUG V4L2 v4l2_videodevice.cpp:1855 /dev/video1[200:cap]: Dequeuing buffer 1
[0:02:23.722496951] [3568] DEBUG V4L2Compat v4l2_camera_proxy.cpp:691 [/dev/video1 (fd:205)] vidioc_dqbuf()
[0:02:23.730999093] [3568] DEBUG V4L2Compat v4l2_camera_proxy.cpp:659 [/dev/video1 (fd:205)] vidioc_qbuf(index=1)
[0:02:23.731860299] [3565] DEBUG V4L2 v4l2_videodevice.cpp:1783 /dev/video1[200:cap]: Queueing buffer 1
[0:02:23.755576188] [3565] DEBUG V4L2 v4l2_videodevice.cpp:1855 /dev/video1[200:cap]: Dequeuing buffer 2
[0:02:23.755959346] [3568] DEBUG V4L2Compat v4l2_camera_proxy.cpp:691 [/dev/video1 (fd:205)] vidioc_dqbuf()
[0:02:23.771511750] [3568] DEBUG V4L2Compat v4l2_camera_proxy.cpp:659 [/dev/video1 (fd:205)] vidioc_qbuf(index=2)
[0:02:23.772489296] [3565] DEBUG V4L2 v4l2_videodevice.cpp:1783 /dev/video1[200:cap]: Queueing buffer 2
[0:02:23.788781953] [3565] DEBUG V4L2 v4l2_videodevice.cpp:1855 /dev/video1[200:cap]: Dequeuing buffer 3
[0:02:23.789186811] [3568] DEBUG V4L2Compat v4l2_camera_proxy.cpp:691 [/dev/video1 (fd:205)] vidioc_dqbuf()
[0:02:23.796457053] [3568] DEBUG V4L2Compat v4l2_camera_proxy.cpp:659 [/dev/video1 (fd:205)] vidioc_qbuf(index=3)
[0:02:23.797258845] [3565] DEBUG V4L2 v4l2_videodevice.cpp:1783 /dev/video1[200:cap]: Queueing buffer 3
[0:02:23.821978542] [3565] DEBUG V4L2 v4l2_videodevice.cpp:1855 /dev/video1[200:cap]: Dequeuing buffer 0
[0:02:23.822343913] [3568] DEBUG V4L2Compat v4l2_camera_proxy.cpp:691 [/dev/video1 (fd:205)] vidioc_dqbuf()
[0:02:23.832294723] [3568] DEBUG V4L2Compat v4l2_camera_proxy.cpp:659 [/dev/video1 (fd:205)] vidioc_qbuf(index=0)
[0:02:23.832895223] [3565] DEBUG V4L2 v4l2_videodevice.cpp:1783 /dev/video1[200:cap]: Queueing buffer 0
[0:02:23.855171007] [3565] DEBUG V4L2 v4l2_videodevice.cpp:1855 /dev/video1[200:cap]: Dequeuing buffer 1
[0:02:23.855794708] [3568] DEBUG V4L2Compat v4l2_camera_proxy.cpp:691 [/dev/video1 (fd:205)] vidioc_dqbuf()
[0:02:23.867179948] [3568] DEBUG V4L2Compat v4l2_camera_proxy.cpp:659 [/dev/video1 (fd:205)] vidioc_qbuf(index=1)
[0:02:23.867909564] [3565] DEBUG V4L2 v4l2_videodevice.cpp:1783 /dev/video1[200:cap]: Queueing buffer 1
[0:02:23.888348033] [3565] DEBUG V4L2 v4l2_videodevice.cpp:1855 /dev/video1[200:cap]: Dequeuing buffer 2
[0:02:23.888985534] [3568] DEBUG V4L2Compat v4l2_camera_proxy.cpp:691 [/dev/video1 (fd:205)] vidioc_dqbuf()
[0:02:23.905775002] [3568] DEBUG V4L2Compat v4l2_camera_proxy.cpp:659 [/dev/video1 (fd:205)] vidioc_qbuf(index=2)
[0:02:23.907212032] [3565] DEBUG V4L2 v4l2_videodevice.cpp:1783 /dev/video1[200:cap]: Queueing buffer 2
[0:02:23.921572736] [3565] DEBUG V4L2 v4l2_videodevice.cpp:1855 /dev/video1[200:cap]: Dequeuing buffer 3
[0:02:23.922347340] [3568] DEBUG V4L2Compat v4l2_camera_proxy.cpp:691 [/dev/video1 (fd:205)] vidioc_dqbuf()
[0:02:23.938962804] [3568] DEBUG V4L2Compat v4l2_camera_proxy.cpp:659 [/dev/video1 (fd:205)] vidioc_qbuf(index=3)
[0:02:23.940397084] [3565] DEBUG V4L2 v4l2_videodevice.cpp:1783 /dev/video1[200:cap]: Queueing buffer 3
[0:02:23.954825677] [3565] DEBUG V4L2 v4l2_videodevice.cpp:1855 /dev/video1[200:cap]: Dequeuing buffer 0
[0:02:23.955609406] [3568] DEBUG V4L2Compat v4l2_camera_proxy.cpp:691 [/dev/video1 (fd:205)] vidioc_dqbuf()
[0:02:23.965935674] [3568] DEBUG V4L2Compat v4l2_camera_proxy.cpp:659 [/dev/video1 (fd:205)] vidioc_qbuf(index=0)
[0:02:23.967115412] [3565] DEBUG V4L2 v4l2_videodevice.cpp:1783 /dev/video1[200:cap]: Queueing buffer 0
[0:02:23.987772798] [3565] DEBUG V4L2 v4l2_videodevice.cpp:1855 /dev/video1[200:cap]: Dequeuing buffer 1
[0:02:23.989096089] [3568] DEBUG V4L2Compat v4l2_camera_proxy.cpp:691 [/dev/video1 (fd:205)] vidioc_dqbuf()
[0:02:24.000162673] [3568] DEBUG V4L2Compat v4l2_camera_proxy.cpp:659 [/dev/video1 (fd:205)] vidioc_qbuf(index=1)
[0:02:24.002339519] [3565] DEBUG V4L2 v4l2_videodevice.cpp:1783 /dev/video1[200:cap]: Queueing buffer 1
[0:02:24.021218931] [3565] DEBUG V4L2 v4l2_videodevice.cpp:1855 /dev/video1[200:cap]: Dequeuing buffer 2
[0:02:24.021580676] [3568] DEBUG V4L2Compat v4l2_camera_proxy.cpp:691 [/dev/video1 (fd:205)] vidioc_dqbuf()
[0:02:24.030360862] [3568] DEBUG V4L2Compat v4l2_camera_proxy.cpp:659 [/dev/video1 (fd:205)] vidioc_qbuf(index=2)
[0:02:24.031048576] [3565] DEBUG V4L2 v4l2_videodevice.cpp:1783 /dev/video1[200:cap]: Queueing buffer 2
[0:02:24.054458209] [3565] DEBUG V4L2 v4l2_videodevice.cpp:1855 /dev/video1[200:cap]: Dequeuing buffer 3
[0:02:24.054858042] [3568] DEBUG V4L2Compat v4l2_camera_proxy.cpp:691 [/dev/video1 (fd:205)] vidioc_dqbuf()
[0:02:24.066099818] [3568] DEBUG V4L2Compat v4l2_camera_proxy.cpp:659 [/dev/video1 (fd:205)] vidioc_qbuf(index=3)
[0:02:24.066683780] [3565] DEBUG V4L2 v4l2_videodevice.cpp:1783 /dev/video1[200:cap]: Queueing buffer 3
[0:02:24.087358530] [3565] DEBUG V4L2 v4l2_videodevice.cpp:1855 /dev/video1[200:cap]: Dequeuing buffer 0
[0:02:24.087826189] [3568] DEBUG V4L2Compat v4l2_camera_proxy.cpp:691 [/dev/video1 (fd:205)] vidioc_dqbuf()
[0:02:24.096349920] [3568] DEBUG V4L2Compat v4l2_camera_proxy.cpp:659 [/dev/video1 (fd:205)] vidioc_qbuf(index=0)
[0:02:24.096936957] [3565] DEBUG V4L2 v4l2_videodevice.cpp:1783 /dev/video1[200:cap]: Queueing buffer 0
[0:02:24.120614720] [3565] DEBUG V4L2 v4l2_videodevice.cpp:1855 /dev/video1[200:cap]: Dequeuing buffer 1
[0:02:24.121035192] [3568] DEBUG V4L2Compat v4l2_camera_proxy.cpp:691 [/dev/video1 (fd:205)] vidioc_dqbuf()
[0:02:24.128828944] [3568] DEBUG V4L2Compat v4l2_camera_proxy.cpp:659 [/dev/video1 (fd:205)] vidioc_qbuf(index=1)
[0:02:24.130267037] [3565] DEBUG V4L2 v4l2_videodevice.cpp:1783 /dev/video1[200:cap]: Queueing buffer 1
[0:02:24.154034890] [3565] DEBUG V4L2 v4l2_videodevice.cpp:1855 /dev/video1[200:cap]: Dequeuing buffer 2
[0:02:24.154579664] [3568] DEBUG V4L2Compat v4l2_camera_proxy.cpp:691 [/dev/video1 (fd:205)] vidioc_dqbuf()
[0:02:24.162941978] [3568] DEBUG V4L2Compat v4l2_camera_proxy.cpp:659 [/dev/video1 (fd:205)] vidioc_qbuf(index=2)
[0:02:24.163708744] [3565] DEBUG V4L2 v4l2_videodevice.cpp:1783 /dev/video1[200:cap]: Queueing buffer 2
[0:02:24.187339756] [3565] DEBUG V4L2 v4l2_videodevice.cpp:1855 /dev/video1[200:cap]: Dequeuing buffer 3
[0:02:24.188121823] [3568] DEBUG V4L2Compat v4l2_camera_proxy.cpp:691 [/dev/video1 (fd:205)] vidioc_dqbuf()
[0:02:24.196348385] [3568] DEBUG V4L2Compat v4l2_camera_proxy.cpp:659 [/dev/video1 (fd:205)] vidioc_qbuf(index=3)
[0:02:24.196914396] [3565] DEBUG V4L2 v4l2_videodevice.cpp:1783 /dev/video1[200:cap]: Queueing buffer 3
[0:02:24.220482270] [3565] DEBUG V4L2 v4l2_videodevice.cpp:1855 /dev/video1[200:cap]: Dequeuing buffer 0
[0:02:24.221042207] [3568] DEBUG V4L2Compat v4l2_camera_proxy.cpp:691 [/dev/video1 (fd:205)] vidioc_dqbuf()
[0:02:24.228892973] [3568] DEBUG V4L2Compat v4l2_camera_proxy.cpp:659 [/dev/video1 (fd:205)] vidioc_qbuf(index=0)
[0:02:24.230586659] [3565] DEBUG V4L2 v4l2_videodevice.cpp:1783 /dev/video1[200:cap]: Queueing buffer 0
[0:02:24.253732873] [3565] DEBUG V4L2 v4l2_videodevice.cpp:1855 /dev/video1[200:cap]: Dequeuing buffer 1
[0:02:24.254453876] [3568] DEBUG V4L2Compat v4l2_camera_proxy.cpp:691 [/dev/video1 (fd:205)] vidioc_dqbuf()
[0:02:24.262555110] [3568] DEBUG V4L2Compat v4l2_camera_proxy.cpp:659 [/dev/video1 (fd:205)] vidioc_qbuf(index=1)
[0:02:24.264271433] [3565] DEBUG V4L2 v4l2_videodevice.cpp:1783 /dev/video1[200:cap]: Queueing buffer 1
[0:02:24.287103454] [3565] DEBUG V4L2 v4l2_videodevice.cpp:1855 /dev/video1[200:cap]: Dequeuing buffer 2
[0:02:24.287751280] [3568] DEBUG V4L2Compat v4l2_camera_proxy.cpp:691 [/dev/video1 (fd:205)] vidioc_dqbuf()
[0:02:24.298120199] [3568] DEBUG V4L2Compat v4l2_camera_proxy.cpp:659 [/dev/video1 (fd:205)] vidioc_qbuf(index=2)
[0:02:24.299346838] [3565] DEBUG V4L2 v4l2_videodevice.cpp:1783 /dev/video1[200:cap]: Queueing buffer 2
[0:02:24.320065301] [3565] DEBUG V4L2 v4l2_videodevice.cpp:1855 /dev/video1[200:cap]: Dequeuing buffer 3
[0:02:24.320432271] [3568] DEBUG V4L2Compat v4l2_camera_proxy.cpp:691 [/dev/video1 (fd:205)] vidioc_dqbuf()
[0:02:24.325958738] [3568] DEBUG V4L2Compat v4l2_camera_proxy.cpp:659 [/dev/video1 (fd:205)] vidioc_qbuf(index=3)
[0:02:24.326622452] [3565] DEBUG V4L2 v4l2_videodevice.cpp:1783 /dev/video1[200:cap]: Queueing buffer 3
[0:02:24.353307816] [3565] DEBUG V4L2 v4l2_videodevice.cpp:1855 /dev/video1[200:cap]: Dequeuing buffer 0
[0:02:24.353703925] [3568] DEBUG V4L2Compat v4l2_camera_proxy.cpp:691 [/dev/video1 (fd:205)] vidioc_dqbuf()
[0:02:24.360993004] [3568] DEBUG V4L2Compat v4l2_camera_proxy.cpp:659 [/dev/video1 (fd:205)] vidioc_qbuf(index=0)
[0:02:24.362303644] [3565] DEBUG V4L2 v4l2_videodevice.cpp:1783 /dev/video1[200:cap]: Queueing buffer 0
[0:02:24.386596420] [3565] DEBUG V4L2 v4l2_videodevice.cpp:1855 /dev/video1[200:cap]: Dequeuing buffer 1
[0:02:24.387421838] [3568] DEBUG V4L2Compat v4l2_camera_proxy.cpp:691 [/dev/video1 (fd:205)] vidioc_dqbuf()
[0:02:24.396444428] [3568] DEBUG V4L2Compat v4l2_camera_proxy.cpp:659 [/dev/video1 (fd:205)] vidioc_qbuf(index=1)
[0:02:24.397171281] [3565] DEBUG V4L2 v4l2_videodevice.cpp:1783 /dev/video1[200:cap]: Queueing buffer 1
[0:02:24.419591531] [3565] DEBUG V4L2 v4l2_videodevice.cpp:1855 /dev/video1[200:cap]: Dequeuing buffer 2
[0:02:24.420074103] [3568] DEBUG V4L2Compat v4l2_camera_proxy.cpp:691 [/dev/video1 (fd:205)] vidioc_dqbuf()
[0:02:24.434457032] [3568] DEBUG V4L2Compat v4l2_camera_proxy.cpp:659 [/dev/video1 (fd:205)] vidioc_qbuf(index=2)
[0:02:24.435386977] [3565] DEBUG V4L2 v4l2_videodevice.cpp:1783 /dev/video1[200:cap]: Queueing buffer 2
[0:02:24.452991024] [3565] DEBUG V4L2 v4l2_videodevice.cpp:1855 /dev/video1[200:cap]: Dequeuing buffer 3
[0:02:24.453812279] [3568] DEBUG V4L2Compat v4l2_camera_proxy.cpp:691 [/dev/video1 (fd:205)] vidioc_dqbuf()
[0:02:24.471350425] [3568] DEBUG V4L2Compat v4l2_camera_proxy.cpp:659 [/dev/video1 (fd:205)] vidioc_qbuf(index=3)
[0:02:24.472230869] [3565] DEBUG V4L2 v4l2_videodevice.cpp:1783 /dev/video1[200:cap]: Queueing buffer 3
[0:02:24.486269403] [3565] DEBUG V4L2 v4l2_videodevice.cpp:1855 /dev/video1[200:cap]: Dequeuing buffer 0
[0:02:24.487575243] [3568] DEBUG V4L2Compat v4l2_camera_proxy.cpp:691 [/dev/video1 (fd:205)] vidioc_dqbuf()
[0:02:24.493396191] [3568] DEBUG V4L2Compat v4l2_camera_proxy.cpp:659 [/dev/video1 (fd:205)] vidioc_qbuf(index=0)
[0:02:24.494055268] [3565] DEBUG V4L2 v4l2_videodevice.cpp:1783 /dev/video1[200:cap]: Queueing buffer 0
[0:02:24.519568420] [3565] DEBUG V4L2 v4l2_videodevice.cpp:1855 /dev/video1[200:cap]: Dequeuing buffer 1
[0:02:24.519941990] [3568] DEBUG V4L2Compat v4l2_camera_proxy.cpp:691 [/dev/video1 (fd:205)] vidioc_dqbuf()
[0:02:24.532183262] [3568] DEBUG V4L2Compat v4l2_camera_proxy.cpp:659 [/dev/video1 (fd:205)] vidioc_qbuf(index=1)
[0:02:24.532938540] [3565] DEBUG V4L2 v4l2_videodevice.cpp:1783 /dev/video1[200:cap]: Queueing buffer 1
[0:02:24.552374014] [3565] DEBUG V4L2 v4l2_videodevice.cpp:1855 /dev/video1[200:cap]: Dequeuing buffer 2
[0:02:24.553110942] [3568] DEBUG V4L2Compat v4l2_camera_proxy.cpp:691 [/dev/video1 (fd:205)] vidioc_dqbuf()
[0:02:24.568811461] [3568] DEBUG V4L2Compat v4l2_camera_proxy.cpp:659 [/dev/video1 (fd:205)] vidioc_qbuf(index=2)
[0:02:24.570427583] [3565] DEBUG V4L2 v4l2_videodevice.cpp:1783 /dev/video1[200:cap]: Queueing buffer 2
[0:02:24.585805521] [3565] DEBUG V4L2 v4l2_videodevice.cpp:1855 /dev/video1[200:cap]: Dequeuing buffer 3
[0:02:24.586330069] [3568] DEBUG V4L2Compat v4l2_camera_proxy.cpp:691 [/dev/video1 (fd:205)] vidioc_dqbuf()
[0:02:24.603192738] [3568] DEBUG V4L2Compat v4l2_camera_proxy.cpp:659 [/dev/video1 (fd:205)] vidioc_qbuf(index=3)
[0:02:24.604260423] [3565] DEBUG V4L2 v4l2_videodevice.cpp:1783 /dev/video1[200:cap]: Queueing buffer 3
[0:02:24.619130775] [3565] DEBUG V4L2 v4l2_videodevice.cpp:1855 /dev/video1[200:cap]: Dequeuing buffer 0
[0:02:24.619480420] [3568] DEBUG V4L2Compat v4l2_camera_proxy.cpp:691 [/dev/video1 (fd:205)] vidioc_dqbuf()
[0:02:24.635608549] [3568] DEBUG V4L2Compat v4l2_camera_proxy.cpp:659 [/dev/video1 (fd:205)] vidioc_qbuf(index=0)
[0:02:24.636991740] [3565] DEBUG V4L2 v4l2_videodevice.cpp:1783 /dev/video1[200:cap]: Queueing buffer 0
[0:02:24.652276201] [3565] DEBUG V4L2 v4l2_videodevice.cpp:1855 /dev/video1[200:cap]: Dequeuing buffer 1
[0:02:24.652674222] [3568] DEBUG V4L2Compat v4l2_camera_proxy.cpp:691 [/dev/video1 (fd:205)] vidioc_dqbuf()
[0:02:24.671699987] [3568] DEBUG V4L2Compat v4l2_camera_proxy.cpp:659 [/dev/video1 (fd:205)] vidioc_qbuf(index=1)
[0:02:24.672648970] [3565] DEBUG V4L2 v4l2_videodevice.cpp:1783 /dev/video1[200:cap]: Queueing buffer 1
[0:02:24.685452715] [3565] DEBUG V4L2 v4l2_videodevice.cpp:1855 /dev/video1[200:cap]: Dequeuing buffer 2
[0:02:24.685812298] [3568] DEBUG V4L2Compat v4l2_camera_proxy.cpp:691 [/dev/video1 (fd:205)] vidioc_dqbuf()
[0:02:24.703687651] [3568] DEBUG V4L2Compat v4l2_camera_proxy.cpp:659 [/dev/video1 (fd:205)] vidioc_qbuf(index=2)
[0:02:24.704810200] [3565] DEBUG V4L2 v4l2_videodevice.cpp:1783 /dev/video1[200:cap]: Queueing buffer 2
[0:02:24.718623454] [3565] DEBUG V4L2 v4l2_videodevice.cpp:1855 /dev/video1[200:cap]: Dequeuing buffer 3
[0:02:24.718987187] [3568] DEBUG V4L2Compat v4l2_camera_proxy.cpp:691 [/dev/video1 (fd:205)] vidioc_dqbuf()
[0:02:24.737208222] [3568] DEBUG V4L2Compat v4l2_camera_proxy.cpp:659 [/dev/video1 (fd:205)] vidioc_qbuf(index=3)
[0:02:24.738550501] [3565] DEBUG V4L2 v4l2_videodevice.cpp:1783 /dev/video1[200:cap]: Queueing buffer 3
[0:02:24.751602377] [3565] DEBUG V4L2 v4l2_videodevice.cpp:1855 /dev/video1[200:cap]: Dequeuing buffer 0
[0:02:24.751951922] [3568] DEBUG V4L2Compat v4l2_camera_proxy.cpp:691 [/dev/video1 (fd:205)] vidioc_dqbuf()
[0:02:24.770380074] [3568] DEBUG V4L2Compat v4l2_camera_proxy.cpp:659 [/dev/video1 (fd:205)] vidioc_qbuf(index=0)
[0:02:24.771870430] [3565] DEBUG V4L2 v4l2_videodevice.cpp:1783 /dev/video1[200:cap]: Queueing buffer 0
[0:02:24.784844180] [3565] DEBUG V4L2 v4l2_videodevice.cpp:1855 /dev/video1[200:cap]: Dequeuing buffer 1
[0:02:24.785210187] [3568] DEBUG V4L2Compat v4l2_camera_proxy.cpp:691 [/dev/video1 (fd:205)] vidioc_dqbuf()
[0:02:24.802214560] [3568] DEBUG V4L2Compat v4l2_camera_proxy.cpp:659 [/dev/video1 (fd:205)] vidioc_qbuf(index=1)
[0:02:24.803430960] [3565] DEBUG V4L2 v4l2_videodevice.cpp:1783 /dev/video1[200:cap]: Queueing buffer 1
[0:02:24.818384002] [3565] DEBUG V4L2 v4l2_videodevice.cpp:1855 /dev/video1[200:cap]: Dequeuing buffer 2
[0:02:24.818724446] [3568] DEBUG V4L2Compat v4l2_camera_proxy.cpp:691 [/dev/video1 (fd:205)] vidioc_dqbuf()
[0:02:24.837783949] [3568] DEBUG V4L2Compat v4l2_camera_proxy.cpp:659 [/dev/video1 (fd:205)] vidioc_qbuf(index=2)
[0:02:24.838871960] [3565] DEBUG V4L2 v4l2_videodevice.cpp:1783 /dev/video1[200:cap]: Queueing buffer 2
[0:02:24.851266672] [3565] DEBUG V4L2 v4l2_videodevice.cpp:1855 /dev/video1[200:cap]: Dequeuing buffer 3
[0:02:24.851606367] [3568] DEBUG V4L2Compat v4l2_camera_proxy.cpp:691 [/dev/video1 (fd:205)] vidioc_dqbuf()
[0:02:24.870118771] [3568] DEBUG V4L2Compat v4l2_camera_proxy.cpp:659 [/dev/video1 (fd:205)] vidioc_qbuf(index=3)
[0:02:24.871320033] [3565] DEBUG V4L2 v4l2_videodevice.cpp:1783 /dev/video1[200:cap]: Queueing buffer 3
[0:02:24.884744692] [3565] DEBUG V4L2 v4l2_videodevice.cpp:1855 /dev/video1[200:cap]: Dequeuing buffer 0
[0:02:24.885212627] [3568] DEBUG V4L2Compat v4l2_camera_proxy.cpp:691 [/dev/video1 (fd:205)] vidioc_dqbuf()
[0:02:24.902896576] [3568] DEBUG V4L2Compat v4l2_camera_proxy.cpp:659 [/dev/video1 (fd:205)] vidioc_qbuf(index=0)
[0:02:24.904355857] [3565] DEBUG V4L2 v4l2_videodevice.cpp:1783 /dev/video1[200:cap]: Queueing buffer 0
[0:02:24.917910969] [3565] DEBUG V4L2 v4l2_videodevice.cpp:1855 /dev/video1[200:cap]: Dequeuing buffer 1
[0:02:24.918355766] [3568] DEBUG V4L2Compat v4l2_camera_proxy.cpp:691 [/dev/video1 (fd:205)] vidioc_dqbuf()
[0:02:24.936591726] [3568] DEBUG V4L2Compat v4l2_camera_proxy.cpp:659 [/dev/video1 (fd:205)] vidioc_qbuf(index=1)
[0:02:24.937818177] [3565] DEBUG V4L2 v4l2_videodevice.cpp:1783 /dev/video1[200:cap]: Queueing buffer 1
[0:02:24.951233736] [3565] DEBUG V4L2 v4l2_videodevice.cpp:1855 /dev/video1[200:cap]: Dequeuing buffer 2
[0:02:24.951584706] [3568] DEBUG V4L2Compat v4l2_camera_proxy.cpp:691 [/dev/video1 (fd:205)] vidioc_dqbuf()
[0:02:24.969416420] [3568] DEBUG V4L2Compat v4l2_camera_proxy.cpp:659 [/dev/video1 (fd:205)] vidioc_qbuf(index=2)
[0:02:24.970749686] [3565] DEBUG V4L2 v4l2_videodevice.cpp:1783 /dev/video1[200:cap]: Queueing buffer 2
[0:02:24.984450801] [3565] DEBUG V4L2 v4l2_videodevice.cpp:1855 /dev/video1[200:cap]: Dequeuing buffer 3
[0:02:24.985784354] [3568] DEBUG V4L2Compat v4l2_camera_proxy.cpp:691 [/dev/video1 (fd:205)] vidioc_dqbuf()
[0:02:25.005588473] [3568] DEBUG V4L2Compat v4l2_camera_proxy.cpp:659 [/dev/video1 (fd:205)] vidioc_qbuf(index=3)
[0:02:25.007636616] [3565] DEBUG V4L2 v4l2_videodevice.cpp:1783 /dev/video1[200:cap]: Queueing buffer 3
[0:02:25.017596439] [3565] DEBUG V4L2 v4l2_videodevice.cpp:1855 /dev/video1[200:cap]: Dequeuing buffer 0
[0:02:25.018323655] [3568] DEBUG V4L2Compat v4l2_camera_proxy.cpp:691 [/dev/video1 (fd:205)] vidioc_dqbuf()
[0:02:25.035666322] [3568] DEBUG V4L2Compat v4l2_camera_proxy.cpp:659 [/dev/video1 (fd:205)] vidioc_qbuf(index=0)
[0:02:25.037185916] [3565] DEBUG V4L2 v4l2_videodevice.cpp:1783 /dev/video1[200:cap]: Queueing buffer 0
[0:02:25.050529386] [3565] DEBUG V4L2 v4l2_videodevice.cpp:1855 /dev/video1[200:cap]: Dequeuing buffer 1
[0:02:25.050916857] [3568] DEBUG V4L2Compat v4l2_camera_proxy.cpp:691 [/dev/video1 (fd:205)] vidioc_dqbuf()
[0:02:25.068907962] [3568] DEBUG V4L2Compat v4l2_camera_proxy.cpp:659 [/dev/video1 (fd:205)] vidioc_qbuf(index=1)
[0:02:25.070372831] [3565] DEBUG V4L2 v4l2_videodevice.cpp:1783 /dev/video1[200:cap]: Queueing buffer 1
[0:02:25.084101596] [3565] DEBUG V4L2 v4l2_videodevice.cpp:1855 /dev/video1[200:cap]: Dequeuing buffer 2
[0:02:25.084792910] [3568] DEBUG V4L2Compat v4l2_camera_proxy.cpp:691 [/dev/video1 (fd:205)] vidioc_dqbuf()
[0:02:25.101745319] [3568] DEBUG V4L2Compat v4l2_camera_proxy.cpp:659 [/dev/video1 (fd:205)] vidioc_qbuf(index=2)
[0:02:25.104317611] [3565] DEBUG V4L2 v4l2_videodevice.cpp:1783 /dev/video1[200:cap]: Queueing buffer 2
[0:02:25.116986366] [3565] DEBUG V4L2 v4l2_videodevice.cpp:1855 /dev/video1[200:cap]: Dequeuing buffer 3
[0:02:25.117402963] [3568] DEBUG V4L2Compat v4l2_camera_proxy.cpp:691 [/dev/video1 (fd:205)] vidioc_dqbuf()
[0:02:25.128482684] [3568] DEBUG V4L2Compat v4l2_camera_proxy.cpp:659 [/dev/video1 (fd:205)] vidioc_qbuf(index=3)
[0:02:25.129716923] [3565] DEBUG V4L2 v4l2_videodevice.cpp:1783 /dev/video1[200:cap]: Queueing buffer 3
[0:02:25.150285945] [3565] DEBUG V4L2 v4l2_videodevice.cpp:1855 /dev/video1[200:cap]: Dequeuing buffer 0
[0:02:25.150647691] [3568] DEBUG V4L2Compat v4l2_camera_proxy.cpp:691 [/dev/video1 (fd:205)] vidioc_dqbuf()
[0:02:25.157777154] [3568] DEBUG V4L2Compat v4l2_camera_proxy.cpp:659 [/dev/video1 (fd:205)] vidioc_qbuf(index=0)
[0:02:25.158500394] [3565] DEBUG V4L2 v4l2_videodevice.cpp:1783 /dev/video1[200:cap]: Queueing buffer 0
[0:02:25.183708377] [3565] DEBUG V4L2 v4l2_videodevice.cpp:1855 /dev/video1[200:cap]: Dequeuing buffer 1
[0:02:25.184058472] [3568] DEBUG V4L2Compat v4l2_camera_proxy.cpp:691 [/dev/video1 (fd:205)] vidioc_dqbuf()
[0:02:25.191211098] [3568] DEBUG V4L2Compat v4l2_camera_proxy.cpp:659 [/dev/video1 (fd:205)] vidioc_qbuf(index=1)
[0:02:25.191963927] [3565] DEBUG V4L2 v4l2_videodevice.cpp:1783 /dev/video1[200:cap]: Queueing buffer 1
[0:02:25.216883941] [3565] DEBUG V4L2 v4l2_videodevice.cpp:1855 /dev/video1[200:cap]: Dequeuing buffer 2
[0:02:25.217394140] [3568] DEBUG V4L2Compat v4l2_camera_proxy.cpp:691 [/dev/video1 (fd:205)] vidioc_dqbuf()
[0:02:25.232372431] [3568] DEBUG V4L2Compat v4l2_camera_proxy.cpp:659 [/dev/video1 (fd:205)] vidioc_qbuf(index=2)
[0:02:25.233357090] [3565] DEBUG V4L2 v4l2_videodevice.cpp:1783 /dev/video1[200:cap]: Queueing buffer 2
[0:02:25.250126407] [3565] DEBUG V4L2 v4l2_videodevice.cpp:1855 /dev/video1[200:cap]: Dequeuing buffer 3
[0:02:25.250530253] [3568] DEBUG V4L2Compat v4l2_camera_proxy.cpp:691 [/dev/video1 (fd:205)] vidioc_dqbuf()
[0:02:25.264648826] [3568] DEBUG V4L2Compat v4l2_camera_proxy.cpp:659 [/dev/video1 (fd:205)] vidioc_qbuf(index=3)
[0:02:25.265534720] [3565] DEBUG V4L2 v4l2_videodevice.cpp:1783 /dev/video1[200:cap]: Queueing buffer 3
[0:02:25.283345059] [3565] DEBUG V4L2 v4l2_videodevice.cpp:1855 /dev/video1[200:cap]: Dequeuing buffer 0
[0:02:25.283705804] [3568] DEBUG V4L2Compat v4l2_camera_proxy.cpp:691 [/dev/video1 (fd:205)] vidioc_dqbuf()
[0:02:25.299636916] [3568] DEBUG V4L2Compat v4l2_camera_proxy.cpp:659 [/dev/video1 (fd:205)] vidioc_qbuf(index=0)
[0:02:25.301107347] [3565] DEBUG V4L2 v4l2_videodevice.cpp:1783 /dev/video1[200:cap]: Queueing buffer 0
[0:02:25.316204417] [3565] DEBUG V4L2 v4l2_videodevice.cpp:1855 /dev/video1[200:cap]: Dequeuing buffer 1
[0:02:25.316580412] [3568] DEBUG V4L2Compat v4l2_camera_proxy.cpp:691 [/dev/video1 (fd:205)] vidioc_dqbuf()
[0:02:25.332372596] [3568] DEBUG V4L2Compat v4l2_camera_proxy.cpp:659 [/dev/video1 (fd:205)] vidioc_qbuf(index=1)
[0:02:25.333526846] [3565] DEBUG V4L2 v4l2_videodevice.cpp:1783 /dev/video1[200:cap]: Queueing buffer 1
[0:02:25.349689962] [3565] DEBUG V4L2 v4l2_videodevice.cpp:1855 /dev/video1[200:cap]: Dequeuing buffer 2
[0:02:25.350198798] [3568] DEBUG V4L2Compat v4l2_camera_proxy.cpp:691 [/dev/video1 (fd:205)] vidioc_dqbuf()
[0:02:25.366484093] [3568] DEBUG V4L2Compat v4l2_camera_proxy.cpp:659 [/dev/video1 (fd:205)] vidioc_qbuf(index=2)
[0:02:25.367714344] [3565] DEBUG V4L2 v4l2_videodevice.cpp:1783 /dev/video1[200:cap]: Queueing buffer 2
[0:02:25.382629134] [3565] DEBUG V4L2 v4l2_videodevice.cpp:1855 /dev/video1[200:cap]: Dequeuing buffer 3
[0:02:25.382989392] [3568] DEBUG V4L2Compat v4l2_camera_proxy.cpp:691 [/dev/video1 (fd:205)] vidioc_dqbuf()
[0:02:25.398515245] [3568] DEBUG V4L2Compat v4l2_camera_proxy.cpp:659 [/dev/video1 (fd:205)] vidioc_qbuf(index=3)
[0:02:25.400593589] [3565] DEBUG V4L2 v4l2_videodevice.cpp:1783 /dev/video1[200:cap]: Queueing buffer 3
[0:02:25.415971502] [3565] DEBUG V4L2 v4l2_videodevice.cpp:1855 /dev/video1[200:cap]: Dequeuing buffer 0
[0:02:25.416421049] [3568] DEBUG V4L2Compat v4l2_camera_proxy.cpp:691 [/dev/video1 (fd:205)] vidioc_dqbuf()
[0:02:25.435297873] [3568] DEBUG V4L2Compat v4l2_camera_proxy.cpp:659 [/dev/video1 (fd:205)] vidioc_qbuf(index=0)
[0:02:25.438452564] [3565] DEBUG V4L2 v4l2_videodevice.cpp:1783 /dev/video1[200:cap]: Queueing buffer 0
[0:02:25.449403896] [3565] DEBUG V4L2 v4l2_videodevice.cpp:1855 /dev/video1[200:cap]: Dequeuing buffer 1
[0:02:25.449764791] [3568] DEBUG V4L2Compat v4l2_camera_proxy.cpp:691 [/dev/video1 (fd:205)] vidioc_dqbuf()
[0:02:25.464080219] [3568] DEBUG V4L2Compat v4l2_camera_proxy.cpp:659 [/dev/video1 (fd:205)] vidioc_qbuf(index=1)
[0:02:25.465071427] [3565] DEBUG V4L2 v4l2_videodevice.cpp:1783 /dev/video1[200:cap]: Queueing buffer 1
[0:02:25.482353780] [3565] DEBUG V4L2 v4l2_videodevice.cpp:1855 /dev/video1[200:cap]: Dequeuing buffer 2
[0:02:25.484135643] [3568] DEBUG V4L2Compat v4l2_camera_proxy.cpp:691 [/dev/video1 (fd:205)] vidioc_dqbuf()
[0:02:25.501780091] [3568] DEBUG V4L2Compat v4l2_camera_proxy.cpp:659 [/dev/video1 (fd:205)] vidioc_qbuf(index=2)
[0:02:25.502800913] [3565] DEBUG V4L2 v4l2_videodevice.cpp:1783 /dev/video1[200:cap]: Queueing buffer 2
[0:02:25.515646322] [3565] DEBUG V4L2 v4l2_videodevice.cpp:1855 /dev/video1[200:cap]: Dequeuing buffer 3
[0:02:25.516676919] [3568] DEBUG V4L2Compat v4l2_camera_proxy.cpp:691 [/dev/video1 (fd:205)] vidioc_dqbuf()
[0:02:25.529822659] [3568] DEBUG V4L2Compat v4l2_camera_proxy.cpp:659 [/dev/video1 (fd:205)] vidioc_qbuf(index=3)
[0:02:25.530694315] [3565] DEBUG V4L2 v4l2_videodevice.cpp:1783 /dev/video1[200:cap]: Queueing buffer 3
[0:02:25.548975902] [3565] DEBUG V4L2 v4l2_videodevice.cpp:1855 /dev/video1[200:cap]: Dequeuing buffer 0
[0:02:25.549403498] [3568] DEBUG V4L2Compat v4l2_camera_proxy.cpp:691 [/dev/video1 (fd:205)] vidioc_dqbuf()
[0:02:25.566935707] [3568] DEBUG V4L2Compat v4l2_camera_proxy.cpp:659 [/dev/video1 (fd:205)] vidioc_qbuf(index=0)
[0:02:25.568099306] [3565] DEBUG V4L2 v4l2_videodevice.cpp:1783 /dev/video1[200:cap]: Queueing buffer 0
[0:02:25.581816109] [3565] DEBUG V4L2 v4l2_videodevice.cpp:1855 /dev/video1[200:cap]: Dequeuing buffer 1
[0:02:25.582127903] [3568] DEBUG V4L2Compat v4l2_camera_proxy.cpp:691 [/dev/video1 (fd:205)] vidioc_dqbuf()
[0:02:25.595560462] [3568] DEBUG V4L2Compat v4l2_camera_proxy.cpp:659 [/dev/video1 (fd:205)] vidioc_qbuf(index=1)
[0:02:25.596647548] [3565] DEBUG V4L2 v4l2_videodevice.cpp:1783 /dev/video1[200:cap]: Queueing buffer 1
[0:02:25.615400319] [3565] DEBUG V4L2 v4l2_videodevice.cpp:1855 /dev/video1[200:cap]: Dequeuing buffer 2
[0:02:25.615764202] [3568] DEBUG V4L2Compat v4l2_camera_proxy.cpp:691 [/dev/video1 (fd:205)] vidioc_dqbuf()
[0:02:25.633524252] [3568] DEBUG V4L2Compat v4l2_camera_proxy.cpp:659 [/dev/video1 (fd:205)] vidioc_qbuf(index=2)
[0:02:25.634605800] [3565] DEBUG V4L2 v4l2_videodevice.cpp:1783 /dev/video1[200:cap]: Queueing buffer 2
[0:02:25.648495094] [3565] DEBUG V4L2 v4l2_videodevice.cpp:1855 /dev/video1[200:cap]: Dequeuing buffer 3
[0:02:25.648884190] [3568] DEBUG V4L2Compat v4l2_camera_proxy.cpp:691 [/dev/video1 (fd:205)] vidioc_dqbuf()
[0:02:25.667152989] [3568] DEBUG V4L2Compat v4l2_camera_proxy.cpp:659 [/dev/video1 (fd:205)] vidioc_qbuf(index=3)
[0:02:25.668293613] [3565] DEBUG V4L2 v4l2_videodevice.cpp:1783 /dev/video1[200:cap]: Queueing buffer 3
[0:02:25.681821949] [3565] DEBUG V4L2 v4l2_videodevice.cpp:1855 /dev/video1[200:cap]: Dequeuing buffer 0
[0:02:25.682238670] [3568] DEBUG V4L2Compat v4l2_camera_proxy.cpp:691 [/dev/video1 (fd:205)] vidioc_dqbuf()
[0:02:25.700782312] [3568] DEBUG V4L2Compat v4l2_camera_proxy.cpp:659 [/dev/video1 (fd:205)] vidioc_qbuf(index=0)
[0:02:25.701961312] [3565] DEBUG V4L2 v4l2_videodevice.cpp:1783 /dev/video1[200:cap]: Queueing buffer 0
[0:02:25.715067902] [3565] DEBUG V4L2 v4l2_videodevice.cpp:1855 /dev/video1[200:cap]: Dequeuing buffer 1
[0:02:25.715623389] [3568] DEBUG V4L2Compat v4l2_camera_proxy.cpp:691 [/dev/video1 (fd:205)] vidioc_dqbuf()
[0:02:25.728522086] [3568] DEBUG V4L2Compat v4l2_camera_proxy.cpp:659 [/dev/video1 (fd:205)] vidioc_qbuf(index=1)
[0:02:25.729399880] [3565] DEBUG V4L2 v4l2_videodevice.cpp:1783 /dev/video1[200:cap]: Queueing buffer 1
[0:02:25.748287392] [3565] DEBUG V4L2 v4l2_videodevice.cpp:1855 /dev/video1[200:cap]: Dequeuing buffer 2
[0:02:25.748662462] [3568] DEBUG V4L2Compat v4l2_camera_proxy.cpp:691 [/dev/video1 (fd:205)] vidioc_dqbuf()
[0:02:25.763205145] [3568] DEBUG V4L2Compat v4l2_camera_proxy.cpp:659 [/dev/video1 (fd:205)] vidioc_qbuf(index=2)
[0:02:25.764049988] [3565] DEBUG V4L2 v4l2_videodevice.cpp:1783 /dev/video1[200:cap]: Queueing buffer 2
[0:02:25.781106598] [3565] DEBUG V4L2 v4l2_videodevice.cpp:1855 /dev/video1[200:cap]: Dequeuing buffer 3
[0:02:25.781408305] [3568] DEBUG V4L2Compat v4l2_camera_proxy.cpp:691 [/dev/video1 (fd:205)] vidioc_dqbuf()
[0:02:25.795884336] [3568] DEBUG V4L2Compat v4l2_camera_proxy.cpp:659 [/dev/video1 (fd:205)] vidioc_qbuf(index=3)
[0:02:25.796931858] [3565] DEBUG V4L2 v4l2_videodevice.cpp:1783 /dev/video1[200:cap]: Queueing buffer 3
[0:02:25.814603757] [3565] DEBUG V4L2 v4l2_videodevice.cpp:1855 /dev/video1[200:cap]: Dequeuing buffer 0
[0:02:25.815105955] [3568] DEBUG V4L2Compat v4l2_camera_proxy.cpp:691 [/dev/video1 (fd:205)] vidioc_dqbuf()
[0:02:25.828509826] [3568] DEBUG V4L2Compat v4l2_camera_proxy.cpp:659 [/dev/video1 (fd:205)] vidioc_qbuf(index=0)
[0:02:25.829598411] [3565] DEBUG V4L2 v4l2_videodevice.cpp:1783 /dev/video1[200:cap]: Queueing buffer 0
[0:02:25.847894386] [3565] DEBUG V4L2 v4l2_videodevice.cpp:1855 /dev/video1[200:cap]: Dequeuing buffer 1
[0:02:25.848388084] [3568] DEBUG V4L2Compat v4l2_camera_proxy.cpp:691 [/dev/video1 (fd:205)] vidioc_dqbuf()
[0:02:25.861790592] [3568] DEBUG V4L2Compat v4l2_camera_proxy.cpp:659 [/dev/video1 (fd:205)] vidioc_qbuf(index=1)
[0:02:25.862814951] [3565] DEBUG V4L2 v4l2_videodevice.cpp:1783 /dev/video1[200:cap]: Queueing buffer 1
[0:02:25.881109701] [3565] DEBUG V4L2 v4l2_videodevice.cpp:1855 /dev/video1[200:cap]: Dequeuing buffer 2
[0:02:25.881588548] [3568] DEBUG V4L2Compat v4l2_camera_proxy.cpp:691 [/dev/video1 (fd:205)] vidioc_dqbuf()
[0:02:25.897379170] [3568] DEBUG V4L2Compat v4l2_camera_proxy.cpp:659 [/dev/video1 (fd:205)] vidioc_qbuf(index=2)
[0:02:25.898540969] [3565] DEBUG V4L2 v4l2_videodevice.cpp:1783 /dev/video1[200:cap]: Queueing buffer 2
[0:02:25.914360616] [3565] DEBUG V4L2 v4l2_videodevice.cpp:1855 /dev/video1[200:cap]: Dequeuing buffer 3
[0:02:25.914803826] [3568] DEBUG V4L2Compat v4l2_camera_proxy.cpp:691 [/dev/video1 (fd:205)] vidioc_dqbuf()
[0:02:25.929636202] [3568] DEBUG V4L2Compat v4l2_camera_proxy.cpp:659 [/dev/video1 (fd:205)] vidioc_qbuf(index=3)
[0:02:25.930675686] [3565] DEBUG V4L2 v4l2_videodevice.cpp:1783 /dev/video1[200:cap]: Queueing buffer 3
[0:02:25.947608270] [3565] DEBUG V4L2 v4l2_videodevice.cpp:1855 /dev/video1[200:cap]: Dequeuing buffer 0
[0:02:25.948133681] [3568] DEBUG V4L2Compat v4l2_camera_proxy.cpp:691 [/dev/video1 (fd:205)] vidioc_dqbuf()
[0:02:25.961752319] [3568] DEBUG V4L2Compat v4l2_camera_proxy.cpp:659 [/dev/video1 (fd:205)] vidioc_qbuf(index=0)
[0:02:25.962886018] [3565] DEBUG V4L2 v4l2_videodevice.cpp:1783 /dev/video1[200:cap]: Queueing buffer 0
[0:02:25.980499628] [3565] DEBUG V4L2 v4l2_videodevice.cpp:1855 /dev/video1[200:cap]: Dequeuing buffer 1
[0:02:25.982351717] [3568] DEBUG V4L2Compat v4l2_camera_proxy.cpp:691 [/dev/video1 (fd:205)] vidioc_dqbuf()
[0:02:25.996703108] [3568] DEBUG V4L2Compat v4l2_camera_proxy.cpp:659 [/dev/video1 (fd:205)] vidioc_qbuf(index=1)
[0:02:25.998514334] [3565] DEBUG V4L2 v4l2_videodevice.cpp:1783 /dev/video1[200:cap]: Queueing buffer 1
[0:02:26.013661454] [3565] DEBUG V4L2 v4l2_videodevice.cpp:1855 /dev/video1[200:cap]: Dequeuing buffer 2
[0:02:26.014190403] [3568] DEBUG V4L2Compat v4l2_camera_proxy.cpp:691 [/dev/video1 (fd:205)] vidioc_dqbuf()
[0:02:26.029709906] [3568] DEBUG V4L2Compat v4l2_camera_proxy.cpp:659 [/dev/video1 (fd:205)] vidioc_qbuf(index=2)
[0:02:26.031150411] [3565] DEBUG V4L2 v4l2_videodevice.cpp:1783 /dev/video1[200:cap]: Queueing buffer 2
[0:02:26.047284652] [3565] DEBUG V4L2 v4l2_videodevice.cpp:1855 /dev/video1[200:cap]: Dequeuing buffer 3
[0:02:26.047703436] [3568] DEBUG V4L2Compat v4l2_camera_proxy.cpp:691 [/dev/video1 (fd:205)] vidioc_dqbuf()
[0:02:26.063101124] [3568] DEBUG V4L2Compat v4l2_camera_proxy.cpp:659 [/dev/video1 (fd:205)] vidioc_qbuf(index=3)
[0:02:26.064417665] [3565] DEBUG V4L2 v4l2_videodevice.cpp:1783 /dev/video1[200:cap]: Queueing buffer 3
[0:02:26.080495080] [3565] DEBUG V4L2 v4l2_videodevice.cpp:1855 /dev/video1[200:cap]: Dequeuing buffer 0
[0:02:26.080907488] [3568] DEBUG V4L2Compat v4l2_camera_proxy.cpp:691 [/dev/video1 (fd:205)] vidioc_dqbuf()
[0:02:26.095553273] [3568] DEBUG V4L2Compat v4l2_camera_proxy.cpp:659 [/dev/video1 (fd:205)] vidioc_qbuf(index=0)
[0:02:26.096765736] [3565] DEBUG V4L2 v4l2_videodevice.cpp:1783 /dev/video1[200:cap]: Queueing buffer 0
[0:02:26.113398626] [3565] DEBUG V4L2 v4l2_videodevice.cpp:1855 /dev/video1[200:cap]: Dequeuing buffer 1
[0:02:26.113816109] [3568] DEBUG V4L2Compat v4l2_camera_proxy.cpp:691 [/dev/video1 (fd:205)] vidioc_dqbuf()
[0:02:26.127511724] [3568] DEBUG V4L2Compat v4l2_camera_proxy.cpp:659 [/dev/video1 (fd:205)] vidioc_qbuf(index=1)
[0:02:26.128492807] [3565] DEBUG V4L2 v4l2_videodevice.cpp:1783 /dev/video1[200:cap]: Queueing buffer 1
[0:02:26.146977948] [3565] DEBUG V4L2 v4l2_videodevice.cpp:1855 /dev/video1[200:cap]: Dequeuing buffer 2
[0:02:26.147498572] [3568] DEBUG V4L2Compat v4l2_camera_proxy.cpp:691 [/dev/video1 (fd:205)] vidioc_dqbuf()
[0:02:26.155532267] [3568] DEBUG V4L2Compat v4l2_camera_proxy.cpp:659 [/dev/video1 (fd:205)] vidioc_qbuf(index=2)
[0:02:26.156482199] [3565] DEBUG V4L2 v4l2_videodevice.cpp:1783 /dev/video1[200:cap]: Queueing buffer 2
[0:02:26.179870481] [3565] DEBUG V4L2 v4l2_videodevice.cpp:1855 /dev/video1[200:cap]: Dequeuing buffer 3
[0:02:26.180302990] [3568] DEBUG V4L2Compat v4l2_camera_proxy.cpp:691 [/dev/video1 (fd:205)] vidioc_dqbuf()
[0:02:26.195253244] [3568] DEBUG V4L2Compat v4l2_camera_proxy.cpp:659 [/dev/video1 (fd:205)] vidioc_qbuf(index=3)
[0:02:26.196229490] [3565] DEBUG V4L2 v4l2_videodevice.cpp:1783 /dev/video1[200:cap]: Queueing buffer 3
[0:02:26.213288963] [3565] DEBUG V4L2 v4l2_videodevice.cpp:1855 /dev/video1[200:cap]: Dequeuing buffer 0
[0:02:26.213826862] [3568] DEBUG V4L2Compat v4l2_camera_proxy.cpp:691 [/dev/video1 (fd:205)] vidioc_dqbuf()
[0:02:26.231548962] [3568] DEBUG V4L2Compat v4l2_camera_proxy.cpp:659 [/dev/video1 (fd:205)] vidioc_qbuf(index=0)
[0:02:26.232597684] [3565] DEBUG V4L2 v4l2_videodevice.cpp:1783 /dev/video1[200:cap]: Queueing buffer 0
[0:02:26.246375063] [3565] DEBUG V4L2 v4l2_videodevice.cpp:1855 /dev/video1[200:cap]: Dequeuing buffer 1
[0:02:26.246913324] [3568] DEBUG V4L2Compat v4l2_camera_proxy.cpp:691 [/dev/video1 (fd:205)] vidioc_dqbuf()
[0:02:26.260335470] [3568] DEBUG V4L2Compat v4l2_camera_proxy.cpp:659 [/dev/video1 (fd:205)] vidioc_qbuf(index=1)
[0:02:26.261336917] [3565] DEBUG V4L2 v4l2_videodevice.cpp:1783 /dev/video1[200:cap]: Queueing buffer 1
[0:02:26.279466288] [3565] DEBUG V4L2 v4l2_videodevice.cpp:1855 /dev/video1[200:cap]: Dequeuing buffer 2
[0:02:26.279902822] [3568] DEBUG V4L2Compat v4l2_camera_proxy.cpp:691 [/dev/video1 (fd:205)] vidioc_dqbuf()
[0:02:26.297412480] [3568] DEBUG V4L2Compat v4l2_camera_proxy.cpp:659 [/dev/video1 (fd:205)] vidioc_qbuf(index=2)
[0:02:26.298432176] [3565] DEBUG V4L2 v4l2_videodevice.cpp:1783 /dev/video1[200:cap]: Queueing buffer 2
[0:02:26.312766592] [3565] DEBUG V4L2 v4l2_videodevice.cpp:1855 /dev/video1[200:cap]: Dequeuing buffer 3
[0:02:26.313234752] [3568] DEBUG V4L2Compat v4l2_camera_proxy.cpp:691 [/dev/video1 (fd:205)] vidioc_dqbuf()
[0:02:26.326294403] [3568] DEBUG V4L2Compat v4l2_camera_proxy.cpp:659 [/dev/video1 (fd:205)] vidioc_qbuf(index=3)
[0:02:26.327321237] [3565] DEBUG V4L2 v4l2_videodevice.cpp:1783 /dev/video1[200:cap]: Queueing buffer 3
[0:02:26.346134547] [3565] DEBUG V4L2 v4l2_videodevice.cpp:1855 /dev/video1[200:cap]: Dequeuing buffer 0
[0:02:26.346576382] [3568] DEBUG V4L2Compat v4l2_camera_proxy.cpp:691 [/dev/video1 (fd:205)] vidioc_dqbuf()
[0:02:26.364304594] [3568] DEBUG V4L2Compat v4l2_camera_proxy.cpp:659 [/dev/video1 (fd:205)] vidioc_qbuf(index=0)
[0:02:26.365363267] [3565] DEBUG V4L2 v4l2_videodevice.cpp:1783 /dev/video1[200:cap]: Queueing buffer 0
[0:02:26.379110357] [3565] DEBUG V4L2 v4l2_videodevice.cpp:1855 /dev/video1[200:cap]: Dequeuing buffer 1
[0:02:26.379631768] [3568] DEBUG V4L2Compat v4l2_camera_proxy.cpp:691 [/dev/video1 (fd:205)] vidioc_dqbuf()
[0:02:26.397797803] [3568] DEBUG V4L2Compat v4l2_camera_proxy.cpp:659 [/dev/video1 (fd:205)] vidioc_qbuf(index=1)
[0:02:26.401853438] [3565] DEBUG V4L2 v4l2_videodevice.cpp:1783 /dev/video1[200:cap]: Queueing buffer 1
[0:02:26.412366098] [3565] DEBUG V4L2 v4l2_videodevice.cpp:1855 /dev/video1[200:cap]: Dequeuing buffer 2
[0:02:26.412807582] [3568] DEBUG V4L2Compat v4l2_camera_proxy.cpp:691 [/dev/video1 (fd:205)] vidioc_dqbuf()
[0:02:26.421095695] [3568] DEBUG V4L2Compat v4l2_camera_proxy.cpp:659 [/dev/video1 (fd:205)] vidioc_qbuf(index=2)
[0:02:26.421732434] [3565] DEBUG V4L2 v4l2_videodevice.cpp:1783 /dev/video1[200:cap]: Queueing buffer 2
[0:02:26.445508461] [3565] DEBUG V4L2 v4l2_videodevice.cpp:1855 /dev/video1[200:cap]: Dequeuing buffer 3
[0:02:26.445919408] [3568] DEBUG V4L2Compat v4l2_camera_proxy.cpp:691 [/dev/video1 (fd:205)] vidioc_dqbuf()
[0:02:26.456088498] [3568] DEBUG V4L2Compat v4l2_camera_proxy.cpp:659 [/dev/video1 (fd:205)] vidioc_qbuf(index=3)
[0:02:26.457321249] [3565] DEBUG V4L2 v4l2_videodevice.cpp:1783 /dev/video1[200:cap]: Queueing buffer 3
[0:02:26.478798790] [3565] DEBUG V4L2 v4l2_videodevice.cpp:1855 /dev/video1[200:cap]: Dequeuing buffer 0
[0:02:26.480368374] [3568] DEBUG V4L2Compat v4l2_camera_proxy.cpp:691 [/dev/video1 (fd:205)] vidioc_dqbuf()
[0:02:26.490868008] [3568] DEBUG V4L2Compat v4l2_camera_proxy.cpp:659 [/dev/video1 (fd:205)] vidioc_qbuf(index=0)
[0:02:26.495030609] [3565] DEBUG V4L2 v4l2_videodevice.cpp:1783 /dev/video1[200:cap]: Queueing buffer 0
[0:02:26.511935279] [3565] DEBUG V4L2 v4l2_videodevice.cpp:1855 /dev/video1[200:cap]: Dequeuing buffer 1
[0:02:26.512731333] [3568] DEBUG V4L2Compat v4l2_camera_proxy.cpp:691 [/dev/video1 (fd:205)] vidioc_dqbuf()
[0:02:26.523195779] [3568] DEBUG V4L2Compat v4l2_camera_proxy.cpp:659 [/dev/video1 (fd:205)] vidioc_qbuf(index=1)
[0:02:26.523832905] [3565] DEBUG V4L2 v4l2_videodevice.cpp:1783 /dev/video1[200:cap]: Queueing buffer 1
[0:02:26.545337173] [3565] DEBUG V4L2 v4l2_videodevice.cpp:1855 /dev/video1[200:cap]: Dequeuing buffer 2
[0:02:26.545841371] [3568] DEBUG V4L2Compat v4l2_camera_proxy.cpp:691 [/dev/video1 (fd:205)] vidioc_dqbuf()
[0:02:26.545991149] [3568] DEBUG V4L2Compat v4l2_camera_proxy.cpp:691 [/dev/video1 (fd:205)] vidioc_dqbuf()
[0:02:26.546124214] [3568] DEBUG V4L2Compat v4l2_camera_proxy.cpp:691 [/dev/video1 (fd:205)] vidioc_dqbuf()
[0:02:26.546190728] [3568] DEBUG V4L2Compat v4l2_camera_proxy.cpp:691 [/dev/video1 (fd:205)] vidioc_dqbuf()
[0:02:26.546254217] [3568] DEBUG V4L2Compat v4l2_camera_proxy.cpp:691 [/dev/video1 (fd:205)] vidioc_dqbuf()
[0:02:26.546316756] [3568] DEBUG V4L2Compat v4l2_camera_proxy.cpp:691 [/dev/video1 (fd:205)] vidioc_dqbuf()
[0:02:26.546383407] [3568] DEBUG V4L2Compat v4l2_camera_proxy.cpp:691 [/dev/video1 (fd:205)] vidioc_dqbuf()
[0:02:26.546460284] [3568] DEBUG V4L2Compat v4l2_camera_proxy.cpp:691 [/dev/video1 (fd:205)] vidioc_dqbuf()
[0:02:26.546525935] [3568] DEBUG V4L2Compat v4l2_camera_proxy.cpp:691 [/dev/video1 (fd:205)] vidioc_dqbuf()
[0:02:26.546591199] [3568] DEBUG V4L2Compat v4l2_camera_proxy.cpp:691 [/dev/video1 (fd:205)] vidioc_dqbuf()
[0:02:26.546658001] [3568] DEBUG V4L2Compat v4l2_camera_proxy.cpp:691 [/dev/video1 (fd:205)] vidioc_dqbuf()
[0:02:26.546729540] [3568] DEBUG V4L2Compat v4l2_camera_proxy.cpp:691 [/dev/video1 (fd:205)] vidioc_dqbuf()
[0:02:26.546792828] [3568] DEBUG V4L2Compat v4l2_camera_proxy.cpp:691 [/dev/video1 (fd:205)] vidioc_dqbuf()
[0:02:26.546855692] [3568] DEBUG V4L2Compat v4l2_camera_proxy.cpp:691 [/dev/video1 (fd:205)] vidioc_dqbuf()
[0:02:26.546945669] [3568] DEBUG V4L2Compat v4l2_camera_proxy.cpp:691 [/dev/video1 (fd:205)] vidioc_dqbuf()
[0:02:26.547053159] [3568] DEBUG V4L2Compat v4l2_camera_proxy.cpp:691 [/dev/video1 (fd:205)] vidioc_dqbuf()
[0:02:26.547120098] [3568] DEBUG V4L2Compat v4l2_camera_proxy.cpp:691 [/dev/video1 (fd:205)] vidioc_dqbuf()
[0:02:26.547186862] [3568] DEBUG V4L2Compat v4l2_camera_proxy.cpp:691 [/dev/video1 (fd:205)] vidioc_dqbuf()
[0:02:26.547291526] [3568] DEBUG V4L2Compat v4l2_camera_proxy.cpp:691 [/dev/video1 (fd:205)] vidioc_dqbuf()
[0:02:26.547353753] [3568] DEBUG V4L2Compat v4l2_camera_proxy.cpp:691 [/dev/video1 (fd:205)] vidioc_dqbuf()
[0:02:26.547415554] [3568] DEBUG V4L2Compat v4l2_camera_proxy.cpp:691 [/dev/video1 (fd:205)] vidioc_dqbuf()
[0:02:26.547511344] [3568] DEBUG V4L2Compat v4l2_camera_proxy.cpp:691 [/dev/video1 (fd:205)] vidioc_dqbuf()
[0:02:26.547573632] [3568] DEBUG V4L2Compat v4l2_camera_proxy.cpp:691 [/dev/video1 (fd:205)] vidioc_dqbuf()
[0:02:26.547635596] [3568] DEBUG V4L2Compat v4l2_camera_proxy.cpp:691 [/dev/video1 (fd:205)] vidioc_dqbuf()
[0:02:26.547697647] [3568] DEBUG V4L2Compat v4l2_camera_proxy.cpp:691 [/dev/video1 (fd:205)] vidioc_dqbuf()
[0:02:26.547759399] [3568] DEBUG V4L2Compat v4l2_camera_proxy.cpp:691 [/dev/video1 (fd:205)] vidioc_dqbuf()
[0:02:26.547821500] [3568] DEBUG V4L2Compat v4l2_camera_proxy.cpp:691 [/dev/video1 (fd:205)] vidioc_dqbuf()
[0:02:26.547883114] [3568] DEBUG V4L2Compat v4l2_camera_proxy.cpp:691 [/dev/video1 (fd:205)] vidioc_dqbuf()
[0:02:26.547970041] [3568] DEBUG V4L2Compat v4l2_camera_proxy.cpp:691 [/dev/video1 (fd:205)] vidioc_dqbuf()
[0:02:26.548062893] [3568] DEBUG V4L2Compat v4l2_camera_proxy.cpp:691 [/dev/video1 (fd:205)] vidioc_dqbuf()
[0:02:26.548216621] [3568] DEBUG V4L2Compat v4l2_camera_proxy.cpp:691 [/dev/video1 (fd:205)] vidioc_dqbuf()
[0:02:26.558502301] [3568] DEBUG V4L2Compat v4l2_camera_proxy.cpp:659 [/dev/video1 (fd:205)] vidioc_qbuf(index=2)
[0:02:26.561293310] [3565] DEBUG V4L2 v4l2_videodevice.cpp:1783 /dev/video1[200:cap]: Queueing buffer 2
[0:02:26.578546812] [3565] DEBUG V4L2 v4l2_videodevice.cpp:1855 /dev/video1[200:cap]: Dequeuing buffer 3
[0:02:26.578901757] [3568] DEBUG V4L2Compat v4l2_camera_proxy.cpp:691 [/dev/video1 (fd:205)] vidioc_dqbuf()
[0:02:26.591285332] [3568] DEBUG V4L2Compat v4l2_camera_proxy.cpp:659 [/dev/video1 (fd:205)] vidioc_qbuf(index=3)
[0:02:26.592130200] [3565] DEBUG V4L2 v4l2_videodevice.cpp:1783 /dev/video1[200:cap]: Queueing buffer 3
[0:02:26.612062071] [3565] DEBUG V4L2 v4l2_videodevice.cpp:1855 /dev/video1[200:cap]: Dequeuing buffer 0
[0:02:26.612621108] [3568] DEBUG V4L2Compat v4l2_camera_proxy.cpp:691 [/dev/video1 (fd:205)] vidioc_dqbuf()
[0:02:26.625663609] [3568] DEBUG V4L2Compat v4l2_camera_proxy.cpp:659 [/dev/video1 (fd:205)] vidioc_qbuf(index=0)
[0:02:26.626577691] [3565] DEBUG V4L2 v4l2_videodevice.cpp:1783 /dev/video1[200:cap]: Queueing buffer 0
[0:02:26.645052544] [3565] DEBUG V4L2 v4l2_videodevice.cpp:1855 /dev/video1[200:cap]: Dequeuing buffer 1
[0:02:26.645547467] [3568] DEBUG V4L2Compat v4l2_camera_proxy.cpp:691 [/dev/video1 (fd:205)] vidioc_dqbuf()
[0:02:26.659763730] [3568] DEBUG V4L2Compat v4l2_camera_proxy.cpp:659 [/dev/video1 (fd:205)] vidioc_qbuf(index=1)
[0:02:26.660673537] [3565] DEBUG V4L2 v4l2_videodevice.cpp:1783 /dev/video1[200:cap]: Queueing buffer 1
[0:02:26.678059167] [3565] DEBUG V4L2 v4l2_videodevice.cpp:1855 /dev/video1[200:cap]: Dequeuing buffer 2
[0:02:26.678519714] [3568] DEBUG V4L2Compat v4l2_camera_proxy.cpp:691 [/dev/video1 (fd:205)] vidioc_dqbuf()
[0:02:26.695245968] [3568] DEBUG V4L2Compat v4l2_camera_proxy.cpp:659 [/dev/video1 (fd:205)] vidioc_qbuf(index=2)
[0:02:26.696136074] [3565] DEBUG V4L2 v4l2_videodevice.cpp:1783 /dev/video1[200:cap]: Queueing buffer 2
[0:02:26.711336533] [3565] DEBUG V4L2 v4l2_videodevice.cpp:1855 /dev/video1[200:cap]: Dequeuing buffer 3
[0:02:26.711801868] [3568] DEBUG V4L2Compat v4l2_camera_proxy.cpp:691 [/dev/video1 (fd:205)] vidioc_dqbuf()
[0:02:26.728842766] [3568] DEBUG V4L2Compat v4l2_camera_proxy.cpp:659 [/dev/video1 (fd:205)] vidioc_qbuf(index=3)
[0:02:26.729874138] [3565] DEBUG V4L2 v4l2_videodevice.cpp:1783 /dev/video1[200:cap]: Queueing buffer 3
[0:02:26.744529723] [3565] DEBUG V4L2 v4l2_videodevice.cpp:1855 /dev/video1[200:cap]: Dequeuing buffer 0
[0:02:26.745099660] [3568] DEBUG V4L2Compat v4l2_camera_proxy.cpp:691 [/dev/video1 (fd:205)] vidioc_dqbuf()
[0:02:26.760532961] [3568] DEBUG V4L2Compat v4l2_camera_proxy.cpp:659 [/dev/video1 (fd:205)] vidioc_qbuf(index=0)
[0:02:26.761610146] [3565] DEBUG V4L2 v4l2_videodevice.cpp:1783 /dev/video1[200:cap]: Queueing buffer 0
[0:02:26.777831289] [3565] DEBUG V4L2 v4l2_videodevice.cpp:1855 /dev/video1[200:cap]: Dequeuing buffer 1
[0:02:26.778391964] [3568] DEBUG V4L2Compat v4l2_camera_proxy.cpp:691 [/dev/video1 (fd:205)] vidioc_dqbuf()
[0:02:26.796454433] [3568] DEBUG V4L2Compat v4l2_camera_proxy.cpp:659 [/dev/video1 (fd:205)] vidioc_qbuf(index=1)
[0:02:26.799539161] [3565] DEBUG V4L2 v4l2_videodevice.cpp:1783 /dev/video1[200:cap]: Queueing buffer 1
[0:02:26.811048104] [3565] DEBUG V4L2 v4l2_videodevice.cpp:1855 /dev/video1[200:cap]: Dequeuing buffer 2
[0:02:26.811603541] [3568] DEBUG V4L2Compat v4l2_camera_proxy.cpp:691 [/dev/video1 (fd:205)] vidioc_dqbuf()
[0:02:26.827913361] [3568] DEBUG V4L2Compat v4l2_camera_proxy.cpp:659 [/dev/video1 (fd:205)] vidioc_qbuf(index=2)
[0:02:26.829167312] [3565] DEBUG V4L2 v4l2_videodevice.cpp:1783 /dev/video1[200:cap]: Queueing buffer 2
[0:02:26.844222468] [3565] DEBUG V4L2 v4l2_videodevice.cpp:1855 /dev/video1[200:cap]: Dequeuing buffer 3
[0:02:26.844682053] [3568] DEBUG V4L2Compat v4l2_camera_proxy.cpp:691 [/dev/video1 (fd:205)] vidioc_dqbuf()
[0:02:26.860357085] [3568] DEBUG V4L2Compat v4l2_camera_proxy.cpp:659 [/dev/video1 (fd:205)] vidioc_qbuf(index=3)
[0:02:26.861370618] [3565] DEBUG V4L2 v4l2_videodevice.cpp:1783 /dev/video1[200:cap]: Queueing buffer 3
[0:02:26.877369507] [3565] DEBUG V4L2 v4l2_videodevice.cpp:1855 /dev/video1[200:cap]: Dequeuing buffer 0
[0:02:26.877794078] [3568] DEBUG V4L2Compat v4l2_camera_proxy.cpp:691 [/dev/video1 (fd:205)] vidioc_dqbuf()
[0:02:26.893717165] [3568] DEBUG V4L2Compat v4l2_camera_proxy.cpp:659 [/dev/video1 (fd:205)] vidioc_qbuf(index=0)
[0:02:26.894824976] [3565] DEBUG V4L2 v4l2_videodevice.cpp:1783 /dev/video1[200:cap]: Queueing buffer 0
[0:02:26.910562321] [3565] DEBUG V4L2 v4l2_videodevice.cpp:1855 /dev/video1[200:cap]: Dequeuing buffer 1
[0:02:26.911130821] [3568] DEBUG V4L2Compat v4l2_camera_proxy.cpp:691 [/dev/video1 (fd:205)] vidioc_dqbuf()
[0:02:26.928986998] [3568] DEBUG V4L2Compat v4l2_camera_proxy.cpp:659 [/dev/video1 (fd:205)] vidioc_qbuf(index=1)
[0:02:26.930096522] [3565] DEBUG V4L2 v4l2_videodevice.cpp:1783 /dev/video1[200:cap]: Queueing buffer 1
[0:02:26.943857263] [3565] DEBUG V4L2 v4l2_videodevice.cpp:1855 /dev/video1[200:cap]: Dequeuing buffer 2
[0:02:26.944340061] [3568] DEBUG V4L2Compat v4l2_camera_proxy.cpp:691 [/dev/video1 (fd:205)] vidioc_dqbuf()
[0:02:26.961803230] [3568] DEBUG V4L2Compat v4l2_camera_proxy.cpp:659 [/dev/video1 (fd:205)] vidioc_qbuf(index=2)
[0:02:26.962846639] [3565] DEBUG V4L2 v4l2_videodevice.cpp:1783 /dev/video1[200:cap]: Queueing buffer 2
[0:02:26.977113754] [3565] DEBUG V4L2 v4l2_videodevice.cpp:1855 /dev/video1[200:cap]: Dequeuing buffer 3
[0:02:26.980149905] [3568] DEBUG V4L2Compat v4l2_camera_proxy.cpp:691 [/dev/video1 (fd:205)] vidioc_dqbuf()
[0:02:26.997716714] [3568] DEBUG V4L2Compat v4l2_camera_proxy.cpp:659 [/dev/video1 (fd:205)] vidioc_qbuf(index=3)
[0:02:26.998756836] [3565] DEBUG V4L2 v4l2_videodevice.cpp:1783 /dev/video1[200:cap]: Queueing buffer 3
[0:02:27.010360769] [3565] DEBUG V4L2 v4l2_videodevice.cpp:1855 /dev/video1[200:cap]: Dequeuing buffer 0
[0:02:27.011073009] [3568] DEBUG V4L2Compat v4l2_camera_proxy.cpp:691 [/dev/video1 (fd:205)] vidioc_dqbuf()
[0:02:27.026098777] [3568] DEBUG V4L2Compat v4l2_camera_proxy.cpp:659 [/dev/video1 (fd:205)] vidioc_qbuf(index=0)
[0:02:27.027202663] [3565] DEBUG V4L2 v4l2_videodevice.cpp:1783 /dev/video1[200:cap]: Queueing buffer 0
[0:02:27.043485095] [3565] DEBUG V4L2 v4l2_videodevice.cpp:1855 /dev/video1[200:cap]: Dequeuing buffer 1
[0:02:27.044220235] [3568] DEBUG V4L2Compat v4l2_camera_proxy.cpp:691 [/dev/video1 (fd:205)] vidioc_dqbuf()
[0:02:27.061530889] [3568] DEBUG V4L2Compat v4l2_camera_proxy.cpp:659 [/dev/video1 (fd:205)] vidioc_qbuf(index=1)
[0:02:27.062598536] [3565] DEBUG V4L2 v4l2_videodevice.cpp:1783 /dev/video1[200:cap]: Queueing buffer 1
[0:02:27.076681359] [3565] DEBUG V4L2 v4l2_videodevice.cpp:1855 /dev/video1[200:cap]: Dequeuing buffer 2
[0:02:27.077566190] [3568] DEBUG V4L2Compat v4l2_camera_proxy.cpp:691 [/dev/video1 (fd:205)] vidioc_dqbuf()
[0:02:27.094836481] [3568] DEBUG V4L2Compat v4l2_camera_proxy.cpp:659 [/dev/video1 (fd:205)] vidioc_qbuf(index=2)
[0:02:27.095929529] [3565] DEBUG V4L2 v4l2_videodevice.cpp:1783 /dev/video1[200:cap]: Queueing buffer 2
[0:02:27.109907562] [3565] DEBUG V4L2 v4l2_videodevice.cpp:1855 /dev/video1[200:cap]: Dequeuing buffer 3
[0:02:27.110806868] [3568] DEBUG V4L2Compat v4l2_camera_proxy.cpp:691 [/dev/video1 (fd:205)] vidioc_dqbuf()
[0:02:27.128233124] [3568] DEBUG V4L2Compat v4l2_camera_proxy.cpp:659 [/dev/video1 (fd:205)] vidioc_qbuf(index=3)
[0:02:27.129327685] [3565] DEBUG V4L2 v4l2_videodevice.cpp:1783 /dev/video1[200:cap]: Queueing buffer 3
[0:02:27.143165703] [3565] DEBUG V4L2 v4l2_videodevice.cpp:1855 /dev/video1[200:cap]: Dequeuing buffer 0
[0:02:27.143814416] [3568] DEBUG V4L2Compat v4l2_camera_proxy.cpp:691 [/dev/video1 (fd:205)] vidioc_dqbuf()
[0:02:27.160307565] [3568] DEBUG V4L2Compat v4l2_camera_proxy.cpp:659 [/dev/video1 (fd:205)] vidioc_qbuf(index=0)
[0:02:27.161415851] [3565] DEBUG V4L2 v4l2_videodevice.cpp:1783 /dev/video1[200:cap]: Queueing buffer 0
[0:02:27.176488270] [3565] DEBUG V4L2 v4l2_videodevice.cpp:1855 /dev/video1[200:cap]: Dequeuing buffer 1
[0:02:27.177263874] [3568] DEBUG V4L2Compat v4l2_camera_proxy.cpp:691 [/dev/video1 (fd:205)] vidioc_dqbuf()
[0:02:27.195833017] [3568] DEBUG V4L2Compat v4l2_camera_proxy.cpp:659 [/dev/video1 (fd:205)] vidioc_qbuf(index=1)
[0:02:27.196944353] [3565] DEBUG V4L2 v4l2_videodevice.cpp:1783 /dev/video1[200:cap]: Queueing buffer 1
[0:02:27.209596070] [3565] DEBUG V4L2 v4l2_videodevice.cpp:1855 /dev/video1[200:cap]: Dequeuing buffer 2
[0:02:27.210325386] [3568] DEBUG V4L2Compat v4l2_camera_proxy.cpp:691 [/dev/video1 (fd:205)] vidioc_dqbuf()
[0:02:27.228318479] [3568] DEBUG V4L2Compat v4l2_camera_proxy.cpp:659 [/dev/video1 (fd:205)] vidioc_qbuf(index=2)
[0:02:27.229394626] [3565] DEBUG V4L2 v4l2_videodevice.cpp:1783 /dev/video1[200:cap]: Queueing buffer 2
[0:02:27.242737196] [3565] DEBUG V4L2 v4l2_videodevice.cpp:1855 /dev/video1[200:cap]: Dequeuing buffer 3
[0:02:27.243445273] [3568] DEBUG V4L2Compat v4l2_camera_proxy.cpp:691 [/dev/video1 (fd:205)] vidioc_dqbuf()
[0:02:27.260636987] [3568] DEBUG V4L2Compat v4l2_camera_proxy.cpp:659 [/dev/video1 (fd:205)] vidioc_qbuf(index=3)
[0:02:27.261726460] [3565] DEBUG V4L2 v4l2_videodevice.cpp:1783 /dev/video1[200:cap]: Queueing buffer 3
[0:02:27.275934760] [3565] DEBUG V4L2 v4l2_videodevice.cpp:1855 /dev/video1[200:cap]: Dequeuing buffer 0
[0:02:27.276625038] [3568] DEBUG V4L2Compat v4l2_camera_proxy.cpp:691 [/dev/video1 (fd:205)] vidioc_dqbuf()
[0:02:27.294511828] [3568] DEBUG V4L2Compat v4l2_camera_proxy.cpp:659 [/dev/video1 (fd:205)] vidioc_qbuf(index=0)
[0:02:27.295580376] [3565] DEBUG V4L2 v4l2_videodevice.cpp:1783 /dev/video1[200:cap]: Queueing buffer 0
[0:02:27.309192626] [3565] DEBUG V4L2 v4l2_videodevice.cpp:1855 /dev/video1[200:cap]: Dequeuing buffer 1
[0:02:27.309769089] [3568] DEBUG V4L2Compat v4l2_camera_proxy.cpp:691 [/dev/video1 (fd:205)] vidioc_dqbuf()
[0:02:27.327376261] [3568] DEBUG V4L2Compat v4l2_camera_proxy.cpp:659 [/dev/video1 (fd:205)] vidioc_qbuf(index=1)
[0:02:27.328411833] [3565] DEBUG V4L2 v4l2_videodevice.cpp:1783 /dev/video1[200:cap]: Queueing buffer 1
[0:02:27.342376141] [3565] DEBUG V4L2 v4l2_videodevice.cpp:1855 /dev/video1[200:cap]: Dequeuing buffer 2
[0:02:27.342987704] [3568] DEBUG V4L2Compat v4l2_camera_proxy.cpp:691 [/dev/video1 (fd:205)] vidioc_dqbuf()
[0:02:27.360556725] [3568] DEBUG V4L2Compat v4l2_camera_proxy.cpp:659 [/dev/video1 (fd:205)] vidioc_qbuf(index=2)
[0:02:27.361640373] [3565] DEBUG V4L2 v4l2_videodevice.cpp:1783 /dev/video1[200:cap]: Queueing buffer 2
[0:02:27.375567105] [3565] DEBUG V4L2 v4l2_videodevice.cpp:1855 /dev/video1[200:cap]: Dequeuing buffer 3
[0:02:27.376260557] [3568] DEBUG V4L2Compat v4l2_camera_proxy.cpp:691 [/dev/video1 (fd:205)] vidioc_dqbuf()
[0:02:27.394138535] [3568] DEBUG V4L2Compat v4l2_camera_proxy.cpp:659 [/dev/video1 (fd:205)] vidioc_qbuf(index=3)
[0:02:27.395233521] [3565] DEBUG V4L2 v4l2_videodevice.cpp:1783 /dev/video1[200:cap]: Queueing buffer 3
[0:02:27.408796945] [3565] DEBUG V4L2 v4l2_videodevice.cpp:1855 /dev/video1[200:cap]: Dequeuing buffer 0
[0:02:27.409478285] [3568] DEBUG V4L2Compat v4l2_camera_proxy.cpp:691 [/dev/video1 (fd:205)] vidioc_dqbuf()
[0:02:27.426719887] [3568] DEBUG V4L2Compat v4l2_camera_proxy.cpp:659 [/dev/video1 (fd:205)] vidioc_qbuf(index=0)
[0:02:27.427820110] [3565] DEBUG V4L2 v4l2_videodevice.cpp:1783 /dev/video1[200:cap]: Queueing buffer 0
[0:02:27.442071724] [3565] DEBUG V4L2 v4l2_videodevice.cpp:1855 /dev/video1[200:cap]: Dequeuing buffer 1
[0:02:27.442695975] [3568] DEBUG V4L2Compat v4l2_camera_proxy.cpp:691 [/dev/video1 (fd:205)] vidioc_dqbuf()
[0:02:27.459738197] [3568] DEBUG V4L2Compat v4l2_camera_proxy.cpp:659 [/dev/video1 (fd:205)] vidioc_qbuf(index=1)
[0:02:27.460808895] [3565] DEBUG V4L2 v4l2_videodevice.cpp:1783 /dev/video1[200:cap]: Queueing buffer 1
[0:02:27.475307077] [3565] DEBUG V4L2 v4l2_videodevice.cpp:1855 /dev/video1[200:cap]: Dequeuing buffer 2
[0:02:27.478445581] [3568] DEBUG V4L2Compat v4l2_camera_proxy.cpp:691 [/dev/video1 (fd:205)] vidioc_dqbuf()
[0:02:27.495799460] [3568] DEBUG V4L2Compat v4l2_camera_proxy.cpp:659 [/dev/video1 (fd:205)] vidioc_qbuf(index=2)
[0:02:27.496893058] [3565] DEBUG V4L2 v4l2_videodevice.cpp:1783 /dev/video1[200:cap]: Queueing buffer 2
[0:02:27.508463790] [3565] DEBUG V4L2 v4l2_videodevice.cpp:1855 /dev/video1[200:cap]: Dequeuing buffer 3
[0:02:27.509340296] [3568] DEBUG V4L2Compat v4l2_camera_proxy.cpp:691 [/dev/video1 (fd:205)] vidioc_dqbuf()
[0:02:27.524261375] [3568] DEBUG V4L2Compat v4l2_camera_proxy.cpp:659 [/dev/video1 (fd:205)] vidioc_qbuf(index=3)
[0:02:27.525333610] [3565] DEBUG V4L2 v4l2_videodevice.cpp:1783 /dev/video1[200:cap]: Queueing buffer 3
[0:02:27.541687943] [3565] DEBUG V4L2 v4l2_videodevice.cpp:1855 /dev/video1[200:cap]: Dequeuing buffer 0
[0:02:27.542415596] [3568] DEBUG V4L2Compat v4l2_camera_proxy.cpp:691 [/dev/video1 (fd:205)] vidioc_dqbuf()
[0:02:27.560463615] [3568] DEBUG V4L2Compat v4l2_camera_proxy.cpp:659 [/dev/video1 (fd:205)] vidioc_qbuf(index=0)
[0:02:27.561934659] [3565] DEBUG V4L2 v4l2_videodevice.cpp:1783 /dev/video1[200:cap]: Queueing buffer 0
[0:02:27.575214402] [3565] DEBUG V4L2 v4l2_videodevice.cpp:1855 /dev/video1[200:cap]: Dequeuing buffer 1
[0:02:27.575853453] [3568] DEBUG V4L2Compat v4l2_camera_proxy.cpp:691 [/dev/video1 (fd:205)] vidioc_dqbuf()
[0:02:27.594249117] [3568] DEBUG V4L2Compat v4l2_camera_proxy.cpp:659 [/dev/video1 (fd:205)] vidioc_qbuf(index=1)
[0:02:27.595319140] [3565] DEBUG V4L2 v4l2_videodevice.cpp:1783 /dev/video1[200:cap]: Queueing buffer 1
[0:02:27.608176187] [3565] DEBUG V4L2 v4l2_videodevice.cpp:1855 /dev/video1[200:cap]: Dequeuing buffer 2
[0:02:27.608782149] [3568] DEBUG V4L2Compat v4l2_camera_proxy.cpp:691 [/dev/video1 (fd:205)] vidioc_dqbuf()
[0:02:27.627280091] [3568] DEBUG V4L2Compat v4l2_camera_proxy.cpp:659 [/dev/video1 (fd:205)] vidioc_qbuf(index=2)
[0:02:27.628353888] [3565] DEBUG V4L2 v4l2_videodevice.cpp:1783 /dev/video1[200:cap]: Queueing buffer 2
[0:02:27.641323888] [3565] DEBUG V4L2 v4l2_videodevice.cpp:1855 /dev/video1[200:cap]: Dequeuing buffer 3
[0:02:27.642513413] [3568] DEBUG V4L2Compat v4l2_camera_proxy.cpp:691 [/dev/video1 (fd:205)] vidioc_dqbuf()
[0:02:27.661594416] [3568] DEBUG V4L2Compat v4l2_camera_proxy.cpp:659 [/dev/video1 (fd:205)] vidioc_qbuf(index=3)
[0:02:27.662648139] [3565] DEBUG V4L2 v4l2_videodevice.cpp:1783 /dev/video1[200:cap]: Queueing buffer 3
[0:02:27.674519465] [3565] DEBUG V4L2 v4l2_videodevice.cpp:1855 /dev/video1[200:cap]: Dequeuing buffer 0
[0:02:27.675253743] [3568] DEBUG V4L2Compat v4l2_camera_proxy.cpp:691 [/dev/video1 (fd:205)] vidioc_dqbuf()
[0:02:27.693169659] [3568] DEBUG V4L2Compat v4l2_camera_proxy.cpp:659 [/dev/video1 (fd:205)] vidioc_qbuf(index=0)
[0:02:27.694223869] [3565] DEBUG V4L2 v4l2_videodevice.cpp:1783 /dev/video1[200:cap]: Queueing buffer 0
[0:02:27.707717892] [3565] DEBUG V4L2 v4l2_videodevice.cpp:1855 /dev/video1[200:cap]: Dequeuing buffer 1
[0:02:27.708414281] [3568] DEBUG V4L2Compat v4l2_camera_proxy.cpp:691 [/dev/video1 (fd:205)] vidioc_dqbuf()
[0:02:27.725389065] [3568] DEBUG V4L2Compat v4l2_camera_proxy.cpp:659 [/dev/video1 (fd:205)] vidioc_qbuf(index=1)
[0:02:27.726419500] [3565] DEBUG V4L2 v4l2_videodevice.cpp:1783 /dev/video1[200:cap]: Queueing buffer 1
[0:02:27.740906931] [3565] DEBUG V4L2 v4l2_videodevice.cpp:1855 /dev/video1[200:cap]: Dequeuing buffer 2
[0:02:27.741577945] [3568] DEBUG V4L2Compat v4l2_camera_proxy.cpp:691 [/dev/video1 (fd:205)] vidioc_dqbuf()
[0:02:27.758879161] [3568] DEBUG V4L2Compat v4l2_camera_proxy.cpp:659 [/dev/video1 (fd:205)] vidioc_qbuf(index=2)
[0:02:27.759957371] [3565] DEBUG V4L2 v4l2_videodevice.cpp:1783 /dev/video1[200:cap]: Queueing buffer 2
[0:02:27.774173922] [3565] DEBUG V4L2 v4l2_videodevice.cpp:1855 /dev/video1[200:cap]: Dequeuing buffer 3
[0:02:27.774801673] [3568] DEBUG V4L2Compat v4l2_camera_proxy.cpp:691 [/dev/video1 (fd:205)] vidioc_dqbuf()
[0:02:27.792743777] [3568] DEBUG V4L2Compat v4l2_camera_proxy.cpp:659 [/dev/video1 (fd:205)] vidioc_qbuf(index=3)
[0:02:27.793821938] [3565] DEBUG V4L2 v4l2_videodevice.cpp:1783 /dev/video1[200:cap]: Queueing buffer 3
[0:02:27.807361211] [3565] DEBUG V4L2 v4l2_videodevice.cpp:1855 /dev/video1[200:cap]: Dequeuing buffer 0
[0:02:27.808057226] [3568] DEBUG V4L2Compat v4l2_camera_proxy.cpp:691 [/dev/video1 (fd:205)] vidioc_dqbuf()
[0:02:27.825493320] [3568] DEBUG V4L2Compat v4l2_camera_proxy.cpp:659 [/dev/video1 (fd:205)] vidioc_qbuf(index=0)
[0:02:27.826560092] [3565] DEBUG V4L2 v4l2_videodevice.cpp:1783 /dev/video1[200:cap]: Queueing buffer 0
[0:02:27.840546826] [3565] DEBUG V4L2 v4l2_videodevice.cpp:1855 /dev/video1[200:cap]: Dequeuing buffer 1
[0:02:27.841220702] [3568] DEBUG V4L2Compat v4l2_camera_proxy.cpp:691 [/dev/video1 (fd:205)] vidioc_dqbuf()
[0:02:27.858224775] [3568] DEBUG V4L2Compat v4l2_camera_proxy.cpp:659 [/dev/video1 (fd:205)] vidioc_qbuf(index=1)
[0:02:27.859269497] [3565] DEBUG V4L2 v4l2_videodevice.cpp:1783 /dev/video1[200:cap]: Queueing buffer 1
[0:02:27.873707502] [3565] DEBUG V4L2 v4l2_videodevice.cpp:1855 /dev/video1[200:cap]: Dequeuing buffer 2
[0:02:27.874360191] [3568] DEBUG V4L2Compat v4l2_camera_proxy.cpp:691 [/dev/video1 (fd:205)] vidioc_dqbuf()
[0:02:27.891234898] [3568] DEBUG V4L2Compat v4l2_camera_proxy.cpp:659 [/dev/video1 (fd:205)] vidioc_qbuf(index=2)
[0:02:27.892284907] [3565] DEBUG V4L2 v4l2_videodevice.cpp:1783 /dev/video1[200:cap]: Queueing buffer 2
[0:02:27.906932655] [3565] DEBUG V4L2 v4l2_videodevice.cpp:1855 /dev/video1[200:cap]: Dequeuing buffer 3
[0:02:27.907618432] [3568] DEBUG V4L2Compat v4l2_camera_proxy.cpp:691 [/dev/video1 (fd:205)] vidioc_dqbuf()
[0:02:27.924671880] [3568] DEBUG V4L2Compat v4l2_camera_proxy.cpp:659 [/dev/video1 (fd:205)] vidioc_qbuf(index=3)
[0:02:27.925736865] [3565] DEBUG V4L2 v4l2_videodevice.cpp:1783 /dev/video1[200:cap]: Queueing buffer 3
[0:02:27.940198683] [3565] DEBUG V4L2 v4l2_videodevice.cpp:1855 /dev/video1[200:cap]: Dequeuing buffer 0
[0:02:27.940806571] [3568] DEBUG V4L2Compat v4l2_camera_proxy.cpp:691 [/dev/video1 (fd:205)] vidioc_dqbuf()
[0:02:27.957598089] [3568] DEBUG V4L2Compat v4l2_camera_proxy.cpp:659 [/dev/video1 (fd:205)] vidioc_qbuf(index=0)
[0:02:27.958677036] [3565] DEBUG V4L2 v4l2_videodevice.cpp:1783 /dev/video1[200:cap]: Queueing buffer 0
[0:02:27.973367985] [3565] DEBUG V4L2 v4l2_videodevice.cpp:1855 /dev/video1[200:cap]: Dequeuing buffer 1
[0:02:27.976171531] [3568] DEBUG V4L2Compat v4l2_camera_proxy.cpp:691 [/dev/video1 (fd:205)] vidioc_dqbuf()
[0:02:27.993422734] [3568] DEBUG V4L2Compat v4l2_camera_proxy.cpp:659 [/dev/video1 (fd:205)] vidioc_qbuf(index=1)
[0:02:27.994430155] [3565] DEBUG V4L2 v4l2_videodevice.cpp:1783 /dev/video1[200:cap]: Queueing buffer 1
[0:02:28.006612313] [3565] DEBUG V4L2 v4l2_videodevice.cpp:1855 /dev/video1[200:cap]: Dequeuing buffer 2
[0:02:28.007287777] [3568] DEBUG V4L2Compat v4l2_camera_proxy.cpp:691 [/dev/video1 (fd:205)] vidioc_dqbuf()
[0:02:28.022094478] [3568] DEBUG V4L2Compat v4l2_camera_proxy.cpp:659 [/dev/video1 (fd:205)] vidioc_qbuf(index=2)
[0:02:28.023146762] [3565] DEBUG V4L2 v4l2_videodevice.cpp:1783 /dev/video1[200:cap]: Queueing buffer 2
[0:02:28.039819002] [3565] DEBUG V4L2 v4l2_videodevice.cpp:1855 /dev/video1[200:cap]: Dequeuing buffer 3
[0:02:28.040455903] [3568] DEBUG V4L2Compat v4l2_camera_proxy.cpp:691 [/dev/video1 (fd:205)] vidioc_dqbuf()
[0:02:28.057781557] [3568] DEBUG V4L2Compat v4l2_camera_proxy.cpp:659 [/dev/video1 (fd:205)] vidioc_qbuf(index=3)
[0:02:28.058846692] [3565] DEBUG V4L2 v4l2_videodevice.cpp:1783 /dev/video1[200:cap]: Queueing buffer 3
[0:02:28.073164308] [3565] DEBUG V4L2 v4l2_videodevice.cpp:1855 /dev/video1[200:cap]: Dequeuing buffer 0
[0:02:28.073871360] [3568] DEBUG V4L2Compat v4l2_camera_proxy.cpp:691 [/dev/video1 (fd:205)] vidioc_dqbuf()
[0:02:28.091692662] [3568] DEBUG V4L2Compat v4l2_camera_proxy.cpp:659 [/dev/video1 (fd:205)] vidioc_qbuf(index=0)
[0:02:28.092740034] [3565] DEBUG V4L2 v4l2_videodevice.cpp:1783 /dev/video1[200:cap]: Queueing buffer 0
[0:02:28.106329621] [3565] DEBUG V4L2 v4l2_videodevice.cpp:1855 /dev/video1[200:cap]: Dequeuing buffer 1
[0:02:28.106946647] [3568] DEBUG V4L2Compat v4l2_camera_proxy.cpp:691 [/dev/video1 (fd:205)] vidioc_dqbuf()
[0:02:28.124716723] [3568] DEBUG V4L2Compat v4l2_camera_proxy.cpp:659 [/dev/video1 (fd:205)] vidioc_qbuf(index=1)
[0:02:28.125786683] [3565] DEBUG V4L2 v4l2_videodevice.cpp:1783 /dev/video1[200:cap]: Queueing buffer 1
[0:02:28.139446009] [3565] DEBUG V4L2 v4l2_videodevice.cpp:1855 /dev/video1[200:cap]: Dequeuing buffer 2
[0:02:28.140102273] [3568] DEBUG V4L2Compat v4l2_camera_proxy.cpp:691 [/dev/video1 (fd:205)] vidioc_dqbuf()
[0:02:28.157563917] [3568] DEBUG V4L2Compat v4l2_camera_proxy.cpp:659 [/dev/video1 (fd:205)] vidioc_qbuf(index=2)
[0:02:28.158804394] [3565] DEBUG V4L2 v4l2_videodevice.cpp:1783 /dev/video1[200:cap]: Queueing buffer 2
[0:02:28.172711013] [3565] DEBUG V4L2 v4l2_videodevice.cpp:1855 /dev/video1[200:cap]: Dequeuing buffer 3
[0:02:28.173418528] [3568] DEBUG V4L2Compat v4l2_camera_proxy.cpp:691 [/dev/video1 (fd:205)] vidioc_dqbuf()
[0:02:28.191488735] [3568] DEBUG V4L2Compat v4l2_camera_proxy.cpp:659 [/dev/video1 (fd:205)] vidioc_qbuf(index=3)
[0:02:28.192552345] [3565] DEBUG V4L2 v4l2_videodevice.cpp:1783 /dev/video1[200:cap]: Queueing buffer 3
[0:02:28.205896202] [3565] DEBUG V4L2 v4l2_videodevice.cpp:1855 /dev/video1[200:cap]: Dequeuing buffer 0
[0:02:28.206605642] [3568] DEBUG V4L2Compat v4l2_camera_proxy.cpp:691 [/dev/video1 (fd:205)] vidioc_dqbuf()
[0:02:28.223766967] [3568] DEBUG V4L2Compat v4l2_camera_proxy.cpp:659 [/dev/video1 (fd:205)] vidioc_qbuf(index=0)
[0:02:28.224725038] [3565] DEBUG V4L2 v4l2_videodevice.cpp:1783 /dev/video1[200:cap]: Queueing buffer 0
[0:02:28.239144443] [3565] DEBUG V4L2 v4l2_videodevice.cpp:1855 /dev/video1[200:cap]: Dequeuing buffer 1
[0:02:28.239769581] [3568] DEBUG V4L2Compat v4l2_camera_proxy.cpp:691 [/dev/video1 (fd:205)] vidioc_dqbuf()
[0:02:28.258092318] [3568] DEBUG V4L2Compat v4l2_camera_proxy.cpp:659 [/dev/video1 (fd:205)] vidioc_qbuf(index=1)
[0:02:28.259174141] [3565] DEBUG V4L2 v4l2_videodevice.cpp:1783 /dev/video1[200:cap]: Queueing buffer 1
[0:02:28.272343395] [3565] DEBUG V4L2 v4l2_videodevice.cpp:1855 /dev/video1[200:cap]: Dequeuing buffer 2
[0:02:28.272966570] [3568] DEBUG V4L2Compat v4l2_camera_proxy.cpp:691 [/dev/video1 (fd:205)] vidioc_dqbuf()
[0:02:28.291455836] [3568] DEBUG V4L2Compat v4l2_camera_proxy.cpp:659 [/dev/video1 (fd:205)] vidioc_qbuf(index=2)
[0:02:28.292528834] [3565] DEBUG V4L2 v4l2_videodevice.cpp:1783 /dev/video1[200:cap]: Queueing buffer 2
[0:02:28.305648936] [3565] DEBUG V4L2 v4l2_videodevice.cpp:1855 /dev/video1[200:cap]: Dequeuing buffer 3
[0:02:28.306475254] [3568] DEBUG V4L2Compat v4l2_camera_proxy.cpp:691 [/dev/video1 (fd:205)] vidioc_dqbuf()
[0:02:28.324826892] [3568] DEBUG V4L2Compat v4l2_camera_proxy.cpp:659 [/dev/video1 (fd:205)] vidioc_qbuf(index=3)
[0:02:28.326231684] [3565] DEBUG V4L2 v4l2_videodevice.cpp:1783 /dev/video1[200:cap]: Queueing buffer 3
[0:02:28.338829888] [3565] DEBUG V4L2 v4l2_videodevice.cpp:1855 /dev/video1[200:cap]: Dequeuing buffer 0
[0:02:28.339716507] [3568] DEBUG V4L2Compat v4l2_camera_proxy.cpp:691 [/dev/video1 (fd:205)] vidioc_dqbuf()
[0:02:28.357206139] [3568] DEBUG V4L2Compat v4l2_camera_proxy.cpp:659 [/dev/video1 (fd:205)] vidioc_qbuf(index=0)
[0:02:28.358092283] [3565] DEBUG V4L2 v4l2_videodevice.cpp:1783 /dev/video1[200:cap]: Queueing buffer 0
[0:02:28.371982552] [3565] DEBUG V4L2 v4l2_videodevice.cpp:1855 /dev/video1[200:cap]: Dequeuing buffer 1
[0:02:28.372692417] [3568] DEBUG V4L2Compat v4l2_camera_proxy.cpp:691 [/dev/video1 (fd:205)] vidioc_dqbuf()
[0:02:28.391168745] [3568] DEBUG V4L2Compat v4l2_camera_proxy.cpp:659 [/dev/video1 (fd:205)] vidioc_qbuf(index=1)
[0:02:28.392214567] [3565] DEBUG V4L2 v4l2_videodevice.cpp:1783 /dev/video1[200:cap]: Queueing buffer 1
[0:02:28.405213305] [3565] DEBUG V4L2 v4l2_videodevice.cpp:1855 /dev/video1[200:cap]: Dequeuing buffer 2
[0:02:28.405808792] [3568] DEBUG V4L2Compat v4l2_camera_proxy.cpp:691 [/dev/video1 (fd:205)] vidioc_dqbuf()
[0:02:28.424234432] [3568] DEBUG V4L2Compat v4l2_camera_proxy.cpp:659 [/dev/video1 (fd:205)] vidioc_qbuf(index=2)
[0:02:28.425390919] [3565] DEBUG V4L2 v4l2_videodevice.cpp:1783 /dev/video1[200:cap]: Queueing buffer 2
[0:02:28.438466470] [3565] DEBUG V4L2 v4l2_videodevice.cpp:1855 /dev/video1[200:cap]: Dequeuing buffer 3
[0:02:28.439204861] [3568] DEBUG V4L2Compat v4l2_camera_proxy.cpp:691 [/dev/video1 (fd:205)] vidioc_dqbuf()
[0:02:28.457824380] [3568] DEBUG V4L2Compat v4l2_camera_proxy.cpp:659 [/dev/video1 (fd:205)] vidioc_qbuf(index=3)
[0:02:28.459533766] [3565] DEBUG V4L2 v4l2_videodevice.cpp:1783 /dev/video1[200:cap]: Queueing buffer 3
[0:02:28.471646109] [3565] DEBUG V4L2 v4l2_videodevice.cpp:1855 /dev/video1[200:cap]: Dequeuing buffer 0
[0:02:28.474438869] [3568] DEBUG V4L2Compat v4l2_camera_proxy.cpp:691 [/dev/video1 (fd:205)] vidioc_dqbuf()
[0:02:28.491918688] [3568] DEBUG V4L2Compat v4l2_camera_proxy.cpp:659 [/dev/video1 (fd:205)] vidioc_qbuf(index=0)
[0:02:28.492786844] [3565] DEBUG V4L2 v4l2_videodevice.cpp:1783 /dev/video1[200:cap]: Queueing buffer 0
[0:02:28.504863687] [3565] DEBUG V4L2 v4l2_videodevice.cpp:1855 /dev/video1[200:cap]: Dequeuing buffer 1
[0:02:28.505423149] [3568] DEBUG V4L2Compat v4l2_camera_proxy.cpp:691 [/dev/video1 (fd:205)] vidioc_dqbuf()
[0:02:28.516984531] [3568] DEBUG V4L2Compat v4l2_camera_proxy.cpp:659 [/dev/video1 (fd:205)] vidioc_qbuf(index=1)
[0:02:28.518262508] [3565] DEBUG V4L2 v4l2_videodevice.cpp:1783 /dev/video1[200:cap]: Queueing buffer 1
[0:02:28.538186617] [3565] DEBUG V4L2 v4l2_videodevice.cpp:1855 /dev/video1[200:cap]: Dequeuing buffer 2
[0:02:28.538748416] [3568] DEBUG V4L2Compat v4l2_camera_proxy.cpp:691 [/dev/video1 (fd:205)] vidioc_dqbuf()
[0:02:28.553929487] [3568] DEBUG V4L2Compat v4l2_camera_proxy.cpp:659 [/dev/video1 (fd:205)] vidioc_qbuf(index=2)
[0:02:28.554861269] [3565] DEBUG V4L2 v4l2_videodevice.cpp:1783 /dev/video1[200:cap]: Queueing buffer 2
[0:02:28.571320805] [3565] DEBUG V4L2 v4l2_videodevice.cpp:1855 /dev/video1[200:cap]: Dequeuing buffer 3
[0:02:28.571935180] [3568] DEBUG V4L2Compat v4l2_camera_proxy.cpp:691 [/dev/video1 (fd:205)] vidioc_dqbuf()
[0:02:28.590173579] [3568] DEBUG V4L2Compat v4l2_camera_proxy.cpp:659 [/dev/video1 (fd:205)] vidioc_qbuf(index=3)
[0:02:28.591238551] [3565] DEBUG V4L2 v4l2_videodevice.cpp:1783 /dev/video1[200:cap]: Queueing buffer 3
[0:02:28.604541545] [3565] DEBUG V4L2 v4l2_videodevice.cpp:1855 /dev/video1[200:cap]: Dequeuing buffer 0
[0:02:28.605418663] [3568] DEBUG V4L2Compat v4l2_camera_proxy.cpp:691 [/dev/video1 (fd:205)] vidioc_dqbuf()
[0:02:28.624254849] [3568] DEBUG V4L2Compat v4l2_camera_proxy.cpp:659 [/dev/video1 (fd:205)] vidioc_qbuf(index=0)
[0:02:28.625329885] [3565] DEBUG V4L2 v4l2_videodevice.cpp:1783 /dev/video1[200:cap]: Queueing buffer 0
[0:02:28.637779898] [3565] DEBUG V4L2 v4l2_videodevice.cpp:1855 /dev/video1[200:cap]: Dequeuing buffer 1
[0:02:28.638425886] [3568] DEBUG V4L2Compat v4l2_camera_proxy.cpp:691 [/dev/video1 (fd:205)] vidioc_dqbuf()
[0:02:28.656820825] [3568] DEBUG V4L2Compat v4l2_camera_proxy.cpp:659 [/dev/video1 (fd:205)] vidioc_qbuf(index=1)
[0:02:28.657891511] [3565] DEBUG V4L2 v4l2_videodevice.cpp:1783 /dev/video1[200:cap]: Queueing buffer 1
[0:02:28.671147728] [3565] DEBUG V4L2 v4l2_videodevice.cpp:1855 /dev/video1[200:cap]: Dequeuing buffer 2
[0:02:28.671824480] [3568] DEBUG V4L2Compat v4l2_camera_proxy.cpp:691 [/dev/video1 (fd:205)] vidioc_dqbuf()
[0:02:28.690919259] [3568] DEBUG V4L2Compat v4l2_camera_proxy.cpp:659 [/dev/video1 (fd:205)] vidioc_qbuf(index=2)
[0:02:28.692077309] [3565] DEBUG V4L2 v4l2_videodevice.cpp:1783 /dev/video1[200:cap]: Queueing buffer 2
[0:02:28.704221365] [3565] DEBUG V4L2 v4l2_videodevice.cpp:1855 /dev/video1[200:cap]: Dequeuing buffer 3
[0:02:28.704826991] [3568] DEBUG V4L2Compat v4l2_camera_proxy.cpp:691 [/dev/video1 (fd:205)] vidioc_dqbuf()
[0:02:28.723807255] [3568] DEBUG V4L2Compat v4l2_camera_proxy.cpp:659 [/dev/video1 (fd:205)] vidioc_qbuf(index=3)
[0:02:28.724867377] [3565] DEBUG V4L2 v4l2_videodevice.cpp:1783 /dev/video1[200:cap]: Queueing buffer 3
[0:02:28.737454143] [3565] DEBUG V4L2 v4l2_videodevice.cpp:1855 /dev/video1[200:cap]: Dequeuing buffer 0
[0:02:28.738114120] [3568] DEBUG V4L2Compat v4l2_camera_proxy.cpp:691 [/dev/video1 (fd:205)] vidioc_dqbuf()
[0:02:28.756955943] [3568] DEBUG V4L2Compat v4l2_camera_proxy.cpp:659 [/dev/video1 (fd:205)] vidioc_qbuf(index=0)
[0:02:28.758110617] [3565] DEBUG V4L2 v4l2_videodevice.cpp:1783 /dev/video1[200:cap]: Queueing buffer 0
[0:02:28.770665708] [3565] DEBUG V4L2 v4l2_videodevice.cpp:1855 /dev/video1[200:cap]: Dequeuing buffer 1
[0:02:28.771351610] [3568] DEBUG V4L2Compat v4l2_camera_proxy.cpp:691 [/dev/video1 (fd:205)] vidioc_dqbuf()
[0:02:28.790123044] [3568] DEBUG V4L2Compat v4l2_camera_proxy.cpp:659 [/dev/video1 (fd:205)] vidioc_qbuf(index=1)
[0:02:28.791195442] [3565] DEBUG V4L2 v4l2_videodevice.cpp:1783 /dev/video1[200:cap]: Queueing buffer 1
[0:02:28.803876960] [3565] DEBUG V4L2 v4l2_videodevice.cpp:1855 /dev/video1[200:cap]: Dequeuing buffer 2
[0:02:28.804565887] [3568] DEBUG V4L2Compat v4l2_camera_proxy.cpp:691 [/dev/video1 (fd:205)] vidioc_dqbuf()
[0:02:28.823500350] [3568] DEBUG V4L2Compat v4l2_camera_proxy.cpp:659 [/dev/video1 (fd:205)] vidioc_qbuf(index=2)
[0:02:28.824552635] [3565] DEBUG V4L2 v4l2_videodevice.cpp:1783 /dev/video1[200:cap]: Queueing buffer 2
[0:02:28.837153289] [3565] DEBUG V4L2 v4l2_videodevice.cpp:1855 /dev/video1[200:cap]: Dequeuing buffer 3
[0:02:28.837998307] [3568] DEBUG V4L2Compat v4l2_camera_proxy.cpp:691 [/dev/video1 (fd:205)] vidioc_dqbuf()
[0:02:28.856860618] [3568] DEBUG V4L2Compat v4l2_camera_proxy.cpp:659 [/dev/video1 (fd:205)] vidioc_qbuf(index=3)
[0:02:28.857925728] [3565] DEBUG V4L2 v4l2_videodevice.cpp:1783 /dev/video1[200:cap]: Queueing buffer 3
[0:02:28.870317215] [3565] DEBUG V4L2 v4l2_videodevice.cpp:1855 /dev/video1[200:cap]: Dequeuing buffer 0
[0:02:28.870917591] [3568] DEBUG V4L2Compat v4l2_camera_proxy.cpp:691 [/dev/video1 (fd:205)] vidioc_dqbuf()
[0:02:28.889746226] [3568] DEBUG V4L2Compat v4l2_camera_proxy.cpp:659 [/dev/video1 (fd:205)] vidioc_qbuf(index=0)
[0:02:28.890808761] [3565] DEBUG V4L2 v4l2_videodevice.cpp:1783 /dev/video1[200:cap]: Queueing buffer 0
[0:02:28.903493580] [3565] DEBUG V4L2 v4l2_videodevice.cpp:1855 /dev/video1[200:cap]: Dequeuing buffer 1
[0:02:28.904216257] [3568] DEBUG V4L2Compat v4l2_camera_proxy.cpp:691 [/dev/video1 (fd:205)] vidioc_dqbuf()
[0:02:28.922950716] [3568] DEBUG V4L2Compat v4l2_camera_proxy.cpp:659 [/dev/video1 (fd:205)] vidioc_qbuf(index=1)
[0:02:28.924084115] [3565] DEBUG V4L2 v4l2_videodevice.cpp:1783 /dev/video1[200:cap]: Queueing buffer 1
[0:02:28.936742620] [3565] DEBUG V4L2 v4l2_videodevice.cpp:1855 /dev/video1[200:cap]: Dequeuing buffer 2
[0:02:28.937485461] [3568] DEBUG V4L2Compat v4l2_camera_proxy.cpp:691 [/dev/video1 (fd:205)] vidioc_dqbuf()
[0:02:28.956609915] [3568] DEBUG V4L2Compat v4l2_camera_proxy.cpp:659 [/dev/video1 (fd:205)] vidioc_qbuf(index=2)
[0:02:28.957697513] [3565] DEBUG V4L2 v4l2_videodevice.cpp:1783 /dev/video1[200:cap]: Queueing buffer 2
[0:02:28.970112463] [3565] DEBUG V4L2 v4l2_videodevice.cpp:1855 /dev/video1[200:cap]: Dequeuing buffer 3
[0:02:28.973125627] [3568] DEBUG V4L2Compat v4l2_camera_proxy.cpp:691 [/dev/video1 (fd:205)] vidioc_dqbuf()
[0:02:28.990520557] [3568] DEBUG V4L2Compat v4l2_camera_proxy.cpp:659 [/dev/video1 (fd:205)] vidioc_qbuf(index=3)
[0:02:28.991095032] [3565] DEBUG V4L2 v4l2_videodevice.cpp:1783 /dev/video1[200:cap]: Queueing buffer 3
[0:02:29.003181763] [3565] DEBUG V4L2 v4l2_videodevice.cpp:1855 /dev/video1[200:cap]: Dequeuing buffer 0
[0:02:29.003989692] [3568] DEBUG V4L2Compat v4l2_camera_proxy.cpp:691 [/dev/video1 (fd:205)] vidioc_dqbuf()
[0:02:29.019427019] [3568] DEBUG V4L2Compat v4l2_camera_proxy.cpp:659 [/dev/video1 (fd:205)] vidioc_qbuf(index=0)
[0:02:29.020849749] [3565] DEBUG V4L2 v4l2_videodevice.cpp:1783 /dev/video1[200:cap]: Queueing buffer 0
[0:02:29.036423353] [3565] DEBUG V4L2 v4l2_videodevice.cpp:1855 /dev/video1[200:cap]: Dequeuing buffer 1
[0:02:29.037117368] [3568] DEBUG V4L2Compat v4l2_camera_proxy.cpp:691 [/dev/video1 (fd:205)] vidioc_dqbuf()
[0:02:29.054745041] [3568] DEBUG V4L2Compat v4l2_camera_proxy.cpp:659 [/dev/video1 (fd:205)] vidioc_qbuf(index=1)
[0:02:29.055816338] [3565] DEBUG V4L2 v4l2_videodevice.cpp:1783 /dev/video1[200:cap]: Queueing buffer 1
[0:02:29.069441676] [3565] DEBUG V4L2 v4l2_videodevice.cpp:1855 /dev/video1[200:cap]: Dequeuing buffer 2
[0:02:29.070121453] [3568] DEBUG V4L2Compat v4l2_camera_proxy.cpp:691 [/dev/video1 (fd:205)] vidioc_dqbuf()
[0:02:29.087812702] [3568] DEBUG V4L2Compat v4l2_camera_proxy.cpp:659 [/dev/video1 (fd:205)] vidioc_qbuf(index=2)
[0:02:29.088889163] [3565] DEBUG V4L2 v4l2_videodevice.cpp:1783 /dev/video1[200:cap]: Queueing buffer 2
[0:02:29.102789832] [3565] DEBUG V4L2 v4l2_videodevice.cpp:1855 /dev/video1[200:cap]: Dequeuing buffer 3
[0:02:29.103636175] [3568] DEBUG V4L2Compat v4l2_camera_proxy.cpp:691 [/dev/video1 (fd:205)] vidioc_dqbuf()
[0:02:29.122933320] [3568] DEBUG V4L2Compat v4l2_camera_proxy.cpp:659 [/dev/video1 (fd:205)] vidioc_qbuf(index=3)
[0:02:29.123986867] [3565] DEBUG V4L2 v4l2_videodevice.cpp:1783 /dev/video1[200:cap]: Queueing buffer 3
[0:02:29.135999509] [3565] DEBUG V4L2 v4l2_videodevice.cpp:1855 /dev/video1[200:cap]: Dequeuing buffer 0
[0:02:29.136963292] [3568] DEBUG V4L2Compat v4l2_camera_proxy.cpp:691 [/dev/video1 (fd:205)] vidioc_dqbuf()
[0:02:29.155975994] [3568] DEBUG V4L2Compat v4l2_camera_proxy.cpp:659 [/dev/video1 (fd:205)] vidioc_qbuf(index=0)
[0:02:29.157131031] [3565] DEBUG V4L2 v4l2_videodevice.cpp:1783 /dev/video1[200:cap]: Queueing buffer 0
[0:02:29.169284025] [3565] DEBUG V4L2 v4l2_videodevice.cpp:1855 /dev/video1[200:cap]: Dequeuing buffer 1
[0:02:29.169937777] [3568] DEBUG V4L2Compat v4l2_camera_proxy.cpp:691 [/dev/video1 (fd:205)] vidioc_dqbuf()
[0:02:29.189092869] [3568] DEBUG V4L2Compat v4l2_camera_proxy.cpp:659 [/dev/video1 (fd:205)] vidioc_qbuf(index=1)
[0:02:29.190164779] [3565] DEBUG V4L2 v4l2_videodevice.cpp:1783 /dev/video1[200:cap]: Queueing buffer 1
[0:02:29.202382663] [3565] DEBUG V4L2 v4l2_videodevice.cpp:1855 /dev/video1[200:cap]: Dequeuing buffer 2
[0:02:29.203181992] [3568] DEBUG V4L2Compat v4l2_camera_proxy.cpp:691 [/dev/video1 (fd:205)] vidioc_dqbuf()
[0:02:29.210645938] [3568] DEBUG V4L2Compat v4l2_camera_proxy.cpp:659 [/dev/video1 (fd:205)] vidioc_qbuf(index=2)
[0:02:29.211488418] [3565] DEBUG V4L2 v4l2_videodevice.cpp:1783 /dev/video1[200:cap]: Queueing buffer 2
[0:02:29.235727006] [3565] DEBUG V4L2 v4l2_videodevice.cpp:1855 /dev/video1[200:cap]: Dequeuing buffer 3
[0:02:29.236450421] [3568] DEBUG V4L2Compat v4l2_camera_proxy.cpp:691 [/dev/video1 (fd:205)] vidioc_dqbuf()
[0:02:29.246609773] [3568] DEBUG V4L2Compat v4l2_camera_proxy.cpp:659 [/dev/video1 (fd:205)] vidioc_qbuf(index=3)
[0:02:29.247399102] [3565] DEBUG V4L2 v4l2_videodevice.cpp:1783 /dev/video1[200:cap]: Queueing buffer 3
[0:02:29.268783042] [3565] DEBUG V4L2 v4l2_videodevice.cpp:1855 /dev/video1[200:cap]: Dequeuing buffer 0
[0:02:29.269508482] [3568] DEBUG V4L2Compat v4l2_camera_proxy.cpp:691 [/dev/video1 (fd:205)] vidioc_dqbuf()
[0:02:29.283436640] [3568] DEBUG V4L2Compat v4l2_camera_proxy.cpp:659 [/dev/video1 (fd:205)] vidioc_qbuf(index=0)
[0:02:29.284365459] [3565] DEBUG V4L2 v4l2_videodevice.cpp:1783 /dev/video1[200:cap]: Queueing buffer 0
[0:02:29.301983932] [3565] DEBUG V4L2 v4l2_videodevice.cpp:1855 /dev/video1[200:cap]: Dequeuing buffer 1
[0:02:29.302555106] [3568] DEBUG V4L2Compat v4l2_camera_proxy.cpp:691 [/dev/video1 (fd:205)] vidioc_dqbuf()
[0:02:29.317354494] [3568] DEBUG V4L2Compat v4l2_camera_proxy.cpp:659 [/dev/video1 (fd:205)] vidioc_qbuf(index=1)
[0:02:29.318368966] [3565] DEBUG V4L2 v4l2_videodevice.cpp:1783 /dev/video1[200:cap]: Queueing buffer 1
[0:02:29.335232272] [3565] DEBUG V4L2 v4l2_videodevice.cpp:1855 /dev/video1[200:cap]: Dequeuing buffer 2
[0:02:29.335756071] [3568] DEBUG V4L2Compat v4l2_camera_proxy.cpp:691 [/dev/video1 (fd:205)] vidioc_dqbuf()
[0:02:29.349699791] [3568] DEBUG V4L2Compat v4l2_camera_proxy.cpp:659 [/dev/video1 (fd:205)] vidioc_qbuf(index=2)
[0:02:29.350742800] [3565] DEBUG V4L2 v4l2_videodevice.cpp:1783 /dev/video1[200:cap]: Queueing buffer 2
[0:02:29.368406386] [3565] DEBUG V4L2 v4l2_videodevice.cpp:1855 /dev/video1[200:cap]: Dequeuing buffer 3
[0:02:29.368936848] [3568] DEBUG V4L2Compat v4l2_camera_proxy.cpp:691 [/dev/video1 (fd:205)] vidioc_dqbuf()
[0:02:29.384704194] [3568] DEBUG V4L2Compat v4l2_camera_proxy.cpp:659 [/dev/video1 (fd:205)] vidioc_qbuf(index=3)
[0:02:29.385889281] [3565] DEBUG V4L2 v4l2_videodevice.cpp:1783 /dev/video1[200:cap]: Queueing buffer 3
[0:02:29.401605301] [3565] DEBUG V4L2 v4l2_videodevice.cpp:1855 /dev/video1[200:cap]: Dequeuing buffer 0
[0:02:29.402242365] [3568] DEBUG V4L2Compat v4l2_camera_proxy.cpp:691 [/dev/video1 (fd:205)] vidioc_dqbuf()
[0:02:29.417847119] [3568] DEBUG V4L2Compat v4l2_camera_proxy.cpp:659 [/dev/video1 (fd:205)] vidioc_qbuf(index=0)
[0:02:29.419144772] [3565] DEBUG V4L2 v4l2_videodevice.cpp:1783 /dev/video1[200:cap]: Queueing buffer 0
[0:02:29.434811891] [3565] DEBUG V4L2 v4l2_videodevice.cpp:1855 /dev/video1[200:cap]: Dequeuing buffer 1
[0:02:29.435444717] [3568] DEBUG V4L2Compat v4l2_camera_proxy.cpp:691 [/dev/video1 (fd:205)] vidioc_dqbuf()
[0:02:29.449661130] [3568] DEBUG V4L2Compat v4l2_camera_proxy.cpp:659 [/dev/video1 (fd:205)] vidioc_qbuf(index=1)
[0:02:29.450701839] [3565] DEBUG V4L2 v4l2_videodevice.cpp:1783 /dev/video1[200:cap]: Queueing buffer 1
[0:02:29.467967442] [3565] DEBUG V4L2 v4l2_videodevice.cpp:1855 /dev/video1[200:cap]: Dequeuing buffer 2
[0:02:29.470792352] [3568] DEBUG V4L2Compat v4l2_camera_proxy.cpp:691 [/dev/video1 (fd:205)] vidioc_dqbuf()
[0:02:29.490657872] [3568] DEBUG V4L2Compat v4l2_camera_proxy.cpp:659 [/dev/video1 (fd:205)] vidioc_qbuf(index=2)
[0:02:29.492368958] [3565] DEBUG V4L2 v4l2_videodevice.cpp:1783 /dev/video1[200:cap]: Queueing buffer 2
[0:02:29.501244183] [3565] DEBUG V4L2 v4l2_videodevice.cpp:1855 /dev/video1[200:cap]: Dequeuing buffer 3
[0:02:29.501741731] [3568] DEBUG V4L2Compat v4l2_camera_proxy.cpp:691 [/dev/video1 (fd:205)] vidioc_dqbuf()
[0:02:29.507334762] [3568] DEBUG V4L2Compat v4l2_camera_proxy.cpp:659 [/dev/video1 (fd:205)] vidioc_qbuf(index=3)
[0:02:29.508820381] [3565] DEBUG V4L2 v4l2_videodevice.cpp:1783 /dev/video1[200:cap]: Queueing buffer 3
[0:02:29.534664115] [3565] DEBUG V4L2 v4l2_videodevice.cpp:1855 /dev/video1[200:cap]: Dequeuing buffer 0
[0:02:29.535399280] [3568] DEBUG V4L2Compat v4l2_camera_proxy.cpp:691 [/dev/video1 (fd:205)] vidioc_dqbuf()
[0:02:29.550909759] [3568] DEBUG V4L2Compat v4l2_camera_proxy.cpp:659 [/dev/video1 (fd:205)] vidioc_qbuf(index=0)
[0:02:29.552051708] [3565] DEBUG V4L2 v4l2_videodevice.cpp:1783 /dev/video1[200:cap]: Queueing buffer 0
[0:02:29.567645737] [3565] DEBUG V4L2 v4l2_videodevice.cpp:1855 /dev/video1[200:cap]: Dequeuing buffer 1
[0:02:29.568204124] [3568] DEBUG V4L2Compat v4l2_camera_proxy.cpp:691 [/dev/video1 (fd:205)] vidioc_dqbuf()
[0:02:29.584990554] [3568] DEBUG V4L2Compat v4l2_camera_proxy.cpp:659 [/dev/video1 (fd:205)] vidioc_qbuf(index=1)
[0:02:29.586140179] [3565] DEBUG V4L2 v4l2_videodevice.cpp:1783 /dev/video1[200:cap]: Queueing buffer 1
[0:02:29.600913078] [3565] DEBUG V4L2 v4l2_videodevice.cpp:1855 /dev/video1[200:cap]: Dequeuing buffer 2
[0:02:29.601590330] [3568] DEBUG V4L2Compat v4l2_camera_proxy.cpp:691 [/dev/video1 (fd:205)] vidioc_dqbuf()
[0:02:29.620306976] [3568] DEBUG V4L2Compat v4l2_camera_proxy.cpp:659 [/dev/video1 (fd:205)] vidioc_qbuf(index=2)
[0:02:29.622095989] [3565] DEBUG V4L2 v4l2_videodevice.cpp:1783 /dev/video1[200:cap]: Queueing buffer 2
[0:02:29.634236683] [3565] DEBUG V4L2 v4l2_videodevice.cpp:1855 /dev/video1[200:cap]: Dequeuing buffer 3
[0:02:29.634823121] [3568] DEBUG V4L2Compat v4l2_camera_proxy.cpp:691 [/dev/video1 (fd:205)] vidioc_dqbuf()
[0:02:29.653844610] [3568] DEBUG V4L2Compat v4l2_camera_proxy.cpp:659 [/dev/video1 (fd:205)] vidioc_qbuf(index=3)
[0:02:29.655060461] [3565] DEBUG V4L2 v4l2_videodevice.cpp:1783 /dev/video1[200:cap]: Queueing buffer 3
[0:02:29.667363984] [3565] DEBUG V4L2 v4l2_videodevice.cpp:1855 /dev/video1[200:cap]: Dequeuing buffer 0
[0:02:29.667947221] [3568] DEBUG V4L2Compat v4l2_camera_proxy.cpp:691 [/dev/video1 (fd:205)] vidioc_dqbuf()
[0:02:29.686250396] [3568] DEBUG V4L2Compat v4l2_camera_proxy.cpp:659 [/dev/video1 (fd:205)] vidioc_qbuf(index=0)
[0:02:29.687669588] [3565] DEBUG V4L2 v4l2_videodevice.cpp:1783 /dev/video1[200:cap]: Queueing buffer 0
[0:02:29.700511122] [3565] DEBUG V4L2 v4l2_videodevice.cpp:1855 /dev/video1[200:cap]: Dequeuing buffer 1
[0:02:29.701127498] [3568] DEBUG V4L2Compat v4l2_camera_proxy.cpp:691 [/dev/video1 (fd:205)] vidioc_dqbuf()
[0:02:29.718984113] [3568] DEBUG V4L2Compat v4l2_camera_proxy.cpp:659 [/dev/video1 (fd:205)] vidioc_qbuf(index=1)
[0:02:29.720618947] [3565] DEBUG V4L2 v4l2_videodevice.cpp:1783 /dev/video1[200:cap]: Queueing buffer 1
[0:02:29.733800264] [3565] DEBUG V4L2 v4l2_videodevice.cpp:1855 /dev/video1[200:cap]: Dequeuing buffer 2
[0:02:29.734386264] [3568] DEBUG V4L2Compat v4l2_camera_proxy.cpp:691 [/dev/video1 (fd:205)] vidioc_dqbuf()
[0:02:29.740205849] [3568] DEBUG V4L2Compat v4l2_camera_proxy.cpp:659 [/dev/video1 (fd:205)] vidioc_qbuf(index=2)
[0:02:29.740912939] [3565] DEBUG V4L2 v4l2_videodevice.cpp:1783 /dev/video1[200:cap]: Queueing buffer 2
[0:02:29.766992291] [3565] DEBUG V4L2 v4l2_videodevice.cpp:1855 /dev/video1[200:cap]: Dequeuing buffer 3
[0:02:29.767623529] [3568] DEBUG V4L2Compat v4l2_camera_proxy.cpp:691 [/dev/video1 (fd:205)] vidioc_dqbuf()
[0:02:29.782679910] [3568] DEBUG V4L2Compat v4l2_camera_proxy.cpp:659 [/dev/video1 (fd:205)] vidioc_qbuf(index=3)
[0:02:29.783559616] [3565] DEBUG V4L2 v4l2_videodevice.cpp:1783 /dev/video1[200:cap]: Queueing buffer 3
[0:02:29.800103566] [3565] DEBUG V4L2 v4l2_videodevice.cpp:1855 /dev/video1[200:cap]: Dequeuing buffer 0
[0:02:29.800652678] [3568] DEBUG V4L2Compat v4l2_camera_proxy.cpp:691 [/dev/video1 (fd:205)] vidioc_dqbuf()
[0:02:29.818432779] [3568] DEBUG V4L2Compat v4l2_camera_proxy.cpp:659 [/dev/video1 (fd:205)] vidioc_qbuf(index=0)
[0:02:29.819455025] [3565] DEBUG V4L2 v4l2_videodevice.cpp:1783 /dev/video1[200:cap]: Queueing buffer 0
[0:02:29.833489384] [3565] DEBUG V4L2 v4l2_videodevice.cpp:1855 /dev/video1[200:cap]: Dequeuing buffer 1
[0:02:29.834149823] [3568] DEBUG V4L2Compat v4l2_camera_proxy.cpp:691 [/dev/video1 (fd:205)] vidioc_dqbuf()
[0:02:29.851649381] [3568] DEBUG V4L2Compat v4l2_camera_proxy.cpp:659 [/dev/video1 (fd:205)] vidioc_qbuf(index=1)
[0:02:29.852767267] [3565] DEBUG V4L2 v4l2_videodevice.cpp:1783 /dev/video1[200:cap]: Queueing buffer 1
[0:02:29.866603372] [3565] DEBUG V4L2 v4l2_videodevice.cpp:1855 /dev/video1[200:cap]: Dequeuing buffer 2
[0:02:29.867223310] [3568] DEBUG V4L2Compat v4l2_camera_proxy.cpp:691 [/dev/video1 (fd:205)] vidioc_dqbuf()
[0:02:29.883587231] [3568] DEBUG V4L2Compat v4l2_camera_proxy.cpp:659 [/dev/video1 (fd:205)] vidioc_qbuf(index=2)
[0:02:29.885594924] [3565] DEBUG V4L2 v4l2_videodevice.cpp:1783 /dev/video1[200:cap]: Queueing buffer 2
[0:02:29.899850838] [3565] DEBUG V4L2 v4l2_videodevice.cpp:1855 /dev/video1[200:cap]: Dequeuing buffer 3
[0:02:29.900466888] [3568] DEBUG V4L2Compat v4l2_camera_proxy.cpp:691 [/dev/video1 (fd:205)] vidioc_dqbuf()
[0:02:29.915433167] [3568] DEBUG V4L2Compat v4l2_camera_proxy.cpp:659 [/dev/video1 (fd:205)] vidioc_qbuf(index=3)
[0:02:29.916390038] [3565] DEBUG V4L2 v4l2_videodevice.cpp:1783 /dev/video1[200:cap]: Queueing buffer 3
[0:02:29.933109779] [3565] DEBUG V4L2 v4l2_videodevice.cpp:1855 /dev/video1[200:cap]: Dequeuing buffer 0
[0:02:29.934098962] [3568] DEBUG V4L2Compat v4l2_camera_proxy.cpp:691 [/dev/video1 (fd:205)] vidioc_dqbuf()
[0:02:29.950507997] [3568] DEBUG V4L2Compat v4l2_camera_proxy.cpp:659 [/dev/video1 (fd:205)] vidioc_qbuf(index=0)
[0:02:29.952786145] [3565] DEBUG V4L2 v4l2_videodevice.cpp:1783 /dev/video1[200:cap]: Queueing buffer 0
[0:02:29.966151152] [3565] DEBUG V4L2 v4l2_videodevice.cpp:1855 /dev/video1[200:cap]: Dequeuing buffer 1
[0:02:29.968301273] [3568] DEBUG V4L2Compat v4l2_camera_proxy.cpp:691 [/dev/video1 (fd:205)] vidioc_dqbuf()
[0:02:29.987950926] [3568] DEBUG V4L2Compat v4l2_camera_proxy.cpp:659 [/dev/video1 (fd:205)] vidioc_qbuf(index=1)
[0:02:29.989181702] [3565] DEBUG V4L2 v4l2_videodevice.cpp:1783 /dev/video1[200:cap]: Queueing buffer 1
[0:02:29.999389193] [3565] DEBUG V4L2 v4l2_videodevice.cpp:1855 /dev/video1[200:cap]: Dequeuing buffer 2
[0:02:29.999879891] [3568] DEBUG V4L2Compat v4l2_camera_proxy.cpp:691 [/dev/video1 (fd:205)] vidioc_dqbuf()
[0:02:30.011589438] [3568] DEBUG V4L2Compat v4l2_camera_proxy.cpp:659 [/dev/video1 (fd:205)] vidioc_qbuf(index=2)
[0:02:30.012604347] [3565] DEBUG V4L2 v4l2_videodevice.cpp:1783 /dev/video1[200:cap]: Queueing buffer 2
[0:02:30.032711098] [3565] DEBUG V4L2 v4l2_videodevice.cpp:1855 /dev/video1[200:cap]: Dequeuing buffer 3
[0:02:30.033135369] [3568] DEBUG V4L2Compat v4l2_camera_proxy.cpp:691 [/dev/video1 (fd:205)] vidioc_dqbuf()
[0:02:30.048716861] [3568] DEBUG V4L2Compat v4l2_camera_proxy.cpp:659 [/dev/video1 (fd:205)] vidioc_qbuf(index=3)
[0:02:30.049740220] [3565] DEBUG V4L2 v4l2_videodevice.cpp:1783 /dev/video1[200:cap]: Queueing buffer 3
[0:02:30.065894837] [3565] DEBUG V4L2 v4l2_videodevice.cpp:1855 /dev/video1[200:cap]: Dequeuing buffer 0
[0:02:30.066337309] [3568] DEBUG V4L2Compat v4l2_camera_proxy.cpp:691 [/dev/video1 (fd:205)] vidioc_dqbuf()
[0:02:30.082797619] [3568] DEBUG V4L2Compat v4l2_camera_proxy.cpp:659 [/dev/video1 (fd:205)] vidioc_qbuf(index=0)
[0:02:30.083755039] [3565] DEBUG V4L2 v4l2_videodevice.cpp:1783 /dev/video1[200:cap]: Queueing buffer 0
[0:02:30.098865409] [3565] DEBUG V4L2 v4l2_videodevice.cpp:1855 /dev/video1[200:cap]: Dequeuing buffer 1
[0:02:30.099253905] [3568] DEBUG V4L2Compat v4l2_camera_proxy.cpp:691 [/dev/video1 (fd:205)] vidioc_dqbuf()
[0:02:30.104928875] [3568] DEBUG V4L2Compat v4l2_camera_proxy.cpp:659 [/dev/video1 (fd:205)] vidioc_qbuf(index=1)
[0:02:30.105610202] [3565] DEBUG V4L2 v4l2_videodevice.cpp:1783 /dev/video1[200:cap]: Queueing buffer 1
[0:02:30.132432381] [3565] DEBUG V4L2 v4l2_videodevice.cpp:1855 /dev/video1[200:cap]: Dequeuing buffer 2
[0:02:30.132795402] [3568] DEBUG V4L2Compat v4l2_camera_proxy.cpp:691 [/dev/video1 (fd:205)] vidioc_dqbuf()
[0:02:30.148367393] [3568] DEBUG V4L2Compat v4l2_camera_proxy.cpp:659 [/dev/video1 (fd:205)] vidioc_qbuf(index=2)
[0:02:30.149442266] [3565] DEBUG V4L2 v4l2_videodevice.cpp:1783 /dev/video1[200:cap]: Queueing buffer 2
[0:02:30.165495731] [3565] DEBUG V4L2 v4l2_videodevice.cpp:1855 /dev/video1[200:cap]: Dequeuing buffer 3
[0:02:30.165837175] [3568] DEBUG V4L2Compat v4l2_camera_proxy.cpp:691 [/dev/video1 (fd:205)] vidioc_dqbuf()
[0:02:30.182361925] [3568] DEBUG V4L2Compat v4l2_camera_proxy.cpp:659 [/dev/video1 (fd:205)] vidioc_qbuf(index=3)
[0:02:30.183702266] [3565] DEBUG V4L2 v4l2_videodevice.cpp:1783 /dev/video1[200:cap]: Queueing buffer 3
[0:02:30.198516816] [3565] DEBUG V4L2 v4l2_videodevice.cpp:1855 /dev/video1[200:cap]: Dequeuing buffer 0
[0:02:30.198879799] [3568] DEBUG V4L2Compat v4l2_camera_proxy.cpp:691 [/dev/video1 (fd:205)] vidioc_dqbuf()
[0:02:30.217932227] [3568] DEBUG V4L2Compat v4l2_camera_proxy.cpp:659 [/dev/video1 (fd:205)] vidioc_qbuf(index=0)
[0:02:30.219186916] [3565] DEBUG V4L2 v4l2_videodevice.cpp:1783 /dev/video1[200:cap]: Queueing buffer 0
[0:02:30.232133740] [3565] DEBUG V4L2 v4l2_videodevice.cpp:1855 /dev/video1[200:cap]: Dequeuing buffer 1
[0:02:30.232481035] [3568] DEBUG V4L2Compat v4l2_camera_proxy.cpp:691 [/dev/video1 (fd:205)] vidioc_dqbuf()
[0:02:30.251405272] [3568] DEBUG V4L2Compat v4l2_camera_proxy.cpp:659 [/dev/video1 (fd:205)] vidioc_qbuf(index=1)
[0:02:30.253389902] [3565] DEBUG V4L2 v4l2_videodevice.cpp:1783 /dev/video1[200:cap]: Queueing buffer 1
[0:02:30.265093999] [3565] DEBUG V4L2 v4l2_videodevice.cpp:1855 /dev/video1[200:cap]: Dequeuing buffer 2
[0:02:30.265607823] [3568] DEBUG V4L2Compat v4l2_camera_proxy.cpp:691 [/dev/video1 (fd:205)] vidioc_dqbuf()
[0:02:30.271760603] [3568] DEBUG V4L2Compat v4l2_camera_proxy.cpp:659 [/dev/video1 (fd:205)] vidioc_qbuf(index=2)
[0:02:30.272515256] [3565] DEBUG V4L2 v4l2_videodevice.cpp:1783 /dev/video1[200:cap]: Queueing buffer 2
[0:02:30.298491256] [3565] DEBUG V4L2 v4l2_videodevice.cpp:1855 /dev/video1[200:cap]: Dequeuing buffer 3
[0:02:30.299063468] [3568] DEBUG V4L2Compat v4l2_camera_proxy.cpp:691 [/dev/video1 (fd:205)] vidioc_dqbuf()
[0:02:30.315195059] [3568] DEBUG V4L2Compat v4l2_camera_proxy.cpp:659 [/dev/video1 (fd:205)] vidioc_qbuf(index=3)
[0:02:30.316286295] [3565] DEBUG V4L2 v4l2_videodevice.cpp:1783 /dev/video1[200:cap]: Queueing buffer 3
[0:02:30.331602831] [3565] DEBUG V4L2 v4l2_videodevice.cpp:1855 /dev/video1[200:cap]: Dequeuing buffer 0
[0:02:30.332206669] [3568] DEBUG V4L2Compat v4l2_camera_proxy.cpp:691 [/dev/video1 (fd:205)] vidioc_dqbuf()
[0:02:30.337911327] [3568] DEBUG V4L2Compat v4l2_camera_proxy.cpp:659 [/dev/video1 (fd:205)] vidioc_qbuf(index=0)
[0:02:30.338824146] [3565] DEBUG V4L2 v4l2_videodevice.cpp:1783 /dev/video1[200:cap]: Queueing buffer 0
[0:02:30.364829671] [3565] DEBUG V4L2 v4l2_videodevice.cpp:1855 /dev/video1[200:cap]: Dequeuing buffer 1
[0:02:30.365533123] [3568] DEBUG V4L2Compat v4l2_camera_proxy.cpp:691 [/dev/video1 (fd:205)] vidioc_dqbuf()
[0:02:30.372750989] [3568] DEBUG V4L2Compat v4l2_camera_proxy.cpp:659 [/dev/video1 (fd:205)] vidioc_qbuf(index=1)
[0:02:30.373510230] [3565] DEBUG V4L2 v4l2_videodevice.cpp:1783 /dev/video1[200:cap]: Queueing buffer 1
[0:02:30.398170076] [3565] DEBUG V4L2 v4l2_videodevice.cpp:1855 /dev/video1[200:cap]: Dequeuing buffer 2
[0:02:30.398868803] [3568] DEBUG V4L2Compat v4l2_camera_proxy.cpp:691 [/dev/video1 (fd:205)] vidioc_dqbuf()
[0:02:30.415264763] [3568] DEBUG V4L2Compat v4l2_camera_proxy.cpp:659 [/dev/video1 (fd:205)] vidioc_qbuf(index=2)
[0:02:30.416312697] [3565] DEBUG V4L2 v4l2_videodevice.cpp:1783 /dev/video1[200:cap]: Queueing buffer 2
[0:02:30.431291002] [3565] DEBUG V4L2 v4l2_videodevice.cpp:1855 /dev/video1[200:cap]: Dequeuing buffer 3
[0:02:30.431894214] [3568] DEBUG V4L2Compat v4l2_camera_proxy.cpp:691 [/dev/video1 (fd:205)] vidioc_dqbuf()
[0:02:30.443553973] [3568] DEBUG V4L2Compat v4l2_camera_proxy.cpp:659 [/dev/video1 (fd:205)] vidioc_qbuf(index=3)
[0:02:30.444736686] [3565] DEBUG V4L2 v4l2_videodevice.cpp:1783 /dev/video1[200:cap]: Queueing buffer 3
[0:02:30.464447228] [3565] DEBUG V4L2 v4l2_videodevice.cpp:1855 /dev/video1[200:cap]: Dequeuing buffer 0
[0:02:30.467341876] [3568] DEBUG V4L2Compat v4l2_camera_proxy.cpp:691 [/dev/video1 (fd:205)] vidioc_dqbuf()
[0:02:30.483284851] [3568] DEBUG V4L2Compat v4l2_camera_proxy.cpp:659 [/dev/video1 (fd:205)] vidioc_qbuf(index=0)
[0:02:30.484366024] [3565] DEBUG V4L2 v4l2_videodevice.cpp:1783 /dev/video1[200:cap]: Queueing buffer 0
[0:02:30.497586216] [3565] DEBUG V4L2 v4l2_videodevice.cpp:1855 /dev/video1[200:cap]: Dequeuing buffer 1
[0:02:30.498219592] [3568] DEBUG V4L2Compat v4l2_camera_proxy.cpp:691 [/dev/video1 (fd:205)] vidioc_dqbuf()
[0:02:30.503661020] [3568] DEBUG V4L2Compat v4l2_camera_proxy.cpp:659 [/dev/video1 (fd:205)] vidioc_qbuf(index=1)
[0:02:30.504440061] [3565] DEBUG V4L2 v4l2_videodevice.cpp:1783 /dev/video1[200:cap]: Queueing buffer 1
[0:02:30.530879833] [3565] DEBUG V4L2 v4l2_videodevice.cpp:1855 /dev/video1[200:cap]: Dequeuing buffer 2
[0:02:30.531620886] [3568] DEBUG V4L2Compat v4l2_camera_proxy.cpp:691 [/dev/video1 (fd:205)] vidioc_dqbuf()
[0:02:30.540303957] [3568] DEBUG V4L2Compat v4l2_camera_proxy.cpp:659 [/dev/video1 (fd:205)] vidioc_qbuf(index=2)
[0:02:30.541313753] [3565] DEBUG V4L2 v4l2_videodevice.cpp:1783 /dev/video1[200:cap]: Queueing buffer 2
[0:02:30.564155161] [3565] DEBUG V4L2 v4l2_videodevice.cpp:1855 /dev/video1[200:cap]: Dequeuing buffer 3
[0:02:30.564785237] [3568] DEBUG V4L2Compat v4l2_camera_proxy.cpp:691 [/dev/video1 (fd:205)] vidioc_dqbuf()
[0:02:30.579740616] [3568] DEBUG V4L2Compat v4l2_camera_proxy.cpp:659 [/dev/video1 (fd:205)] vidioc_qbuf(index=3)
[0:02:30.582816168] [3565] DEBUG V4L2 v4l2_videodevice.cpp:1783 /dev/video1[200:cap]: Queueing buffer 3
[0:02:30.597265599] [3565] DEBUG V4L2 v4l2_videodevice.cpp:1855 /dev/video1[200:cap]: Dequeuing buffer 0
[0:02:30.597770072] [3568] DEBUG V4L2Compat v4l2_camera_proxy.cpp:691 [/dev/video1 (fd:205)] vidioc_dqbuf()
[0:02:30.613727097] [3568] DEBUG V4L2Compat v4l2_camera_proxy.cpp:659 [/dev/video1 (fd:205)] vidioc_qbuf(index=0)
[0:02:30.615586574] [3565] DEBUG V4L2 v4l2_videodevice.cpp:1783 /dev/video1[200:cap]: Queueing buffer 0
[0:02:30.630607067] [3565] DEBUG V4L2 v4l2_videodevice.cpp:1855 /dev/video1[200:cap]: Dequeuing buffer 1
[0:02:30.630959449] [3568] DEBUG V4L2Compat v4l2_camera_proxy.cpp:691 [/dev/video1 (fd:205)] vidioc_dqbuf()
[0:02:30.640573390] [3568] DEBUG V4L2Compat v4l2_camera_proxy.cpp:659 [/dev/video1 (fd:205)] vidioc_qbuf(index=1)
[0:02:30.641317156] [3565] DEBUG V4L2 v4l2_videodevice.cpp:1783 /dev/video1[200:cap]: Queueing buffer 1
[0:02:30.663915959] [3565] DEBUG V4L2 v4l2_videodevice.cpp:1855 /dev/video1[200:cap]: Dequeuing buffer 2
[0:02:30.664284829] [3568] DEBUG V4L2Compat v4l2_camera_proxy.cpp:691 [/dev/video1 (fd:205)] vidioc_dqbuf()
[0:02:30.679447762] [3568] DEBUG V4L2Compat v4l2_camera_proxy.cpp:659 [/dev/video1 (fd:205)] vidioc_qbuf(index=2)
[0:02:30.680343231] [3565] DEBUG V4L2 v4l2_videodevice.cpp:1783 /dev/video1[200:cap]: Queueing buffer 2
[0:02:30.696902119] [3565] DEBUG V4L2 v4l2_videodevice.cpp:1855 /dev/video1[200:cap]: Dequeuing buffer 3
[0:02:30.697358041] [3568] DEBUG V4L2Compat v4l2_camera_proxy.cpp:691 [/dev/video1 (fd:205)] vidioc_dqbuf()
[0:02:30.711363837] [3568] DEBUG V4L2Compat v4l2_camera_proxy.cpp:659 [/dev/video1 (fd:205)] vidioc_qbuf(index=3)
[0:02:30.712277919] [3565] DEBUG V4L2 v4l2_videodevice.cpp:1783 /dev/video1[200:cap]: Queueing buffer 3
[0:02:30.730389939] [3565] DEBUG V4L2 v4l2_videodevice.cpp:1855 /dev/video1[200:cap]: Dequeuing buffer 0
[0:02:30.730746059] [3568] DEBUG V4L2Compat v4l2_camera_proxy.cpp:691 [/dev/video1 (fd:205)] vidioc_dqbuf()
[0:02:30.743820686] [3568] DEBUG V4L2Compat v4l2_camera_proxy.cpp:659 [/dev/video1 (fd:205)] vidioc_qbuf(index=0)
[0:02:30.746170873] [3565] DEBUG V4L2 v4l2_videodevice.cpp:1783 /dev/video1[200:cap]: Queueing buffer 0
[0:02:30.763177408] [3565] DEBUG V4L2 v4l2_videodevice.cpp:1855 /dev/video1[200:cap]: Dequeuing buffer 1
[0:02:30.763543678] [3568] DEBUG V4L2Compat v4l2_camera_proxy.cpp:691 [/dev/video1 (fd:205)] vidioc_dqbuf()
[0:02:30.780230043] [3568] DEBUG V4L2Compat v4l2_camera_proxy.cpp:659 [/dev/video1 (fd:205)] vidioc_qbuf(index=1)
[0:02:30.781331379] [3565] DEBUG V4L2 v4l2_videodevice.cpp:1783 /dev/video1[200:cap]: Queueing buffer 1
[0:02:30.796890383] [3565] DEBUG V4L2 v4l2_videodevice.cpp:1855 /dev/video1[200:cap]: Dequeuing buffer 2
[0:02:30.797553997] [3568] DEBUG V4L2Compat v4l2_camera_proxy.cpp:691 [/dev/video1 (fd:205)] vidioc_dqbuf()
[0:02:30.813670463] [3568] DEBUG V4L2Compat v4l2_camera_proxy.cpp:659 [/dev/video1 (fd:205)] vidioc_qbuf(index=2)
[0:02:30.814960528] [3565] DEBUG V4L2 v4l2_videodevice.cpp:1783 /dev/video1[200:cap]: Queueing buffer 2
[0:02:30.829910244] [3565] DEBUG V4L2 v4l2_videodevice.cpp:1855 /dev/video1[200:cap]: Dequeuing buffer 3
[0:02:30.830552245] [3568] DEBUG V4L2Compat v4l2_camera_proxy.cpp:691 [/dev/video1 (fd:205)] vidioc_dqbuf()
[0:02:30.846121087] [3568] DEBUG V4L2Compat v4l2_camera_proxy.cpp:659 [/dev/video1 (fd:205)] vidioc_qbuf(index=3)
[0:02:30.847286374] [3565] DEBUG V4L2 v4l2_videodevice.cpp:1783 /dev/video1[200:cap]: Queueing buffer 3
[0:02:30.863136397] [3565] DEBUG V4L2 v4l2_videodevice.cpp:1855 /dev/video1[200:cap]: Dequeuing buffer 0
[0:02:30.863706934] [3568] DEBUG V4L2Compat v4l2_camera_proxy.cpp:691 [/dev/video1 (fd:205)] vidioc_dqbuf()
[0:02:30.878449908] [3568] DEBUG V4L2Compat v4l2_camera_proxy.cpp:659 [/dev/video1 (fd:205)] vidioc_qbuf(index=0)
[0:02:30.879381840] [3565] DEBUG V4L2 v4l2_videodevice.cpp:1783 /dev/video1[200:cap]: Queueing buffer 0
[0:02:30.896245384] [3565] DEBUG V4L2 v4l2_videodevice.cpp:1855 /dev/video1[200:cap]: Dequeuing buffer 1
[0:02:30.896735670] [3568] DEBUG V4L2Compat v4l2_camera_proxy.cpp:691 [/dev/video1 (fd:205)] vidioc_dqbuf()
[0:02:30.914620685] [3568] DEBUG V4L2Compat v4l2_camera_proxy.cpp:659 [/dev/video1 (fd:205)] vidioc_qbuf(index=1)
[0:02:30.915744009] [3565] DEBUG V4L2 v4l2_videodevice.cpp:1783 /dev/video1[200:cap]: Queueing buffer 1
[0:02:30.929538588] [3565] DEBUG V4L2 v4l2_videodevice.cpp:1855 /dev/video1[200:cap]: Dequeuing buffer 2
[0:02:30.929996086] [3568] DEBUG V4L2Compat v4l2_camera_proxy.cpp:691 [/dev/video1 (fd:205)] vidioc_dqbuf()
[0:02:30.940643861] [3568] DEBUG V4L2Compat v4l2_camera_proxy.cpp:659 [/dev/video1 (fd:205)] vidioc_qbuf(index=2)
[0:02:30.941428090] [3565] DEBUG V4L2 v4l2_videodevice.cpp:1783 /dev/video1[200:cap]: Queueing buffer 2
[0:02:30.962607825] [3565] DEBUG V4L2 v4l2_videodevice.cpp:1855 /dev/video1[200:cap]: Dequeuing buffer 3
[0:02:30.964078231] [3568] DEBUG V4L2Compat v4l2_camera_proxy.cpp:691 [/dev/video1 (fd:205)] vidioc_dqbuf()
[0:02:30.980764122] [3568] DEBUG V4L2Compat v4l2_camera_proxy.cpp:659 [/dev/video1 (fd:205)] vidioc_qbuf(index=3)
[0:02:30.981775368] [3565] DEBUG V4L2 v4l2_videodevice.cpp:1783 /dev/video1[200:cap]: Queueing buffer 3
[0:02:30.995766539] [3565] DEBUG V4L2 v4l2_videodevice.cpp:1855 /dev/video1[200:cap]: Dequeuing buffer 0
[0:02:30.996541730] [3568] DEBUG V4L2Compat v4l2_camera_proxy.cpp:691 [/dev/video1 (fd:205)] vidioc_dqbuf()
[0:02:31.008665037] [3568] DEBUG V4L2Compat v4l2_camera_proxy.cpp:659 [/dev/video1 (fd:205)] vidioc_qbuf(index=0)
[0:02:31.009598169] [3565] DEBUG V4L2 v4l2_videodevice.cpp:1783 /dev/video1[200:cap]: Queueing buffer 0
[0:02:31.029258597] [3565] DEBUG V4L2 v4l2_videodevice.cpp:1855 /dev/video1[200:cap]: Dequeuing buffer 1
[0:02:31.029618742] [3568] DEBUG V4L2Compat v4l2_camera_proxy.cpp:691 [/dev/video1 (fd:205)] vidioc_dqbuf()
[0:02:31.037435920] [3568] DEBUG V4L2Compat v4l2_camera_proxy.cpp:659 [/dev/video1 (fd:205)] vidioc_qbuf(index=1)
[0:02:31.038428354] [3565] DEBUG V4L2 v4l2_videodevice.cpp:1783 /dev/video1[200:cap]: Queueing buffer 1
[0:02:31.062512625] [3565] DEBUG V4L2 v4l2_videodevice.cpp:1855 /dev/video1[200:cap]: Dequeuing buffer 2
[0:02:31.062955497] [3568] DEBUG V4L2Compat v4l2_camera_proxy.cpp:691 [/dev/video1 (fd:205)] vidioc_dqbuf()
[0:02:31.076805928] [3568] DEBUG V4L2Compat v4l2_camera_proxy.cpp:659 [/dev/video1 (fd:205)] vidioc_qbuf(index=2)
[0:02:31.078562652] [3565] DEBUG V4L2 v4l2_videodevice.cpp:1783 /dev/video1[200:cap]: Queueing buffer 2
[0:02:31.095344232] [3565] DEBUG V4L2 v4l2_videodevice.cpp:1855 /dev/video1[200:cap]: Dequeuing buffer 3
[0:02:31.095723365] [3568] DEBUG V4L2Compat v4l2_camera_proxy.cpp:691 [/dev/video1 (fd:205)] vidioc_dqbuf()
[0:02:31.104401199] [3568] DEBUG V4L2Compat v4l2_camera_proxy.cpp:659 [/dev/video1 (fd:205)] vidioc_qbuf(index=3)
[0:02:31.105130914] [3565] DEBUG V4L2 v4l2_videodevice.cpp:1783 /dev/video1[200:cap]: Queueing buffer 3
[0:02:31.128738126] [3565] DEBUG V4L2 v4l2_videodevice.cpp:1855 /dev/video1[200:cap]: Dequeuing buffer 0
[0:02:31.129267250] [3568] DEBUG V4L2Compat v4l2_camera_proxy.cpp:691 [/dev/video1 (fd:205)] vidioc_dqbuf()
[0:02:31.141962006] [3568] DEBUG V4L2Compat v4l2_camera_proxy.cpp:659 [/dev/video1 (fd:205)] vidioc_qbuf(index=0)
[0:02:31.143371660] [3565] DEBUG V4L2 v4l2_videodevice.cpp:1783 /dev/video1[200:cap]: Queueing buffer 0
[0:02:31.161984567] [3565] DEBUG V4L2 v4l2_videodevice.cpp:1855 /dev/video1[200:cap]: Dequeuing buffer 1
[0:02:31.162342687] [3568] DEBUG V4L2Compat v4l2_camera_proxy.cpp:691 [/dev/video1 (fd:205)] vidioc_dqbuf()
[0:02:31.177664573] [3568] DEBUG V4L2Compat v4l2_camera_proxy.cpp:659 [/dev/video1 (fd:205)] vidioc_qbuf(index=1)
[0:02:31.179940959] [3565] DEBUG V4L2 v4l2_videodevice.cpp:1783 /dev/video1[200:cap]: Queueing buffer 1
[0:02:31.195222244] [3565] DEBUG V4L2 v4l2_videodevice.cpp:1855 /dev/video1[200:cap]: Dequeuing buffer 2
[0:02:31.195573964] [3568] DEBUG V4L2Compat v4l2_camera_proxy.cpp:691 [/dev/video1 (fd:205)] vidioc_dqbuf()
[0:02:31.203881465] [3568] DEBUG V4L2Compat v4l2_camera_proxy.cpp:659 [/dev/video1 (fd:205)] vidioc_qbuf(index=2)
[0:02:31.204739496] [3565] DEBUG V4L2 v4l2_videodevice.cpp:1783 /dev/video1[200:cap]: Queueing buffer 2
[0:02:31.228549799] [3565] DEBUG V4L2 v4l2_videodevice.cpp:1855 /dev/video1[200:cap]: Dequeuing buffer 3
[0:02:31.228902519] [3568] DEBUG V4L2Compat v4l2_camera_proxy.cpp:691 [/dev/video1 (fd:205)] vidioc_dqbuf()
[0:02:31.240823071] [3568] DEBUG V4L2Compat v4l2_camera_proxy.cpp:659 [/dev/video1 (fd:205)] vidioc_qbuf(index=3)
[0:02:31.241710103] [3565] DEBUG V4L2 v4l2_videodevice.cpp:1783 /dev/video1[200:cap]: Queueing buffer 3
[0:02:31.261557485] [3565] DEBUG V4L2 v4l2_videodevice.cpp:1855 /dev/video1[200:cap]: Dequeuing buffer 0
[0:02:31.261883329] [3568] DEBUG V4L2Compat v4l2_camera_proxy.cpp:691 [/dev/video1 (fd:205)] vidioc_dqbuf()
[0:02:31.275106271] [3568] DEBUG V4L2Compat v4l2_camera_proxy.cpp:659 [/dev/video1 (fd:205)] vidioc_qbuf(index=0)
[0:02:31.275847350] [3565] DEBUG V4L2 v4l2_videodevice.cpp:1783 /dev/video1[200:cap]: Queueing buffer 0
[0:02:31.295107132] [3565] DEBUG V4L2 v4l2_videodevice.cpp:1855 /dev/video1[200:cap]: Dequeuing buffer 1
[0:02:31.295547316] [3568] DEBUG V4L2Compat v4l2_camera_proxy.cpp:691 [/dev/video1 (fd:205)] vidioc_dqbuf()
[0:02:31.302980261] [3568] DEBUG V4L2Compat v4l2_camera_proxy.cpp:659 [/dev/video1 (fd:205)] vidioc_qbuf(index=1)
[0:02:31.303791940] [3565] DEBUG V4L2 v4l2_videodevice.cpp:1783 /dev/video1[200:cap]: Queueing buffer 1
[0:02:31.327891863] [3565] DEBUG V4L2 v4l2_videodevice.cpp:1855 /dev/video1[200:cap]: Dequeuing buffer 2
[0:02:31.328265520] [3568] DEBUG V4L2Compat v4l2_camera_proxy.cpp:691 [/dev/video1 (fd:205)] vidioc_dqbuf()
[0:02:31.342941743] [3568] DEBUG V4L2Compat v4l2_camera_proxy.cpp:659 [/dev/video1 (fd:205)] vidioc_qbuf(index=2)
[0:02:31.343810187] [3565] DEBUG V4L2 v4l2_videodevice.cpp:1783 /dev/video1[200:cap]: Queueing buffer 2
[0:02:31.361350233] [3565] DEBUG V4L2 v4l2_videodevice.cpp:1855 /dev/video1[200:cap]: Dequeuing buffer 3
[0:02:31.361894419] [3568] DEBUG V4L2Compat v4l2_camera_proxy.cpp:691 [/dev/video1 (fd:205)] vidioc_dqbuf()
[0:02:31.371078951] [3568] DEBUG V4L2Compat v4l2_camera_proxy.cpp:659 [/dev/video1 (fd:205)] vidioc_qbuf(index=3)
[0:02:31.372151074] [3565] DEBUG V4L2 v4l2_videodevice.cpp:1783 /dev/video1[200:cap]: Queueing buffer 3
[0:02:31.394605048] [3565] DEBUG V4L2 v4l2_videodevice.cpp:1855 /dev/video1[200:cap]: Dequeuing buffer 0
[0:02:31.395346577] [3568] DEBUG V4L2Compat v4l2_camera_proxy.cpp:691 [/dev/video1 (fd:205)] vidioc_dqbuf()
[0:02:31.403646765] [3568] DEBUG V4L2Compat v4l2_camera_proxy.cpp:659 [/dev/video1 (fd:205)] vidioc_qbuf(index=0)
[0:02:31.404601485] [3565] DEBUG V4L2 v4l2_videodevice.cpp:1783 /dev/video1[200:cap]: Queueing buffer 0
[0:02:31.427598446] [3565] DEBUG V4L2 v4l2_videodevice.cpp:1855 /dev/video1[200:cap]: Dequeuing buffer 1
[0:02:31.428281173] [3568] DEBUG V4L2Compat v4l2_camera_proxy.cpp:691 [/dev/video1 (fd:205)] vidioc_dqbuf()
[0:02:31.443763026] [3568] DEBUG V4L2Compat v4l2_camera_proxy.cpp:659 [/dev/video1 (fd:205)] vidioc_qbuf(index=1)
[0:02:31.444905350] [3565] DEBUG V4L2 v4l2_videodevice.cpp:1783 /dev/video1[200:cap]: Queueing buffer 1
[0:02:31.461111867] [3565] DEBUG V4L2 v4l2_videodevice.cpp:1855 /dev/video1[200:cap]: Dequeuing buffer 2
[0:02:31.463644971] [3568] DEBUG V4L2Compat v4l2_camera_proxy.cpp:691 [/dev/video1 (fd:205)] vidioc_dqbuf()
[0:02:31.480189421] [3568] DEBUG V4L2Compat v4l2_camera_proxy.cpp:659 [/dev/video1 (fd:205)] vidioc_qbuf(index=2)
[0:02:31.483963626] [3565] DEBUG V4L2 v4l2_videodevice.cpp:1783 /dev/video1[200:cap]: Queueing buffer 2
[0:02:31.494233730] [3565] DEBUG V4L2 v4l2_videodevice.cpp:1855 /dev/video1[200:cap]: Dequeuing buffer 3
[0:02:31.494835093] [3568] DEBUG V4L2Compat v4l2_camera_proxy.cpp:691 [/dev/video1 (fd:205)] vidioc_dqbuf()
[0:02:31.505378616] [3568] DEBUG V4L2Compat v4l2_camera_proxy.cpp:659 [/dev/video1 (fd:205)] vidioc_qbuf(index=3)
[0:02:31.506363799] [3565] DEBUG V4L2 v4l2_videodevice.cpp:1783 /dev/video1[200:cap]: Queueing buffer 3
[0:02:31.527411745] [3565] DEBUG V4L2 v4l2_videodevice.cpp:1855 /dev/video1[200:cap]: Dequeuing buffer 0
[0:02:31.528048370] [3568] DEBUG V4L2Compat v4l2_camera_proxy.cpp:691 [/dev/video1 (fd:205)] vidioc_dqbuf()
[0:02:31.541383878] [3568] DEBUG V4L2Compat v4l2_camera_proxy.cpp:659 [/dev/video1 (fd:205)] vidioc_qbuf(index=0)
[0:02:31.542320072] [3565] DEBUG V4L2 v4l2_videodevice.cpp:1783 /dev/video1[200:cap]: Queueing buffer 0
[0:02:31.560437330] [3565] DEBUG V4L2 v4l2_videodevice.cpp:1855 /dev/video1[200:cap]: Dequeuing buffer 1
[0:02:31.561511091] [3568] DEBUG V4L2Compat v4l2_camera_proxy.cpp:691 [/dev/video1 (fd:205)] vidioc_dqbuf()
[0:02:31.576587784] [3568] DEBUG V4L2Compat v4l2_camera_proxy.cpp:659 [/dev/video1 (fd:205)] vidioc_qbuf(index=1)
[0:02:31.577607356] [3565] DEBUG V4L2 v4l2_videodevice.cpp:1783 /dev/video1[200:cap]: Queueing buffer 1
[0:02:31.593805461] [3565] DEBUG V4L2 v4l2_videodevice.cpp:1855 /dev/video1[200:cap]: Dequeuing buffer 2
[0:02:31.594438762] [3568] DEBUG V4L2Compat v4l2_camera_proxy.cpp:691 [/dev/video1 (fd:205)] vidioc_dqbuf()
[0:02:31.601527987] [3568] DEBUG V4L2Compat v4l2_camera_proxy.cpp:659 [/dev/video1 (fd:205)] vidioc_qbuf(index=2)
[0:02:31.602512933] [3565] DEBUG V4L2 v4l2_videodevice.cpp:1783 /dev/video1[200:cap]: Queueing buffer 2
[0:02:31.627071865] [3565] DEBUG V4L2 v4l2_videodevice.cpp:1855 /dev/video1[200:cap]: Dequeuing buffer 3
[0:02:31.627727516] [3568] DEBUG V4L2Compat v4l2_camera_proxy.cpp:691 [/dev/video1 (fd:205)] vidioc_dqbuf()
[0:02:31.636115493] [3568] DEBUG V4L2Compat v4l2_camera_proxy.cpp:659 [/dev/video1 (fd:205)] vidioc_qbuf(index=3)
[0:02:31.636969374] [3565] DEBUG V4L2 v4l2_videodevice.cpp:1783 /dev/video1[200:cap]: Queueing buffer 3
[0:02:31.660171577] [3565] DEBUG V4L2 v4l2_videodevice.cpp:1855 /dev/video1[200:cap]: Dequeuing buffer 0
[0:02:31.660747939] [3568] DEBUG V4L2Compat v4l2_camera_proxy.cpp:691 [/dev/video1 (fd:205)] vidioc_dqbuf()
[0:02:31.678149970] [3568] DEBUG V4L2Compat v4l2_camera_proxy.cpp:659 [/dev/video1 (fd:205)] vidioc_qbuf(index=0)
[0:02:31.679108515] [3565] DEBUG V4L2 v4l2_videodevice.cpp:1783 /dev/video1[200:cap]: Queueing buffer 0
[0:02:31.694403876] [3565] DEBUG V4L2 v4l2_videodevice.cpp:1855 /dev/video1[200:cap]: Dequeuing buffer 1
[0:02:31.695120479] [3568] DEBUG V4L2Compat v4l2_camera_proxy.cpp:691 [/dev/video1 (fd:205)] vidioc_dqbuf()
[0:02:31.710926950] [3568] DEBUG V4L2Compat v4l2_camera_proxy.cpp:659 [/dev/video1 (fd:205)] vidioc_qbuf(index=1)
[0:02:31.712575973] [3565] DEBUG V4L2 v4l2_videodevice.cpp:1783 /dev/video1[200:cap]: Queueing buffer 1
[0:02:31.726728697] [3565] DEBUG V4L2 v4l2_videodevice.cpp:1855 /dev/video1[200:cap]: Dequeuing buffer 2
[0:02:31.727200907] [3568] DEBUG V4L2Compat v4l2_camera_proxy.cpp:691 [/dev/video1 (fd:205)] vidioc_dqbuf()
[0:02:31.738392469] [3568] DEBUG V4L2Compat v4l2_camera_proxy.cpp:659 [/dev/video1 (fd:205)] vidioc_qbuf(index=2)
[0:02:31.739181123] [3565] DEBUG V4L2 v4l2_videodevice.cpp:1783 /dev/video1[200:cap]: Queueing buffer 2
[0:02:31.760093603] [3565] DEBUG V4L2 v4l2_videodevice.cpp:1855 /dev/video1[200:cap]: Dequeuing buffer 3
[0:02:31.760684840] [3568] DEBUG V4L2Compat v4l2_camera_proxy.cpp:691 [/dev/video1 (fd:205)] vidioc_dqbuf()
[0:02:31.774192601] [3568] DEBUG V4L2Compat v4l2_camera_proxy.cpp:659 [/dev/video1 (fd:205)] vidioc_qbuf(index=3)
[0:02:31.775076970] [3565] DEBUG V4L2 v4l2_videodevice.cpp:1783 /dev/video1[200:cap]: Queueing buffer 3
[0:02:31.793083575] [3565] DEBUG V4L2 v4l2_videodevice.cpp:1855 /dev/video1[200:cap]: Dequeuing buffer 0
[0:02:31.793528960] [3568] DEBUG V4L2Compat v4l2_camera_proxy.cpp:691 [/dev/video1 (fd:205)] vidioc_dqbuf()
[0:02:31.793628974] [3568] DEBUG V4L2Compat v4l2_camera_proxy.cpp:691 [/dev/video1 (fd:205)] vidioc_dqbuf()
[0:02:31.793691901] [3568] DEBUG V4L2Compat v4l2_camera_proxy.cpp:691 [/dev/video1 (fd:205)] vidioc_dqbuf()
[0:02:31.793754052] [3568] DEBUG V4L2Compat v4l2_camera_proxy.cpp:691 [/dev/video1 (fd:205)] vidioc_dqbuf()
[0:02:31.793816341] [3568] DEBUG V4L2Compat v4l2_camera_proxy.cpp:691 [/dev/video1 (fd:205)] vidioc_dqbuf()
[0:02:31.793915680] [3568] DEBUG V4L2Compat v4l2_camera_proxy.cpp:691 [/dev/video1 (fd:205)] vidioc_dqbuf()
[0:02:31.793978632] [3568] DEBUG V4L2Compat v4l2_camera_proxy.cpp:691 [/dev/video1 (fd:205)] vidioc_dqbuf()
[0:02:31.794075659] [3568] DEBUG V4L2Compat v4l2_camera_proxy.cpp:691 [/dev/video1 (fd:205)] vidioc_dqbuf()
[0:02:31.794138323] [3568] DEBUG V4L2Compat v4l2_camera_proxy.cpp:691 [/dev/video1 (fd:205)] vidioc_dqbuf()
[0:02:31.802374597] [3568] DEBUG V4L2Compat v4l2_camera_proxy.cpp:659 [/dev/video1 (fd:205)] vidioc_qbuf(index=0)
[0:02:31.803805490] [3565] DEBUG V4L2 v4l2_videodevice.cpp:1783 /dev/video1[200:cap]: Queueing buffer 0
[0:02:31.826151400] [3565] DEBUG V4L2 v4l2_videodevice.cpp:1855 /dev/video1[200:cap]: Dequeuing buffer 1
[0:02:31.826614297] [3568] DEBUG V4L2Compat v4l2_camera_proxy.cpp:691 [/dev/video1 (fd:205)] vidioc_dqbuf()
[0:02:31.835225542] [3568] DEBUG V4L2Compat v4l2_camera_proxy.cpp:659 [/dev/video1 (fd:205)] vidioc_qbuf(index=1)
[0:02:31.835951344] [3565] DEBUG V4L2 v4l2_videodevice.cpp:1783 /dev/video1[200:cap]: Queueing buffer 1
[0:02:31.859356277] [3565] DEBUG V4L2 v4l2_videodevice.cpp:1855 /dev/video1[200:cap]: Dequeuing buffer 2
[0:02:31.859867250] [3568] DEBUG V4L2Compat v4l2_camera_proxy.cpp:691 [/dev/video1 (fd:205)] vidioc_dqbuf()
[0:02:31.869320875] [3568] DEBUG V4L2Compat v4l2_camera_proxy.cpp:659 [/dev/video1 (fd:205)] vidioc_qbuf(index=2)
[0:02:31.870952197] [3565] DEBUG V4L2 v4l2_videodevice.cpp:1783 /dev/video1[200:cap]: Queueing buffer 2
[0:02:31.892885211] [3565] DEBUG V4L2 v4l2_videodevice.cpp:1855 /dev/video1[200:cap]: Dequeuing buffer 3
[0:02:31.893599189] [3568] DEBUG V4L2Compat v4l2_camera_proxy.cpp:691 [/dev/video1 (fd:205)] vidioc_dqbuf()
[0:02:31.904629797] [3568] DEBUG V4L2Compat v4l2_camera_proxy.cpp:659 [/dev/video1 (fd:205)] vidioc_qbuf(index=3)
[0:02:31.905311911] [3565] DEBUG V4L2 v4l2_videodevice.cpp:1783 /dev/video1[200:cap]: Queueing buffer 3
[0:02:31.925719305] [3565] DEBUG V4L2 v4l2_videodevice.cpp:1855 /dev/video1[200:cap]: Dequeuing buffer 0
[0:02:31.926133302] [3568] DEBUG V4L2Compat v4l2_camera_proxy.cpp:691 [/dev/video1 (fd:205)] vidioc_dqbuf()
[0:02:31.938253183] [3568] DEBUG V4L2Compat v4l2_camera_proxy.cpp:659 [/dev/video1 (fd:205)] vidioc_qbuf(index=0)
[0:02:31.940238862] [3565] DEBUG V4L2 v4l2_videodevice.cpp:1783 /dev/video1[200:cap]: Queueing buffer 0
[0:02:31.958998309] [3565] DEBUG V4L2 v4l2_videodevice.cpp:1855 /dev/video1[200:cap]: Dequeuing buffer 1
[0:02:31.960581168] [3568] DEBUG V4L2Compat v4l2_camera_proxy.cpp:691 [/dev/video1 (fd:205)] vidioc_dqbuf()
[0:02:31.970168495] [3568] DEBUG V4L2Compat v4l2_camera_proxy.cpp:659 [/dev/video1 (fd:205)] vidioc_qbuf(index=1)
[0:02:31.970838734] [3565] DEBUG V4L2 v4l2_videodevice.cpp:1783 /dev/video1[200:cap]: Queueing buffer 1
[0:02:31.992159310] [3565] DEBUG V4L2 v4l2_videodevice.cpp:1855 /dev/video1[200:cap]: Dequeuing buffer 2
[0:02:31.992564069] [3568] DEBUG V4L2Compat v4l2_camera_proxy.cpp:691 [/dev/video1 (fd:205)] vidioc_dqbuf()
[0:02:31.998593696] [3568] DEBUG V4L2Compat v4l2_camera_proxy.cpp:659 [/dev/video1 (fd:205)] vidioc_qbuf(index=2)
[0:02:31.999188659] [3565] DEBUG V4L2 v4l2_videodevice.cpp:1783 /dev/video1[200:cap]: Queueing buffer 2
[0:02:32.025412064] [3565] DEBUG V4L2 v4l2_videodevice.cpp:1855 /dev/video1[200:cap]: Dequeuing buffer 3
[0:02:32.025768696] [3568] DEBUG V4L2Compat v4l2_camera_proxy.cpp:691 [/dev/video1 (fd:205)] vidioc_dqbuf()
[0:02:32.037241601] [3568] DEBUG V4L2Compat v4l2_camera_proxy.cpp:659 [/dev/video1 (fd:205)] vidioc_qbuf(index=3)
[0:02:32.037843514] [3565] DEBUG V4L2 v4l2_videodevice.cpp:1783 /dev/video1[200:cap]: Queueing buffer 3
[0:02:32.058642991] [3565] DEBUG V4L2 v4l2_videodevice.cpp:1855 /dev/video1[200:cap]: Dequeuing buffer 0
[0:02:32.059097588] [3568] DEBUG V4L2Compat v4l2_camera_proxy.cpp:691 [/dev/video1 (fd:205)] vidioc_dqbuf()
[0:02:32.070202311] [3568] DEBUG V4L2Compat v4l2_camera_proxy.cpp:659 [/dev/video1 (fd:205)] vidioc_qbuf(index=0)
[0:02:32.072536873] [3565] DEBUG V4L2 v4l2_videodevice.cpp:1783 /dev/video1[200:cap]: Queueing buffer 0
[0:02:32.092188276] [3565] DEBUG V4L2 v4l2_videodevice.cpp:1855 /dev/video1[200:cap]: Dequeuing buffer 1
[0:02:32.092652098] [3568] DEBUG V4L2Compat v4l2_camera_proxy.cpp:691 [/dev/video1 (fd:205)] vidioc_dqbuf()
[0:02:32.104366383] [3568] DEBUG V4L2Compat v4l2_camera_proxy.cpp:659 [/dev/video1 (fd:205)] vidioc_qbuf(index=1)
[0:02:32.105092836] [3565] DEBUG V4L2 v4l2_videodevice.cpp:1783 /dev/video1[200:cap]: Queueing buffer 1
[0:02:32.125198449] [3565] DEBUG V4L2 v4l2_videodevice.cpp:1855 /dev/video1[200:cap]: Dequeuing buffer 2
[0:02:32.126097130] [3568] DEBUG V4L2Compat v4l2_camera_proxy.cpp:691 [/dev/video1 (fd:205)] vidioc_dqbuf()
[0:02:32.137673038] [3568] DEBUG V4L2Compat v4l2_camera_proxy.cpp:659 [/dev/video1 (fd:205)] vidioc_qbuf(index=2)
[0:02:32.139413212] [3565] DEBUG V4L2 v4l2_videodevice.cpp:1783 /dev/video1[200:cap]: Queueing buffer 2
[0:02:32.158322137] [3565] DEBUG V4L2 v4l2_videodevice.cpp:1855 /dev/video1[200:cap]: Dequeuing buffer 3
[0:02:32.158839660] [3568] DEBUG V4L2Compat v4l2_camera_proxy.cpp:691 [/dev/video1 (fd:205)] vidioc_dqbuf()
[0:02:32.169973871] [3568] DEBUG V4L2Compat v4l2_camera_proxy.cpp:659 [/dev/video1 (fd:205)] vidioc_qbuf(index=3)
[0:02:32.171395051] [3565] DEBUG V4L2 v4l2_videodevice.cpp:1783 /dev/video1[200:cap]: Queueing buffer 3
[0:02:32.191445175] [3565] DEBUG V4L2 v4l2_videodevice.cpp:1855 /dev/video1[200:cap]: Dequeuing buffer 0
[0:02:32.191850696] [3568] DEBUG V4L2Compat v4l2_camera_proxy.cpp:691 [/dev/video1 (fd:205)] vidioc_dqbuf()
[0:02:32.204531577] [3568] DEBUG V4L2Compat v4l2_camera_proxy.cpp:659 [/dev/video1 (fd:205)] vidioc_qbuf(index=0)
[0:02:32.205522460] [3565] DEBUG V4L2 v4l2_videodevice.cpp:1783 /dev/video1[200:cap]: Queueing buffer 0
[0:02:32.224610939] [3565] DEBUG V4L2 v4l2_videodevice.cpp:1855 /dev/video1[200:cap]: Dequeuing buffer 1
[0:02:32.224966109] [3568] DEBUG V4L2Compat v4l2_camera_proxy.cpp:691 [/dev/video1 (fd:205)] vidioc_dqbuf()
[0:02:32.231114739] [3568] DEBUG V4L2Compat v4l2_camera_proxy.cpp:659 [/dev/video1 (fd:205)] vidioc_qbuf(index=1)
[0:02:32.232378753] [3565] DEBUG V4L2 v4l2_videodevice.cpp:1783 /dev/video1[200:cap]: Queueing buffer 1
[0:02:32.257928593] [3565] DEBUG V4L2 v4l2_videodevice.cpp:1855 /dev/video1[200:cap]: Dequeuing buffer 2
[0:02:32.258838500] [3568] DEBUG V4L2Compat v4l2_camera_proxy.cpp:691 [/dev/video1 (fd:205)] vidioc_dqbuf()
[0:02:32.267249190] [3568] DEBUG V4L2Compat v4l2_camera_proxy.cpp:659 [/dev/video1 (fd:205)] vidioc_qbuf(index=2)
[0:02:32.268058920] [3565] DEBUG V4L2 v4l2_videodevice.cpp:1783 /dev/video1[200:cap]: Queueing buffer 2
[0:02:32.291165784] [3565] DEBUG V4L2 v4l2_videodevice.cpp:1855 /dev/video1[200:cap]: Dequeuing buffer 3
[0:02:32.291557592] [3568] DEBUG V4L2Compat v4l2_camera_proxy.cpp:691 [/dev/video1 (fd:205)] vidioc_dqbuf()
[0:02:32.303524432] [3568] DEBUG V4L2Compat v4l2_camera_proxy.cpp:659 [/dev/video1 (fd:205)] vidioc_qbuf(index=3)
[0:02:32.304837885] [3565] DEBUG V4L2 v4l2_videodevice.cpp:1783 /dev/video1[200:cap]: Queueing buffer 3
[0:02:32.324259471] [3565] DEBUG V4L2 v4l2_videodevice.cpp:1855 /dev/video1[200:cap]: Dequeuing buffer 0
[0:02:32.324643291] [3568] DEBUG V4L2Compat v4l2_camera_proxy.cpp:691 [/dev/video1 (fd:205)] vidioc_dqbuf()
[0:02:32.333821886] [3568] DEBUG V4L2Compat v4l2_camera_proxy.cpp:659 [/dev/video1 (fd:205)] vidioc_qbuf(index=0)
[0:02:32.338284618] [3565] DEBUG V4L2 v4l2_videodevice.cpp:1783 /dev/video1[200:cap]: Queueing buffer 0
[0:02:32.357498611] [3565] DEBUG V4L2 v4l2_videodevice.cpp:1855 /dev/video1[200:cap]: Dequeuing buffer 1
[0:02:32.357888370] [3568] DEBUG V4L2Compat v4l2_camera_proxy.cpp:691 [/dev/video1 (fd:205)] vidioc_dqbuf()
[0:02:32.366521840] [3568] DEBUG V4L2Compat v4l2_camera_proxy.cpp:659 [/dev/video1 (fd:205)] vidioc_qbuf(index=1)
[0:02:32.367993558] [3565] DEBUG V4L2 v4l2_videodevice.cpp:1783 /dev/video1[200:cap]: Queueing buffer 1
[0:02:32.390826866] [3565] DEBUG V4L2 v4l2_videodevice.cpp:1855 /dev/video1[200:cap]: Dequeuing buffer 2
[0:02:32.391235400] [3568] DEBUG V4L2Compat v4l2_camera_proxy.cpp:691 [/dev/video1 (fd:205)] vidioc_dqbuf()
[0:02:32.403712664] [3568] DEBUG V4L2Compat v4l2_camera_proxy.cpp:659 [/dev/video1 (fd:205)] vidioc_qbuf(index=2)
[0:02:32.404542056] [3565] DEBUG V4L2 v4l2_videodevice.cpp:1783 /dev/video1[200:cap]: Queueing buffer 2
[0:02:32.423904291] [3565] DEBUG V4L2 v4l2_videodevice.cpp:1855 /dev/video1[200:cap]: Dequeuing buffer 3
[0:02:32.424314399] [3568] DEBUG V4L2Compat v4l2_camera_proxy.cpp:691 [/dev/video1 (fd:205)] vidioc_dqbuf()
[0:02:32.431465376] [3568] DEBUG V4L2Compat v4l2_camera_proxy.cpp:659 [/dev/video1 (fd:205)] vidioc_qbuf(index=3)
[0:02:32.432125152] [3565] DEBUG V4L2 v4l2_videodevice.cpp:1783 /dev/video1[200:cap]: Queueing buffer 3
[0:02:32.457167032] [3565] DEBUG V4L2 v4l2_videodevice.cpp:1855 /dev/video1[200:cap]: Dequeuing buffer 0
[0:02:32.458471884] [3568] DEBUG V4L2Compat v4l2_camera_proxy.cpp:691 [/dev/video1 (fd:205)] vidioc_dqbuf()
[0:02:32.466851174] [3568] DEBUG V4L2Compat v4l2_camera_proxy.cpp:659 [/dev/video1 (fd:205)] vidioc_qbuf(index=0)
[0:02:32.468259016] [3565] DEBUG V4L2 v4l2_videodevice.cpp:1783 /dev/video1[200:cap]: Queueing buffer 0
[0:02:32.490498961] [3565] DEBUG V4L2 v4l2_videodevice.cpp:1855 /dev/video1[200:cap]: Dequeuing buffer 1
[0:02:32.490860969] [3568] DEBUG V4L2Compat v4l2_camera_proxy.cpp:691 [/dev/video1 (fd:205)] vidioc_dqbuf()
[0:02:32.499617867] [3568] DEBUG V4L2Compat v4l2_camera_proxy.cpp:659 [/dev/video1 (fd:205)] vidioc_qbuf(index=1)
[0:02:32.500423334] [3565] DEBUG V4L2 v4l2_videodevice.cpp:1783 /dev/video1[200:cap]: Queueing buffer 1
[0:02:32.523794166] [3565] DEBUG V4L2 v4l2_videodevice.cpp:1855 /dev/video1[200:cap]: Dequeuing buffer 2
[0:02:32.525487989] [3568] DEBUG V4L2Compat v4l2_camera_proxy.cpp:691 [/dev/video1 (fd:205)] vidioc_dqbuf()
[0:02:32.535419049] [3568] DEBUG V4L2Compat v4l2_camera_proxy.cpp:659 [/dev/video1 (fd:205)] vidioc_qbuf(index=2)
[0:02:32.539149440] [3565] DEBUG V4L2 v4l2_videodevice.cpp:1783 /dev/video1[200:cap]: Queueing buffer 2
[0:02:32.557299087] [3565] DEBUG V4L2 v4l2_videodevice.cpp:1855 /dev/video1[200:cap]: Dequeuing buffer 3
[0:02:32.559147838] [3568] DEBUG V4L2Compat v4l2_camera_proxy.cpp:691 [/dev/video1 (fd:205)] vidioc_dqbuf()
[0:02:32.568980746] [3568] DEBUG V4L2Compat v4l2_camera_proxy.cpp:659 [/dev/video1 (fd:205)] vidioc_qbuf(index=3)
[0:02:32.572540159] [3565] DEBUG V4L2 v4l2_videodevice.cpp:1783 /dev/video1[200:cap]: Queueing buffer 3
[0:02:32.590325248] [3565] DEBUG V4L2 v4l2_videodevice.cpp:1855 /dev/video1[200:cap]: Dequeuing buffer 0
[0:02:32.590703868] [3568] DEBUG V4L2Compat v4l2_camera_proxy.cpp:691 [/dev/video1 (fd:205)] vidioc_dqbuf()
[0:02:32.596909549] [3568] DEBUG V4L2Compat v4l2_camera_proxy.cpp:659 [/dev/video1 (fd:205)] vidioc_qbuf(index=0)
[0:02:32.599556893] [3565] DEBUG V4L2 v4l2_videodevice.cpp:1783 /dev/video1[200:cap]: Queueing buffer 0
[0:02:32.623326058] [3565] DEBUG V4L2 v4l2_videodevice.cpp:1855 /dev/video1[200:cap]: Dequeuing buffer 1
[0:02:32.623707716] [3568] DEBUG V4L2Compat v4l2_camera_proxy.cpp:691 [/dev/video1 (fd:205)] vidioc_dqbuf()
[0:02:32.632147645] [3568] DEBUG V4L2Compat v4l2_camera_proxy.cpp:659 [/dev/video1 (fd:205)] vidioc_qbuf(index=1)
[0:02:32.632960449] [3565] DEBUG V4L2 v4l2_videodevice.cpp:1783 /dev/video1[200:cap]: Queueing buffer 1
[0:02:32.656531485] [3565] DEBUG V4L2 v4l2_videodevice.cpp:1855 /dev/video1[200:cap]: Dequeuing buffer 2
[0:02:32.657236713] [3568] DEBUG V4L2Compat v4l2_camera_proxy.cpp:691 [/dev/video1 (fd:205)] vidioc_dqbuf()
[0:02:32.665544826] [3568] DEBUG V4L2Compat v4l2_camera_proxy.cpp:659 [/dev/video1 (fd:205)] vidioc_qbuf(index=2)
[0:02:32.666345180] [3565] DEBUG V4L2 v4l2_videodevice.cpp:1783 /dev/video1[200:cap]: Queueing buffer 2
[0:02:32.689597984] [3565] DEBUG V4L2 v4l2_videodevice.cpp:1855 /dev/video1[200:cap]: Dequeuing buffer 3
[0:02:32.689948417] [3568] DEBUG V4L2Compat v4l2_camera_proxy.cpp:691 [/dev/video1 (fd:205)] vidioc_dqbuf()
[0:02:32.698348870] [3568] DEBUG V4L2Compat v4l2_camera_proxy.cpp:659 [/dev/video1 (fd:205)] vidioc_qbuf(index=3)
[0:02:32.699308152] [3565] DEBUG V4L2 v4l2_videodevice.cpp:1783 /dev/video1[200:cap]: Queueing buffer 3
[0:02:32.722934677] [3565] DEBUG V4L2 v4l2_videodevice.cpp:1855 /dev/video1[200:cap]: Dequeuing buffer 0
[0:02:32.723523689] [3568] DEBUG V4L2Compat v4l2_camera_proxy.cpp:691 [/dev/video1 (fd:205)] vidioc_dqbuf()
[0:02:32.735240262] [3568] DEBUG V4L2Compat v4l2_camera_proxy.cpp:659 [/dev/video1 (fd:205)] vidioc_qbuf(index=0)
[0:02:32.736268796] [3565] DEBUG V4L2 v4l2_videodevice.cpp:1783 /dev/video1[200:cap]: Queueing buffer 0
[0:02:32.756170042] [3565] DEBUG V4L2 v4l2_videodevice.cpp:1855 /dev/video1[200:cap]: Dequeuing buffer 1
[0:02:32.756569176] [3568] DEBUG V4L2Compat v4l2_camera_proxy.cpp:691 [/dev/video1 (fd:205)] vidioc_dqbuf()
[0:02:32.763639138] [3568] DEBUG V4L2Compat v4l2_camera_proxy.cpp:659 [/dev/video1 (fd:205)] vidioc_qbuf(index=1)
[0:02:32.764309914] [3565] DEBUG V4L2 v4l2_videodevice.cpp:1783 /dev/video1[200:cap]: Queueing buffer 1
[0:02:32.789466759] [3565] DEBUG V4L2 v4l2_videodevice.cpp:1855 /dev/video1[200:cap]: Dequeuing buffer 2
[0:02:32.789829767] [3568] DEBUG V4L2Compat v4l2_camera_proxy.cpp:691 [/dev/video1 (fd:205)] vidioc_dqbuf()
[0:02:32.798315146] [3568] DEBUG V4L2Compat v4l2_camera_proxy.cpp:659 [/dev/video1 (fd:205)] vidioc_qbuf(index=2)
[0:02:32.801308659] [3565] DEBUG V4L2 v4l2_videodevice.cpp:1783 /dev/video1[200:cap]: Queueing buffer 2
[0:02:32.822729362] [3565] DEBUG V4L2 v4l2_videodevice.cpp:1855 /dev/video1[200:cap]: Dequeuing buffer 3
[0:02:32.823124596] [3568] DEBUG V4L2Compat v4l2_camera_proxy.cpp:691 [/dev/video1 (fd:205)] vidioc_dqbuf()
[0:02:32.832158312] [3568] DEBUG V4L2Compat v4l2_camera_proxy.cpp:659 [/dev/video1 (fd:205)] vidioc_qbuf(index=3)
[0:02:32.833361412] [3565] DEBUG V4L2 v4l2_videodevice.cpp:1783 /dev/video1[200:cap]: Queueing buffer 3
[0:02:32.855887139] [3565] DEBUG V4L2 v4l2_videodevice.cpp:1855 /dev/video1[200:cap]: Dequeuing buffer 0
[0:02:32.856379349] [3568] DEBUG V4L2Compat v4l2_camera_proxy.cpp:691 [/dev/video1 (fd:205)] vidioc_dqbuf()
[0:02:32.866797269] [3568] DEBUG V4L2Compat v4l2_camera_proxy.cpp:659 [/dev/video1 (fd:205)] vidioc_qbuf(index=0)
[0:02:32.869327423] [3565] DEBUG V4L2 v4l2_videodevice.cpp:1783 /dev/video1[200:cap]: Queueing buffer 0
[0:02:32.889121529] [3565] DEBUG V4L2 v4l2_videodevice.cpp:1855 /dev/video1[200:cap]: Dequeuing buffer 1
[0:02:32.889504624] [3568] DEBUG V4L2Compat v4l2_camera_proxy.cpp:691 [/dev/video1 (fd:205)] vidioc_dqbuf()
[0:02:32.901579130] [3568] DEBUG V4L2Compat v4l2_camera_proxy.cpp:659 [/dev/video1 (fd:205)] vidioc_qbuf(index=1)
[0:02:32.902880057] [3565] DEBUG V4L2 v4l2_videodevice.cpp:1783 /dev/video1[200:cap]: Queueing buffer 1
[0:02:32.922233979] [3565] DEBUG V4L2 v4l2_videodevice.cpp:1855 /dev/video1[200:cap]: Dequeuing buffer 2
[0:02:32.922612375] [3568] DEBUG V4L2Compat v4l2_camera_proxy.cpp:691 [/dev/video1 (fd:205)] vidioc_dqbuf()
[0:02:32.930811348] [3568] DEBUG V4L2Compat v4l2_camera_proxy.cpp:659 [/dev/video1 (fd:205)] vidioc_qbuf(index=2)
[0:02:32.931533651] [3565] DEBUG V4L2 v4l2_videodevice.cpp:1783 /dev/video1[200:cap]: Queueing buffer 2
[0:02:32.955344292] [3565] DEBUG V4L2 v4l2_videodevice.cpp:1855 /dev/video1[200:cap]: Dequeuing buffer 3
[0:02:32.959094459] [3568] DEBUG V4L2Compat v4l2_camera_proxy.cpp:691 [/dev/video1 (fd:205)] vidioc_dqbuf()
[0:02:32.968447569] [3568] DEBUG V4L2Compat v4l2_camera_proxy.cpp:659 [/dev/video1 (fd:205)] vidioc_qbuf(index=3)
[0:02:32.969330975] [3565] DEBUG V4L2 v4l2_videodevice.cpp:1783 /dev/video1[200:cap]: Queueing buffer 3
[0:02:32.988675584] [3565] DEBUG V4L2 v4l2_videodevice.cpp:1855 /dev/video1[200:cap]: Dequeuing buffer 0
[0:02:32.989411900] [3568] DEBUG V4L2Compat v4l2_camera_proxy.cpp:691 [/dev/video1 (fd:205)] vidioc_dqbuf()
[0:02:32.996879633] [3568] DEBUG V4L2Compat v4l2_camera_proxy.cpp:659 [/dev/video1 (fd:205)] vidioc_qbuf(index=0)
[0:02:32.997626311] [3565] DEBUG V4L2 v4l2_videodevice.cpp:1783 /dev/video1[200:cap]: Queueing buffer 0
[0:02:33.021860498] [3565] DEBUG V4L2 v4l2_videodevice.cpp:1855 /dev/video1[200:cap]: Dequeuing buffer 1
[0:02:33.022643178] [3568] DEBUG V4L2Compat v4l2_camera_proxy.cpp:691 [/dev/video1 (fd:205)] vidioc_dqbuf()
[0:02:33.033391867] [3568] DEBUG V4L2Compat v4l2_camera_proxy.cpp:659 [/dev/video1 (fd:205)] vidioc_qbuf(index=1)
[0:02:33.034091070] [3565] DEBUG V4L2 v4l2_videodevice.cpp:1783 /dev/video1[200:cap]: Queueing buffer 1
[0:02:33.055355132] [3565] DEBUG V4L2 v4l2_videodevice.cpp:1855 /dev/video1[200:cap]: Dequeuing buffer 2
[0:02:33.055730777] [3568] DEBUG V4L2Compat v4l2_camera_proxy.cpp:691 [/dev/video1 (fd:205)] vidioc_dqbuf()
[0:02:33.065755689] [3568] DEBUG V4L2Compat v4l2_camera_proxy.cpp:659 [/dev/video1 (fd:205)] vidioc_qbuf(index=2)
[0:02:33.066903301] [3565] DEBUG V4L2 v4l2_videodevice.cpp:1783 /dev/video1[200:cap]: Queueing buffer 2
[0:02:33.088401443] [3565] DEBUG V4L2 v4l2_videodevice.cpp:1855 /dev/video1[200:cap]: Dequeuing buffer 3
[0:02:33.088777026] [3568] DEBUG V4L2Compat v4l2_camera_proxy.cpp:691 [/dev/video1 (fd:205)] vidioc_dqbuf()
[0:02:33.098973429] [3568] DEBUG V4L2Compat v4l2_camera_proxy.cpp:659 [/dev/video1 (fd:205)] vidioc_qbuf(index=3)
[0:02:33.099675069] [3565] DEBUG V4L2 v4l2_videodevice.cpp:1783 /dev/video1[200:cap]: Queueing buffer 3
[0:02:33.121664084] [3565] DEBUG V4L2 v4l2_videodevice.cpp:1855 /dev/video1[200:cap]: Dequeuing buffer 0
[0:02:33.122268684] [3568] DEBUG V4L2Compat v4l2_camera_proxy.cpp:691 [/dev/video1 (fd:205)] vidioc_dqbuf()
[0:02:33.130820853] [3568] DEBUG V4L2Compat v4l2_camera_proxy.cpp:659 [/dev/video1 (fd:205)] vidioc_qbuf(index=0)
[0:02:33.132502613] [3565] DEBUG V4L2 v4l2_videodevice.cpp:1783 /dev/video1[200:cap]: Queueing buffer 0
[0:02:33.154984951] [3565] DEBUG V4L2 v4l2_videodevice.cpp:1855 /dev/video1[200:cap]: Dequeuing buffer 1
[0:02:33.155409423] [3568] DEBUG V4L2Compat v4l2_camera_proxy.cpp:691 [/dev/video1 (fd:205)] vidioc_dqbuf()
[0:02:33.164769908] [3568] DEBUG V4L2Compat v4l2_camera_proxy.cpp:659 [/dev/video1 (fd:205)] vidioc_qbuf(index=1)
[0:02:33.167333725] [3565] DEBUG V4L2 v4l2_videodevice.cpp:1783 /dev/video1[200:cap]: Queueing buffer 1
[0:02:33.188093964] [3565] DEBUG V4L2 v4l2_videodevice.cpp:1855 /dev/video1[200:cap]: Dequeuing buffer 2
[0:02:33.188542623] [3568] DEBUG V4L2Compat v4l2_camera_proxy.cpp:691 [/dev/video1 (fd:205)] vidioc_dqbuf()
[0:02:33.201069788] [3568] DEBUG V4L2Compat v4l2_camera_proxy.cpp:659 [/dev/video1 (fd:205)] vidioc_qbuf(index=2)
[0:02:33.201786291] [3565] DEBUG V4L2 v4l2_videodevice.cpp:1783 /dev/video1[200:cap]: Queueing buffer 2
[0:02:33.221688437] [3565] DEBUG V4L2 v4l2_videodevice.cpp:1855 /dev/video1[200:cap]: Dequeuing buffer 3
[0:02:33.223181694] [3568] DEBUG V4L2Compat v4l2_camera_proxy.cpp:691 [/dev/video1 (fd:205)] vidioc_dqbuf()
[0:02:33.233160805] [3568] DEBUG V4L2Compat v4l2_camera_proxy.cpp:659 [/dev/video1 (fd:205)] vidioc_qbuf(index=3)
[0:02:33.234062236] [3565] DEBUG V4L2 v4l2_videodevice.cpp:1783 /dev/video1[200:cap]: Queueing buffer 3
[0:02:33.254628646] [3565] DEBUG V4L2 v4l2_videodevice.cpp:1855 /dev/video1[200:cap]: Dequeuing buffer 0
[0:02:33.255441488] [3568] DEBUG V4L2Compat v4l2_camera_proxy.cpp:691 [/dev/video1 (fd:205)] vidioc_dqbuf()
[0:02:33.264384990] [3568] DEBUG V4L2Compat v4l2_camera_proxy.cpp:659 [/dev/video1 (fd:205)] vidioc_qbuf(index=0)
[0:02:33.265142343] [3565] DEBUG V4L2 v4l2_videodevice.cpp:1783 /dev/video1[200:cap]: Queueing buffer 0
[0:02:33.287640144] [3565] DEBUG V4L2 v4l2_videodevice.cpp:1855 /dev/video1[200:cap]: Dequeuing buffer 1
[0:02:33.288342046] [3568] DEBUG V4L2Compat v4l2_camera_proxy.cpp:691 [/dev/video1 (fd:205)] vidioc_dqbuf()
[0:02:33.299659898] [3568] DEBUG V4L2Compat v4l2_camera_proxy.cpp:659 [/dev/video1 (fd:205)] vidioc_qbuf(index=1)
[0:02:33.300439677] [3565] DEBUG V4L2 v4l2_videodevice.cpp:1783 /dev/video1[200:cap]: Queueing buffer 1
[0:02:33.320646917] [3565] DEBUG V4L2 v4l2_videodevice.cpp:1855 /dev/video1[200:cap]: Dequeuing buffer 2
[0:02:33.321095989] [3568] DEBUG V4L2Compat v4l2_camera_proxy.cpp:691 [/dev/video1 (fd:205)] vidioc_dqbuf()
[0:02:33.327535425] [3568] DEBUG V4L2Compat v4l2_camera_proxy.cpp:659 [/dev/video1 (fd:205)] vidioc_qbuf(index=2)
[0:02:33.328323967] [3565] DEBUG V4L2 v4l2_videodevice.cpp:1783 /dev/video1[200:cap]: Queueing buffer 2
[0:02:33.353909696] [3565] DEBUG V4L2 v4l2_videodevice.cpp:1855 /dev/video1[200:cap]: Dequeuing buffer 3
[0:02:33.354384068] [3568] DEBUG V4L2Compat v4l2_camera_proxy.cpp:691 [/dev/video1 (fd:205)] vidioc_dqbuf()
[0:02:33.365344200] [3568] DEBUG V4L2Compat v4l2_camera_proxy.cpp:659 [/dev/video1 (fd:205)] vidioc_qbuf(index=3)
[0:02:33.366122429] [3565] DEBUG V4L2 v4l2_videodevice.cpp:1783 /dev/video1[200:cap]: Queueing buffer 3
[0:02:33.387452917] [3565] DEBUG V4L2 v4l2_videodevice.cpp:1855 /dev/video1[200:cap]: Dequeuing buffer 0
[0:02:33.387877451] [3568] DEBUG V4L2Compat v4l2_camera_proxy.cpp:691 [/dev/video1 (fd:205)] vidioc_dqbuf()
[0:02:33.398823958] [3568] DEBUG V4L2Compat v4l2_camera_proxy.cpp:659 [/dev/video1 (fd:205)] vidioc_qbuf(index=0)
[0:02:33.399792216] [3565] DEBUG V4L2 v4l2_videodevice.cpp:1783 /dev/video1[200:cap]: Queueing buffer 0
[0:02:33.420396714] [3565] DEBUG V4L2 v4l2_videodevice.cpp:1855 /dev/video1[200:cap]: Dequeuing buffer 1
[0:02:33.420786710] [3568] DEBUG V4L2Compat v4l2_camera_proxy.cpp:691 [/dev/video1 (fd:205)] vidioc_dqbuf()
[0:02:33.431516112] [3568] DEBUG V4L2Compat v4l2_camera_proxy.cpp:659 [/dev/video1 (fd:205)] vidioc_qbuf(index=1)
[0:02:33.432721662] [3565] DEBUG V4L2 v4l2_videodevice.cpp:1783 /dev/video1[200:cap]: Queueing buffer 1
[0:02:33.453727806] [3565] DEBUG V4L2 v4l2_videodevice.cpp:1855 /dev/video1[200:cap]: Dequeuing buffer 2
[0:02:33.455070747] [3568] DEBUG V4L2Compat v4l2_camera_proxy.cpp:691 [/dev/video1 (fd:205)] vidioc_dqbuf()
[0:02:33.467745115] [3568] DEBUG V4L2Compat v4l2_camera_proxy.cpp:659 [/dev/video1 (fd:205)] vidioc_qbuf(index=2)
[0:02:33.469190521] [3565] DEBUG V4L2 v4l2_videodevice.cpp:1783 /dev/video1[200:cap]: Queueing buffer 2
[0:02:33.486836319] [3565] DEBUG V4L2 v4l2_videodevice.cpp:1855 /dev/video1[200:cap]: Dequeuing buffer 3
[0:02:33.487279016] [3568] DEBUG V4L2Compat v4l2_camera_proxy.cpp:691 [/dev/video1 (fd:205)] vidioc_dqbuf()
[0:02:33.498825135] [3568] DEBUG V4L2Compat v4l2_camera_proxy.cpp:659 [/dev/video1 (fd:205)] vidioc_qbuf(index=3)
[0:02:33.499900133] [3565] DEBUG V4L2 v4l2_videodevice.cpp:1783 /dev/video1[200:cap]: Queueing buffer 3
[0:02:33.520103923] [3565] DEBUG V4L2 v4l2_videodevice.cpp:1855 /dev/video1[200:cap]: Dequeuing buffer 0
[0:02:33.520531769] [3568] DEBUG V4L2Compat v4l2_camera_proxy.cpp:691 [/dev/video1 (fd:205)] vidioc_dqbuf()
[0:02:33.533358253] [3568] DEBUG V4L2Compat v4l2_camera_proxy.cpp:659 [/dev/video1 (fd:205)] vidioc_qbuf(index=0)
[0:02:33.534750557] [3565] DEBUG V4L2 v4l2_videodevice.cpp:1783 /dev/video1[200:cap]: Queueing buffer 0
[0:02:33.553339163] [3565] DEBUG V4L2 v4l2_videodevice.cpp:1855 /dev/video1[200:cap]: Dequeuing buffer 1
[0:02:33.553734459] [3568] DEBUG V4L2Compat v4l2_camera_proxy.cpp:691 [/dev/video1 (fd:205)] vidioc_dqbuf()
[0:02:33.561746703] [3568] DEBUG V4L2Compat v4l2_camera_proxy.cpp:659 [/dev/video1 (fd:205)] vidioc_qbuf(index=1)
[0:02:33.562708411] [3565] DEBUG V4L2 v4l2_videodevice.cpp:1783 /dev/video1[200:cap]: Queueing buffer 1
[0:02:33.586643855] [3565] DEBUG V4L2 v4l2_videodevice.cpp:1855 /dev/video1[200:cap]: Dequeuing buffer 2
[0:02:33.587802479] [3568] DEBUG V4L2Compat v4l2_camera_proxy.cpp:691 [/dev/video1 (fd:205)] vidioc_dqbuf()
[0:02:33.602142245] [3568] DEBUG V4L2Compat v4l2_camera_proxy.cpp:659 [/dev/video1 (fd:205)] vidioc_qbuf(index=2)
[0:02:33.602921099] [3565] DEBUG V4L2 v4l2_videodevice.cpp:1783 /dev/video1[200:cap]: Queueing buffer 2
[0:02:33.620225027] [3565] DEBUG V4L2 v4l2_videodevice.cpp:1855 /dev/video1[200:cap]: Dequeuing buffer 3
[0:02:33.620687100] [3568] DEBUG V4L2Compat v4l2_camera_proxy.cpp:691 [/dev/video1 (fd:205)] vidioc_dqbuf()
[0:02:33.634000381] [3568] DEBUG V4L2Compat v4l2_camera_proxy.cpp:659 [/dev/video1 (fd:205)] vidioc_qbuf(index=3)
[0:02:33.637668609] [3565] DEBUG V4L2 v4l2_videodevice.cpp:1783 /dev/video1[200:cap]: Queueing buffer 3
[0:02:33.653427292] [3565] DEBUG V4L2 v4l2_videodevice.cpp:1855 /dev/video1[200:cap]: Dequeuing buffer 0
[0:02:33.655467410] [3568] DEBUG V4L2Compat v4l2_camera_proxy.cpp:691 [/dev/video1 (fd:205)] vidioc_dqbuf()
[0:02:33.668635351] [3568] DEBUG V4L2Compat v4l2_camera_proxy.cpp:659 [/dev/video1 (fd:205)] vidioc_qbuf(index=0)
[0:02:33.669596622] [3565] DEBUG V4L2 v4l2_videodevice.cpp:1783 /dev/video1[200:cap]: Queueing buffer 0
[0:02:33.686334301] [3565] DEBUG V4L2 v4l2_videodevice.cpp:1855 /dev/video1[200:cap]: Dequeuing buffer 1
[0:02:33.686993677] [3568] DEBUG V4L2Compat v4l2_camera_proxy.cpp:691 [/dev/video1 (fd:205)] vidioc_dqbuf()
[0:02:33.695555971] [3568] DEBUG V4L2Compat v4l2_camera_proxy.cpp:659 [/dev/video1 (fd:205)] vidioc_qbuf(index=1)
[0:02:33.696308886] [3565] DEBUG V4L2 v4l2_videodevice.cpp:1783 /dev/video1[200:cap]: Queueing buffer 1
[0:02:33.719259059] [3565] DEBUG V4L2 v4l2_videodevice.cpp:1855 /dev/video1[200:cap]: Dequeuing buffer 2
[0:02:33.719621654] [3568] DEBUG V4L2Compat v4l2_camera_proxy.cpp:691 [/dev/video1 (fd:205)] vidioc_dqbuf()
[0:02:33.729335685] [3568] DEBUG V4L2Compat v4l2_camera_proxy.cpp:659 [/dev/video1 (fd:205)] vidioc_qbuf(index=2)
[0:02:33.729920710] [3565] DEBUG V4L2 v4l2_videodevice.cpp:1783 /dev/video1[200:cap]: Queueing buffer 2
[0:02:33.752600914] [3565] DEBUG V4L2 v4l2_videodevice.cpp:1855 /dev/video1[200:cap]: Dequeuing buffer 3
[0:02:33.753174789] [3568] DEBUG V4L2Compat v4l2_camera_proxy.cpp:691 [/dev/video1 (fd:205)] vidioc_dqbuf()
[0:02:33.762203042] [3568] DEBUG V4L2Compat v4l2_camera_proxy.cpp:659 [/dev/video1 (fd:205)] vidioc_qbuf(index=3)
[0:02:33.762889444] [3565] DEBUG V4L2 v4l2_videodevice.cpp:1783 /dev/video1[200:cap]: Queueing buffer 3
[0:02:33.785843680] [3565] DEBUG V4L2 v4l2_videodevice.cpp:1855 /dev/video1[200:cap]: Dequeuing buffer 0
[0:02:33.786682798] [3568] DEBUG V4L2Compat v4l2_camera_proxy.cpp:691 [/dev/video1 (fd:205)] vidioc_dqbuf()
[0:02:33.796622645] [3568] DEBUG V4L2Compat v4l2_camera_proxy.cpp:659 [/dev/video1 (fd:205)] vidioc_qbuf(index=0)
[0:02:33.797315148] [3565] DEBUG V4L2 v4l2_videodevice.cpp:1783 /dev/video1[200:cap]: Queueing buffer 0
[0:02:33.819157172] [3565] DEBUG V4L2 v4l2_videodevice.cpp:1855 /dev/video1[200:cap]: Dequeuing buffer 1
[0:02:33.820110030] [3568] DEBUG V4L2Compat v4l2_camera_proxy.cpp:691 [/dev/video1 (fd:205)] vidioc_dqbuf()
[0:02:33.830284332] [3568] DEBUG V4L2Compat v4l2_camera_proxy.cpp:659 [/dev/video1 (fd:205)] vidioc_qbuf(index=1)
[0:02:33.830992360] [3565] DEBUG V4L2 v4l2_videodevice.cpp:1783 /dev/video1[200:cap]: Queueing buffer 1
[0:02:33.852378925] [3565] DEBUG V4L2 v4l2_videodevice.cpp:1855 /dev/video1[200:cap]: Dequeuing buffer 2
[0:02:33.853363170] [3568] DEBUG V4L2Compat v4l2_camera_proxy.cpp:691 [/dev/video1 (fd:205)] vidioc_dqbuf()
[0:02:33.864435729] [3568] DEBUG V4L2Compat v4l2_camera_proxy.cpp:659 [/dev/video1 (fd:205)] vidioc_qbuf(index=2)
[0:02:33.865446388] [3565] DEBUG V4L2 v4l2_videodevice.cpp:1783 /dev/video1[200:cap]: Queueing buffer 2
[0:02:33.885417061] [3565] DEBUG V4L2 v4l2_videodevice.cpp:1855 /dev/video1[200:cap]: Dequeuing buffer 3
[0:02:33.886024349] [3568] DEBUG V4L2Compat v4l2_camera_proxy.cpp:691 [/dev/video1 (fd:205)] vidioc_dqbuf()
[0:02:33.896837377] [3568] DEBUG V4L2Compat v4l2_camera_proxy.cpp:659 [/dev/video1 (fd:205)] vidioc_qbuf(index=3)
[0:02:33.900742060] [3565] DEBUG V4L2 v4l2_videodevice.cpp:1783 /dev/video1[200:cap]: Queueing buffer 3
[0:02:33.918717990] [3565] DEBUG V4L2 v4l2_videodevice.cpp:1855 /dev/video1[200:cap]: Dequeuing buffer 0
[0:02:33.919307740] [3568] DEBUG V4L2Compat v4l2_camera_proxy.cpp:691 [/dev/video1 (fd:205)] vidioc_dqbuf()
[0:02:33.925509321] [3568] DEBUG V4L2Compat v4l2_camera_proxy.cpp:659 [/dev/video1 (fd:205)] vidioc_qbuf(index=0)
[0:02:33.926461779] [3565] DEBUG V4L2 v4l2_videodevice.cpp:1783 /dev/video1[200:cap]: Queueing buffer 0
[0:02:33.951937755] [3565] DEBUG V4L2 v4l2_videodevice.cpp:1855 /dev/video1[200:cap]: Dequeuing buffer 1
[0:02:33.954691876] [3568] DEBUG V4L2Compat v4l2_camera_proxy.cpp:691 [/dev/video1 (fd:205)] vidioc_dqbuf()
[0:02:33.966793682] [3568] DEBUG V4L2Compat v4l2_camera_proxy.cpp:659 [/dev/video1 (fd:205)] vidioc_qbuf(index=1)
[0:02:33.969457275] [3565] DEBUG V4L2 v4l2_videodevice.cpp:1783 /dev/video1[200:cap]: Queueing buffer 1
[0:02:33.985315598] [3565] DEBUG V4L2 v4l2_videodevice.cpp:1855 /dev/video1[200:cap]: Dequeuing buffer 2
[0:02:33.986444985] [3568] DEBUG V4L2Compat v4l2_camera_proxy.cpp:691 [/dev/video1 (fd:205)] vidioc_dqbuf()
[0:02:33.999811980] [3568] DEBUG V4L2Compat v4l2_camera_proxy.cpp:659 [/dev/video1 (fd:205)] vidioc_qbuf(index=2)
[0:02:34.001062631] [3565] DEBUG V4L2 v4l2_videodevice.cpp:1783 /dev/video1[200:cap]: Queueing buffer 2
[0:02:34.018284683] [3565] DEBUG V4L2 v4l2_videodevice.cpp:1855 /dev/video1[200:cap]: Dequeuing buffer 3
[0:02:34.018724655] [3568] DEBUG V4L2Compat v4l2_camera_proxy.cpp:691 [/dev/video1 (fd:205)] vidioc_dqbuf()
[0:02:34.026775425] [3568] DEBUG V4L2Compat v4l2_camera_proxy.cpp:659 [/dev/video1 (fd:205)] vidioc_qbuf(index=3)
[0:02:34.027707270] [3565] DEBUG V4L2 v4l2_videodevice.cpp:1783 /dev/video1[200:cap]: Queueing buffer 3
[0:02:34.051610375] [3565] DEBUG V4L2 v4l2_videodevice.cpp:1855 /dev/video1[200:cap]: Dequeuing buffer 0
[0:02:34.052229663] [3568] DEBUG V4L2Compat v4l2_camera_proxy.cpp:691 [/dev/video1 (fd:205)] vidioc_dqbuf()
[0:02:34.063625229] [3568] DEBUG V4L2Compat v4l2_camera_proxy.cpp:659 [/dev/video1 (fd:205)] vidioc_qbuf(index=0)
[0:02:34.064630438] [3565] DEBUG V4L2 v4l2_videodevice.cpp:1783 /dev/video1[200:cap]: Queueing buffer 0
[0:02:34.084745526] [3565] DEBUG V4L2 v4l2_videodevice.cpp:1855 /dev/video1[200:cap]: Dequeuing buffer 1
[0:02:34.085117159] [3568] DEBUG V4L2Compat v4l2_camera_proxy.cpp:691 [/dev/video1 (fd:205)] vidioc_dqbuf()
[0:02:34.091681985] [3568] DEBUG V4L2Compat v4l2_camera_proxy.cpp:659 [/dev/video1 (fd:205)] vidioc_qbuf(index=1)
[0:02:34.092431664] [3565] DEBUG V4L2 v4l2_videodevice.cpp:1783 /dev/video1[200:cap]: Queueing buffer 1
[0:02:34.118061868] [3565] DEBUG V4L2 v4l2_videodevice.cpp:1855 /dev/video1[200:cap]: Dequeuing buffer 2
[0:02:34.118429738] [3568] DEBUG V4L2Compat v4l2_camera_proxy.cpp:691 [/dev/video1 (fd:205)] vidioc_dqbuf()
[0:02:34.130188512] [3568] DEBUG V4L2Compat v4l2_camera_proxy.cpp:659 [/dev/video1 (fd:205)] vidioc_qbuf(index=2)
[0:02:34.130890302] [3565] DEBUG V4L2 v4l2_videodevice.cpp:1783 /dev/video1[200:cap]: Queueing buffer 2
[0:02:34.151204507] [3565] DEBUG V4L2 v4l2_videodevice.cpp:1855 /dev/video1[200:cap]: Dequeuing buffer 3
[0:02:34.151560252] [3568] DEBUG V4L2Compat v4l2_camera_proxy.cpp:691 [/dev/video1 (fd:205)] vidioc_dqbuf()
[0:02:34.165552885] [3568] DEBUG V4L2Compat v4l2_camera_proxy.cpp:659 [/dev/video1 (fd:205)] vidioc_qbuf(index=3)
[0:02:34.166684359] [3565] DEBUG V4L2 v4l2_videodevice.cpp:1783 /dev/video1[200:cap]: Queueing buffer 3
[0:02:34.184364633] [3565] DEBUG V4L2 v4l2_videodevice.cpp:1855 /dev/video1[200:cap]: Dequeuing buffer 0
[0:02:34.185086148] [3568] DEBUG V4L2Compat v4l2_camera_proxy.cpp:691 [/dev/video1 (fd:205)] vidioc_dqbuf()
[0:02:34.193187832] [3568] DEBUG V4L2Compat v4l2_camera_proxy.cpp:659 [/dev/video1 (fd:205)] vidioc_qbuf(index=0)
[0:02:34.193954173] [3565] DEBUG V4L2 v4l2_videodevice.cpp:1783 /dev/video1[200:cap]: Queueing buffer 0
[0:02:34.217500484] [3565] DEBUG V4L2 v4l2_videodevice.cpp:1855 /dev/video1[200:cap]: Dequeuing buffer 1
[0:02:34.218443904] [3568] DEBUG V4L2Compat v4l2_camera_proxy.cpp:691 [/dev/video1 (fd:205)] vidioc_dqbuf()
[0:02:34.229862557] [3568] DEBUG V4L2Compat v4l2_camera_proxy.cpp:659 [/dev/video1 (fd:205)] vidioc_qbuf(index=1)
[0:02:34.230617573] [3565] DEBUG V4L2 v4l2_videodevice.cpp:1783 /dev/video1[200:cap]: Queueing buffer 1
[0:02:34.250575921] [3565] DEBUG V4L2 v4l2_videodevice.cpp:1855 /dev/video1[200:cap]: Dequeuing buffer 2
[0:02:34.251033305] [3568] DEBUG V4L2Compat v4l2_camera_proxy.cpp:691 [/dev/video1 (fd:205)] vidioc_dqbuf()
[0:02:34.257167772] [3568] DEBUG V4L2Compat v4l2_camera_proxy.cpp:659 [/dev/video1 (fd:205)] vidioc_qbuf(index=2)
[0:02:34.257857037] [3565] DEBUG V4L2 v4l2_videodevice.cpp:1783 /dev/video1[200:cap]: Queueing buffer 2
[0:02:34.283841549] [3565] DEBUG V4L2 v4l2_videodevice.cpp:1855 /dev/video1[200:cap]: Dequeuing buffer 3
[0:02:34.284434812] [3568] DEBUG V4L2Compat v4l2_camera_proxy.cpp:691 [/dev/video1 (fd:205)] vidioc_dqbuf()
[0:02:34.296610507] [3568] DEBUG V4L2Compat v4l2_camera_proxy.cpp:659 [/dev/video1 (fd:205)] vidioc_qbuf(index=3)
[0:02:34.297494850] [3565] DEBUG V4L2 v4l2_videodevice.cpp:1783 /dev/video1[200:cap]: Queueing buffer 3
[0:02:34.317285594] [3565] DEBUG V4L2 v4l2_videodevice.cpp:1855 /dev/video1[200:cap]: Dequeuing buffer 0
[0:02:34.318084648] [3568] DEBUG V4L2Compat v4l2_camera_proxy.cpp:691 [/dev/video1 (fd:205)] vidioc_dqbuf()
[0:02:34.329706356] [3568] DEBUG V4L2Compat v4l2_camera_proxy.cpp:659 [/dev/video1 (fd:205)] vidioc_qbuf(index=0)
[0:02:34.330807492] [3565] DEBUG V4L2 v4l2_videodevice.cpp:1783 /dev/video1[200:cap]: Queueing buffer 0
[0:02:34.350470046] [3565] DEBUG V4L2 v4l2_videodevice.cpp:1855 /dev/video1[200:cap]: Dequeuing buffer 1
[0:02:34.351046745] [3568] DEBUG V4L2Compat v4l2_camera_proxy.cpp:691 [/dev/video1 (fd:205)] vidioc_dqbuf()
[0:02:34.361262986] [3568] DEBUG V4L2Compat v4l2_camera_proxy.cpp:659 [/dev/video1 (fd:205)] vidioc_qbuf(index=1)
[0:02:34.362356972] [3565] DEBUG V4L2 v4l2_videodevice.cpp:1783 /dev/video1[200:cap]: Queueing buffer 1
[0:02:34.383715861] [3565] DEBUG V4L2 v4l2_videodevice.cpp:1855 /dev/video1[200:cap]: Dequeuing buffer 2
[0:02:34.384548754] [3568] DEBUG V4L2Compat v4l2_camera_proxy.cpp:691 [/dev/video1 (fd:205)] vidioc_dqbuf()
[0:02:34.394459926] [3568] DEBUG V4L2Compat v4l2_camera_proxy.cpp:659 [/dev/video1 (fd:205)] vidioc_qbuf(index=2)
[0:02:34.395198842] [3565] DEBUG V4L2 v4l2_videodevice.cpp:1783 /dev/video1[200:cap]: Queueing buffer 2
[0:02:34.416719847] [3565] DEBUG V4L2 v4l2_videodevice.cpp:1855 /dev/video1[200:cap]: Dequeuing buffer 3
[0:02:34.417291259] [3568] DEBUG V4L2Compat v4l2_camera_proxy.cpp:691 [/dev/video1 (fd:205)] vidioc_dqbuf()
[0:02:34.427301258] [3568] DEBUG V4L2Compat v4l2_camera_proxy.cpp:659 [/dev/video1 (fd:205)] vidioc_qbuf(index=3)
[0:02:34.427907958] [3565] DEBUG V4L2 v4l2_videodevice.cpp:1783 /dev/video1[200:cap]: Queueing buffer 3
[0:02:34.449961825] [3565] DEBUG V4L2 v4l2_videodevice.cpp:1855 /dev/video1[200:cap]: Dequeuing buffer 0
[0:02:34.452418864] [3568] DEBUG V4L2Compat v4l2_camera_proxy.cpp:691 [/dev/video1 (fd:205)] vidioc_dqbuf()
[0:02:34.463178454] [3568] DEBUG V4L2Compat v4l2_camera_proxy.cpp:659 [/dev/video1 (fd:205)] vidioc_qbuf(index=0)
[0:02:34.463811055] [3565] DEBUG V4L2 v4l2_videodevice.cpp:1783 /dev/video1[200:cap]: Queueing buffer 0
[0:02:34.483240653] [3565] DEBUG V4L2 v4l2_videodevice.cpp:1855 /dev/video1[200:cap]: Dequeuing buffer 1
[0:02:34.483768989] [3568] DEBUG V4L2Compat v4l2_camera_proxy.cpp:691 [/dev/video1 (fd:205)] vidioc_dqbuf()
[0:02:34.497952377] [3568] DEBUG V4L2Compat v4l2_camera_proxy.cpp:659 [/dev/video1 (fd:205)] vidioc_qbuf(index=1)
[0:02:34.498838521] [3565] DEBUG V4L2 v4l2_videodevice.cpp:1783 /dev/video1[200:cap]: Queueing buffer 1
[0:02:34.516524920] [3565] DEBUG V4L2 v4l2_videodevice.cpp:1855 /dev/video1[200:cap]: Dequeuing buffer 2
[0:02:34.517566492] [3568] DEBUG V4L2Compat v4l2_camera_proxy.cpp:691 [/dev/video1 (fd:205)] vidioc_dqbuf()
[0:02:34.531548750] [3568] DEBUG V4L2Compat v4l2_camera_proxy.cpp:659 [/dev/video1 (fd:205)] vidioc_qbuf(index=2)
[0:02:34.532289941] [3565] DEBUG V4L2 v4l2_videodevice.cpp:1783 /dev/video1[200:cap]: Queueing buffer 2
[0:02:34.549748310] [3565] DEBUG V4L2 v4l2_videodevice.cpp:1855 /dev/video1[200:cap]: Dequeuing buffer 3
[0:02:34.550723405] [3568] DEBUG V4L2Compat v4l2_camera_proxy.cpp:691 [/dev/video1 (fd:205)] vidioc_dqbuf()
[0:02:34.566653680] [3568] DEBUG V4L2Compat v4l2_camera_proxy.cpp:659 [/dev/video1 (fd:205)] vidioc_qbuf(index=3)
[0:02:34.567650263] [3565] DEBUG V4L2 v4l2_videodevice.cpp:1783 /dev/video1[200:cap]: Queueing buffer 3
[0:02:34.582958712] [3565] DEBUG V4L2 v4l2_videodevice.cpp:1855 /dev/video1[200:cap]: Dequeuing buffer 0
[0:02:34.583752916] [3568] DEBUG V4L2Compat v4l2_camera_proxy.cpp:691 [/dev/video1 (fd:205)] vidioc_dqbuf()
[0:02:34.584066198] [3568] DEBUG V4L2Compat v4l2_camera_proxy.cpp:691 [/dev/video1 (fd:205)] vidioc_dqbuf()
[0:02:34.584267815] [3568] DEBUG V4L2Compat v4l2_camera_proxy.cpp:691 [/dev/video1 (fd:205)] vidioc_dqbuf()
[0:02:34.584518895] [3568] DEBUG V4L2Compat v4l2_camera_proxy.cpp:691 [/dev/video1 (fd:205)] vidioc_dqbuf()
[0:02:34.584703149] [3568] DEBUG V4L2Compat v4l2_camera_proxy.cpp:691 [/dev/video1 (fd:205)] vidioc_dqbuf()
[0:02:34.584887553] [3568] DEBUG V4L2Compat v4l2_camera_proxy.cpp:691 [/dev/video1 (fd:205)] vidioc_dqbuf()
[0:02:34.585139821] [3568] DEBUG V4L2Compat v4l2_camera_proxy.cpp:691 [/dev/video1 (fd:205)] vidioc_dqbuf()
[0:02:34.585311574] [3568] DEBUG V4L2Compat v4l2_camera_proxy.cpp:691 [/dev/video1 (fd:205)] vidioc_dqbuf()
[0:02:34.585470328] [3568] DEBUG V4L2Compat v4l2_camera_proxy.cpp:691 [/dev/video1 (fd:205)] vidioc_dqbuf()
[0:02:34.585629031] [3568] DEBUG V4L2Compat v4l2_camera_proxy.cpp:691 [/dev/video1 (fd:205)] vidioc_dqbuf()
[0:02:34.585785322] [3568] DEBUG V4L2Compat v4l2_camera_proxy.cpp:691 [/dev/video1 (fd:205)] vidioc_dqbuf()
[0:02:34.585944700] [3568] DEBUG V4L2Compat v4l2_camera_proxy.cpp:691 [/dev/video1 (fd:205)] vidioc_dqbuf()
[0:02:34.602134830] [3568] DEBUG V4L2Compat v4l2_camera_proxy.cpp:659 [/dev/video1 (fd:205)] vidioc_qbuf(index=0)
[0:02:34.604421229] [3565] DEBUG V4L2 v4l2_videodevice.cpp:1783 /dev/video1[200:cap]: Queueing buffer 0
[0:02:34.616383044] [3565] DEBUG V4L2 v4l2_videodevice.cpp:1855 /dev/video1[200:cap]: Dequeuing buffer 1
[0:02:34.617378903] [3568] DEBUG V4L2Compat v4l2_camera_proxy.cpp:691 [/dev/video1 (fd:205)] vidioc_dqbuf()
[0:02:34.636800976] [3568] DEBUG V4L2Compat v4l2_camera_proxy.cpp:659 [/dev/video1 (fd:205)] vidioc_qbuf(index=1)
[0:02:34.638263332] [3565] DEBUG V4L2 v4l2_videodevice.cpp:1783 /dev/video1[200:cap]: Queueing buffer 1
[0:02:34.649238426] [3565] DEBUG V4L2 v4l2_videodevice.cpp:1855 /dev/video1[200:cap]: Dequeuing buffer 2
[0:02:34.649660473] [3568] DEBUG V4L2Compat v4l2_camera_proxy.cpp:691 [/dev/video1 (fd:205)] vidioc_dqbuf()
[0:02:34.658289468] [3568] DEBUG V4L2Compat v4l2_camera_proxy.cpp:659 [/dev/video1 (fd:205)] vidioc_qbuf(index=2)
[0:02:34.658944144] [3565] DEBUG V4L2 v4l2_videodevice.cpp:1783 /dev/video1[200:cap]: Queueing buffer 2
[0:02:34.682548468] [3565] DEBUG V4L2 v4l2_videodevice.cpp:1855 /dev/video1[200:cap]: Dequeuing buffer 3
[0:02:34.683231508] [3568] DEBUG V4L2Compat v4l2_camera_proxy.cpp:691 [/dev/video1 (fd:205)] vidioc_dqbuf()
[0:02:34.697278755] [3568] DEBUG V4L2Compat v4l2_camera_proxy.cpp:659 [/dev/video1 (fd:205)] vidioc_qbuf(index=3)
[0:02:34.698134848] [3565] DEBUG V4L2 v4l2_videodevice.cpp:1783 /dev/video1[200:cap]: Queueing buffer 3
[0:02:34.715767671] [3565] DEBUG V4L2 v4l2_videodevice.cpp:1855 /dev/video1[200:cap]: Dequeuing buffer 0
[0:02:34.716495436] [3568] DEBUG V4L2Compat v4l2_camera_proxy.cpp:691 [/dev/video1 (fd:205)] vidioc_dqbuf()
[0:02:34.729889682] [3568] DEBUG V4L2Compat v4l2_camera_proxy.cpp:659 [/dev/video1 (fd:205)] vidioc_qbuf(index=0)
[0:02:34.732068878] [3565] DEBUG V4L2 v4l2_videodevice.cpp:1783 /dev/video1[200:cap]: Queueing buffer 0
[0:02:34.748943010] [3565] DEBUG V4L2 v4l2_videodevice.cpp:1855 /dev/video1[200:cap]: Dequeuing buffer 1
[0:02:34.749706438] [3568] DEBUG V4L2Compat v4l2_camera_proxy.cpp:691 [/dev/video1 (fd:205)] vidioc_dqbuf()
[0:02:34.768861531] [3568] DEBUG V4L2Compat v4l2_camera_proxy.cpp:659 [/dev/video1 (fd:205)] vidioc_qbuf(index=1)
[0:02:34.773491241] [3565] DEBUG V4L2 v4l2_videodevice.cpp:1783 /dev/video1[200:cap]: Queueing buffer 1
[0:02:34.782562158] [3565] DEBUG V4L2 v4l2_videodevice.cpp:1855 /dev/video1[200:cap]: Dequeuing buffer 2
[0:02:34.783657931] [3568] DEBUG V4L2Compat v4l2_camera_proxy.cpp:691 [/dev/video1 (fd:205)] vidioc_dqbuf()
[0:02:34.783855211] [3568] DEBUG V4L2Compat v4l2_camera_proxy.cpp:691 [/dev/video1 (fd:205)] vidioc_dqbuf()
[0:02:34.783952638] [3568] DEBUG V4L2Compat v4l2_camera_proxy.cpp:691 [/dev/video1 (fd:205)] vidioc_dqbuf()
[0:02:34.784131954] [3568] DEBUG V4L2Compat v4l2_camera_proxy.cpp:691 [/dev/video1 (fd:205)] vidioc_dqbuf()
[0:02:34.784254007] [3568] DEBUG V4L2Compat v4l2_camera_proxy.cpp:691 [/dev/video1 (fd:205)] vidioc_dqbuf()
[0:02:34.784367084] [3568] DEBUG V4L2Compat v4l2_camera_proxy.cpp:691 [/dev/video1 (fd:205)] vidioc_dqbuf()
[0:02:34.784517437] [3568] DEBUG V4L2Compat v4l2_camera_proxy.cpp:691 [/dev/video1 (fd:205)] vidioc_dqbuf()
[0:02:34.784610552] [3568] DEBUG V4L2Compat v4l2_camera_proxy.cpp:691 [/dev/video1 (fd:205)] vidioc_dqbuf()
[0:02:34.784728004] [3568] DEBUG V4L2Compat v4l2_camera_proxy.cpp:691 [/dev/video1 (fd:205)] vidioc_dqbuf()
[0:02:34.784813268] [3568] DEBUG V4L2Compat v4l2_camera_proxy.cpp:691 [/dev/video1 (fd:205)] vidioc_dqbuf()
[0:02:34.784935108] [3568] DEBUG V4L2Compat v4l2_camera_proxy.cpp:691 [/dev/video1 (fd:205)] vidioc_dqbuf()
[0:02:34.802972440] [3568] DEBUG V4L2Compat v4l2_camera_proxy.cpp:659 [/dev/video1 (fd:205)] vidioc_qbuf(index=2)
[0:02:34.804333981] [3565] DEBUG V4L2 v4l2_videodevice.cpp:1783 /dev/video1[200:cap]: Queueing buffer 2
[0:02:34.815481329] [3565] DEBUG V4L2 v4l2_videodevice.cpp:1855 /dev/video1[200:cap]: Dequeuing buffer 3
[0:02:34.817591437] [3568] DEBUG V4L2Compat v4l2_camera_proxy.cpp:691 [/dev/video1 (fd:205)] vidioc_dqbuf()
[0:02:34.824684674] [3568] DEBUG V4L2Compat v4l2_camera_proxy.cpp:659 [/dev/video1 (fd:205)] vidioc_qbuf(index=3)
[0:02:34.826123230] [3565] DEBUG V4L2 v4l2_videodevice.cpp:1783 /dev/video1[200:cap]: Queueing buffer 3
[0:02:34.848557879] [3565] DEBUG V4L2 v4l2_videodevice.cpp:1855 /dev/video1[200:cap]: Dequeuing buffer 0
[0:02:34.849174342] [3568] DEBUG V4L2Compat v4l2_camera_proxy.cpp:691 [/dev/video1 (fd:205)] vidioc_dqbuf()
[0:02:34.862280157] [3568] DEBUG V4L2Compat v4l2_camera_proxy.cpp:659 [/dev/video1 (fd:205)] vidioc_qbuf(index=0)
[0:02:34.863156338] [3565] DEBUG V4L2 v4l2_videodevice.cpp:1783 /dev/video1[200:cap]: Queueing buffer 0
[0:02:34.881764794] [3565] DEBUG V4L2 v4l2_videodevice.cpp:1855 /dev/video1[200:cap]: Dequeuing buffer 1
[0:02:34.882287705] [3568] DEBUG V4L2Compat v4l2_camera_proxy.cpp:691 [/dev/video1 (fd:205)] vidioc_dqbuf()
[0:02:34.882439483] [3568] DEBUG V4L2Compat v4l2_camera_proxy.cpp:691 [/dev/video1 (fd:205)] vidioc_dqbuf()
[0:02:34.882515485] [3568] DEBUG V4L2Compat v4l2_camera_proxy.cpp:691 [/dev/video1 (fd:205)] vidioc_dqbuf()
[0:02:34.882580773] [3568] DEBUG V4L2Compat v4l2_camera_proxy.cpp:691 [/dev/video1 (fd:205)] vidioc_dqbuf()
[0:02:34.882643525] [3568] DEBUG V4L2Compat v4l2_camera_proxy.cpp:691 [/dev/video1 (fd:205)] vidioc_dqbuf()
[0:02:34.882709026] [3568] DEBUG V4L2Compat v4l2_camera_proxy.cpp:691 [/dev/video1 (fd:205)] vidioc_dqbuf()
[0:02:34.882788515] [3568] DEBUG V4L2Compat v4l2_camera_proxy.cpp:691 [/dev/video1 (fd:205)] vidioc_dqbuf()
[0:02:34.882861217] [3568] DEBUG V4L2Compat v4l2_camera_proxy.cpp:691 [/dev/video1 (fd:205)] vidioc_dqbuf()
[0:02:34.882971869] [3568] DEBUG V4L2Compat v4l2_camera_proxy.cpp:691 [/dev/video1 (fd:205)] vidioc_dqbuf()
[0:02:34.883095134] [3568] DEBUG V4L2Compat v4l2_camera_proxy.cpp:691 [/dev/video1 (fd:205)] vidioc_dqbuf()
[0:02:34.883161811] [3568] DEBUG V4L2Compat v4l2_camera_proxy.cpp:691 [/dev/video1 (fd:205)] vidioc_dqbuf()
[0:02:34.883229950] [3568] DEBUG V4L2Compat v4l2_camera_proxy.cpp:691 [/dev/video1 (fd:205)] vidioc_dqbuf()
[0:02:34.883294564] [3568] DEBUG V4L2Compat v4l2_camera_proxy.cpp:691 [/dev/video1 (fd:205)] vidioc_dqbuf()
[0:02:34.883375265] [3568] DEBUG V4L2Compat v4l2_camera_proxy.cpp:691 [/dev/video1 (fd:205)] vidioc_dqbuf()
[0:02:34.883438829] [3568] DEBUG V4L2Compat v4l2_camera_proxy.cpp:691 [/dev/video1 (fd:205)] vidioc_dqbuf()
[0:02:34.883501343] [3568] DEBUG V4L2Compat v4l2_camera_proxy.cpp:691 [/dev/video1 (fd:205)] vidioc_dqbuf()
[0:02:34.883576757] [3568] DEBUG V4L2Compat v4l2_camera_proxy.cpp:691 [/dev/video1 (fd:205)] vidioc_dqbuf()
[0:02:34.883641058] [3568] DEBUG V4L2Compat v4l2_camera_proxy.cpp:691 [/dev/video1 (fd:205)] vidioc_dqbuf()
[0:02:34.883705072] [3568] DEBUG V4L2Compat v4l2_camera_proxy.cpp:691 [/dev/video1 (fd:205)] vidioc_dqbuf()
[0:02:34.883781974] [3568] DEBUG V4L2Compat v4l2_camera_proxy.cpp:691 [/dev/video1 (fd:205)] vidioc_dqbuf()
[0:02:34.883851463] [3568] DEBUG V4L2Compat v4l2_camera_proxy.cpp:691 [/dev/video1 (fd:205)] vidioc_dqbuf()
[0:02:34.883925339] [3568] DEBUG V4L2Compat v4l2_camera_proxy.cpp:691 [/dev/video1 (fd:205)] vidioc_dqbuf()
[0:02:34.898990020] [3568] DEBUG V4L2Compat v4l2_camera_proxy.cpp:659 [/dev/video1 (fd:205)] vidioc_qbuf(index=1)
[0:02:34.902737287] [3565] DEBUG V4L2 v4l2_videodevice.cpp:1783 /dev/video1[200:cap]: Queueing buffer 1
[0:02:34.918264803] [3565] DEBUG V4L2 v4l2_videodevice.cpp:1855 /dev/video1[200:cap]: Dequeuing buffer 2
[0:02:34.921190415] [3568] DEBUG V4L2Compat v4l2_camera_proxy.cpp:691 [/dev/video1 (fd:205)] vidioc_dqbuf()
[0:02:34.948283100] [3565] DEBUG V4L2 v4l2_videodevice.cpp:1855 /dev/video1[200:cap]: Dequeuing buffer 3
[0:02:34.977118398] [3568] DEBUG V4L2Compat v4l2_camera_proxy.cpp:659 [/dev/video1 (fd:205)] vidioc_qbuf(index=2)
[0:02:34.978070455] [3565] DEBUG V4L2 v4l2_videodevice.cpp:1783 /dev/video1[200:cap]: Queueing buffer 2
[0:02:34.982812668] [3568] DEBUG V4L2Compat v4l2_camera_proxy.cpp:164 [/dev/video1 (fd:205)] munmap()
[0:02:34.983262965] [3568] DEBUG V4L2Compat v4l2_camera_proxy.cpp:164 [/dev/video1 (fd:205)] munmap()
[0:02:34.983509833] [3568] DEBUG V4L2Compat v4l2_camera_proxy.cpp:164 [/dev/video1 (fd:205)] munmap()
[0:02:34.983749200] [3568] DEBUG V4L2Compat v4l2_camera_proxy.cpp:164 [/dev/video1 (fd:205)] munmap()
[0:02:34.983982693] [3568] DEBUG V4L2Compat v4l2_camera_proxy.cpp:793 [/dev/video1 (fd:205)] vidioc_streamoff()
[0:02:34.989562686] [3565] DEBUG V4L2 v4l2_videodevice.cpp:1855 /dev/video1[200:cap]: Dequeuing buffer 0
[0:02:35.073639951] [3565] DEBUG V4L2 v4l2_videodevice.cpp:1621 /dev/video1[200:cap]: Releasing buffers
[0:02:35.074805976] [3565] DEBUG V4L2 v4l2_videodevice.cpp:1336 /dev/video1[200:cap]: 0 buffers requested.
[0:02:35.077174001] [3568] DEBUG V4L2Compat v4l2_camera_proxy.cpp:101 [/dev/video1 (fd:205)] close()
